request_id,timestamp,proba_default,prediction,true_label
REQ-00216,2026-03-02 00:00:00,0.2446,0,0
REQ-01054,2026-03-02 00:00:00,0.0664,0,0
REQ-01360,2026-03-02 01:00:00,0.2319,0,0
REQ-00857,2026-03-02 03:00:00,0.6625,1,0
REQ-00897,2026-03-02 03:00:00,0.362,0,0
REQ-01912,2026-03-02 04:00:00,0.3667,0,0
REQ-02629,2026-03-02 04:00:00,0.7379,1,0
REQ-01641,2026-03-02 05:00:00,0.4387,0,0
REQ-02001,2026-03-02 05:00:00,0.7584,1,1
REQ-02627,2026-03-02 06:00:00,0.4132,0,0
REQ-01021,2026-03-02 07:00:00,0.5923,1,0
REQ-01517,2026-03-02 09:00:00,0.6546,1,0
REQ-02645,2026-03-02 09:00:00,0.5893,1,0
REQ-01455,2026-03-02 11:00:00,0.2335,0,0
REQ-01398,2026-03-02 11:00:00,0.2694,0,0
REQ-01623,2026-03-02 13:00:00,0.2764,0,0
REQ-02590,2026-03-02 13:00:00,0.346,0,0
REQ-00886,2026-03-02 13:00:00,0.201,0,0
REQ-02763,2026-03-02 15:00:00,0.5007,1,0
REQ-01293,2026-03-02 15:00:00,0.4944,0,1
REQ-01299,2026-03-02 15:00:00,0.3595,0,1
REQ-02478,2026-03-02 15:00:00,0.6003,1,0
REQ-01069,2026-03-02 16:00:00,0.1493,0,0
REQ-01762,2026-03-02 16:00:00,0.0822,0,0
REQ-02727,2026-03-02 17:00:00,0.4972,0,0
REQ-00149,2026-03-02 18:00:00,0.5231,1,0
REQ-01768,2026-03-02 19:00:00,0.3446,0,0
REQ-01410,2026-03-02 20:00:00,0.4325,0,0
REQ-00820,2026-03-02 21:00:00,0.5371,1,0
REQ-01531,2026-03-02 21:00:00,0.4267,0,0
REQ-02779,2026-03-02 21:00:00,0.3412,0,0
REQ-01020,2026-03-02 22:00:00,0.334,0,0
REQ-01025,2026-03-02 23:00:00,0.5921,1,0
REQ-00888,2026-03-02 23:00:00,0.7713,1,1
REQ-00068,2026-03-03 01:00:00,0.731,1,1
REQ-00829,2026-03-03 01:00:00,0.5289,1,1
REQ-00706,2026-03-03 02:00:00,0.3989,0,0
REQ-02880,2026-03-03 02:00:00,0.4297,0,1
REQ-01681,2026-03-03 04:00:00,0.56,1,0
REQ-00561,2026-03-03 04:00:00,0.3592,0,0
REQ-02887,2026-03-03 04:00:00,0.6468,1,0
REQ-00786,2026-03-03 05:00:00,0.3981,0,0
REQ-02617,2026-03-03 06:00:00,0.1084,0,1
REQ-02328,2026-03-03 06:00:00,0.5724,1,0
REQ-00044,2026-03-03 07:00:00,0.5687,1,0
REQ-01982,2026-03-03 07:00:00,0.2896,0,0
REQ-01018,2026-03-03 07:00:00,0.223,0,0
REQ-01870,2026-03-03 08:00:00,0.099,0,0
REQ-01026,2026-03-03 11:00:00,0.2734,0,0
REQ-01995,2026-03-03 11:00:00,0.2555,0,0
REQ-00327,2026-03-03 11:00:00,0.5941,1,0
REQ-02751,2026-03-03 12:00:00,0.6277,1,0
REQ-02771,2026-03-03 13:00:00,0.2375,0,0
REQ-02883,2026-03-03 13:00:00,0.3325,0,1
REQ-00810,2026-03-03 14:00:00,0.4123,0,0
REQ-01833,2026-03-03 15:00:00,0.4145,0,0
REQ-02971,2026-03-03 16:00:00,0.5636,1,0
REQ-01239,2026-03-03 16:00:00,0.3477,0,0
REQ-01487,2026-03-03 18:00:00,0.5073,1,0
REQ-01451,2026-03-03 18:00:00,0.3976,0,0
REQ-01408,2026-03-03 19:00:00,0.5243,1,0
REQ-01948,2026-03-03 20:00:00,0.5543,1,0
REQ-02710,2026-03-03 21:00:00,0.5872,1,0
REQ-02963,2026-03-03 22:00:00,0.3194,0,0
REQ-00698,2026-03-04 00:00:00,0.089,0,0
REQ-01481,2026-03-04 01:00:00,0.4649,0,0
REQ-01589,2026-03-04 02:00:00,0.3103,0,0
REQ-00843,2026-03-04 02:00:00,0.5683,1,0
REQ-01587,2026-03-04 03:00:00,0.7509,1,1
REQ-00583,2026-03-04 03:00:00,0.4582,0,0
REQ-00898,2026-03-04 03:00:00,0.4662,0,0
REQ-02704,2026-03-04 04:00:00,0.5584,1,0
REQ-00789,2026-03-04 05:00:00,0.3401,0,0
REQ-01109,2026-03-04 06:00:00,0.3395,0,0
REQ-01743,2026-03-04 06:00:00,0.3087,0,0
REQ-01652,2026-03-04 07:00:00,0.5145,1,1
REQ-00573,2026-03-04 07:00:00,0.5928,1,1
REQ-00658,2026-03-04 08:00:00,0.3639,0,1
REQ-01888,2026-03-04 08:00:00,0.5422,1,1
REQ-01782,2026-03-04 09:00:00,0.2978,0,1
REQ-00453,2026-03-04 10:00:00,0.3981,0,0
REQ-01738,2026-03-04 10:00:00,0.2208,0,0
REQ-01266,2026-03-04 11:00:00,0.4932,0,0
REQ-02372,2026-03-04 12:00:00,0.4426,0,0
REQ-00847,2026-03-04 12:00:00,0.5485,1,1
REQ-00464,2026-03-04 12:00:00,0.1486,0,0
REQ-02338,2026-03-04 17:00:00,0.3681,0,1
REQ-02313,2026-03-04 18:00:00,0.2047,0,0
REQ-00249,2026-03-04 18:00:00,0.5593,1,1
REQ-02950,2026-03-04 19:00:00,0.1662,0,0
REQ-01174,2026-03-04 19:00:00,0.3601,0,1
REQ-02794,2026-03-04 19:00:00,0.2631,0,0
REQ-02201,2026-03-04 21:00:00,0.1872,0,0
REQ-00271,2026-03-04 21:00:00,0.2393,0,0
REQ-01445,2026-03-04 21:00:00,0.6032,1,0
REQ-00368,2026-03-04 23:00:00,0.3593,0,0
REQ-01034,2026-03-04 23:00:00,0.7551,1,0
REQ-00618,2026-03-05 01:00:00,0.5558,1,0
REQ-00103,2026-03-05 01:00:00,0.1772,0,0
REQ-01528,2026-03-05 02:00:00,0.5782,1,0
REQ-00816,2026-03-05 03:00:00,0.427,0,1
REQ-00396,2026-03-05 04:00:00,0.4322,0,0
REQ-01166,2026-03-05 05:00:00,0.3,0,0
REQ-01525,2026-03-05 05:00:00,0.388,0,0
REQ-01806,2026-03-05 06:00:00,0.3592,0,0
REQ-01179,2026-03-05 06:00:00,0.2818,0,0
REQ-02411,2026-03-05 06:00:00,0.452,0,0
REQ-00409,2026-03-05 07:00:00,0.5218,1,1
REQ-00845,2026-03-05 08:00:00,0.6599,1,1
REQ-00055,2026-03-05 08:00:00,0.5746,1,1
REQ-00137,2026-03-05 08:00:00,0.3459,0,0
REQ-01452,2026-03-05 08:00:00,0.7494,1,1
REQ-02231,2026-03-05 11:00:00,0.4151,0,0
REQ-01269,2026-03-05 12:00:00,0.5874,1,0
REQ-01535,2026-03-05 13:00:00,0.5497,1,0
REQ-02441,2026-03-05 14:00:00,0.5113,1,0
REQ-00900,2026-03-05 15:00:00,0.3107,0,0
REQ-02558,2026-03-05 16:00:00,0.3185,0,0
REQ-02089,2026-03-05 16:00:00,0.5118,1,0
REQ-00772,2026-03-05 16:00:00,0.6707,1,0
REQ-02504,2026-03-05 17:00:00,0.5574,1,1
REQ-00477,2026-03-05 17:00:00,0.7364,1,1
REQ-02788,2026-03-05 19:00:00,0.4819,0,1
REQ-01095,2026-03-05 19:00:00,0.4267,0,0
REQ-02037,2026-03-05 20:00:00,0.435,0,0
REQ-02468,2026-03-05 20:00:00,0.7561,1,1
REQ-02439,2026-03-05 21:00:00,0.3037,0,1
REQ-02865,2026-03-05 22:00:00,0.6106,1,0
REQ-02330,2026-03-05 22:00:00,0.3091,0,0
REQ-01614,2026-03-05 22:00:00,0.3279,0,0
REQ-02315,2026-03-05 22:00:00,0.5796,1,1
REQ-00541,2026-03-06 01:00:00,0.446,0,0
REQ-02855,2026-03-06 02:00:00,0.5324,1,0
REQ-01462,2026-03-06 02:00:00,0.5571,1,0
REQ-02262,2026-03-06 02:00:00,0.2388,0,0
REQ-02635,2026-03-06 04:00:00,0.375,0,0
REQ-00414,2026-03-06 04:00:00,0.5776,1,0
REQ-00302,2026-03-06 05:00:00,0.5725,1,0
REQ-02170,2026-03-06 05:00:00,0.335,0,0
REQ-00169,2026-03-06 05:00:00,0.4234,0,0
REQ-01800,2026-03-06 06:00:00,0.483,0,0
REQ-01350,2026-03-06 06:00:00,0.2676,0,0
REQ-02787,2026-03-06 06:00:00,0.3116,0,0
REQ-00969,2026-03-06 07:00:00,0.4998,0,0
REQ-01037,2026-03-06 07:00:00,0.5426,1,1
REQ-02524,2026-03-06 07:00:00,0.4392,0,0
REQ-00116,2026-03-06 09:00:00,0.5572,1,0
REQ-00545,2026-03-06 09:00:00,0.189,0,0
REQ-00146,2026-03-06 11:00:00,0.6364,1,1
REQ-02521,2026-03-06 13:00:00,0.5377,1,0
REQ-01463,2026-03-06 14:00:00,0.3512,0,0
REQ-02137,2026-03-06 14:00:00,0.5305,1,1
REQ-02258,2026-03-06 16:00:00,0.5195,1,1
REQ-02128,2026-03-06 17:00:00,0.6947,1,0
REQ-00232,2026-03-06 17:00:00,0.5594,1,1
REQ-01214,2026-03-06 19:00:00,0.1467,0,0
REQ-01570,2026-03-06 20:00:00,0.492,0,1
REQ-01492,2026-03-06 21:00:00,0.3034,0,0
REQ-01682,2026-03-06 21:00:00,0.513,1,0
REQ-00869,2026-03-06 23:00:00,0.2942,0,0
REQ-02409,2026-03-06 23:00:00,0.4391,0,0
REQ-01120,2026-03-07 01:00:00,0.5687,1,0
REQ-01593,2026-03-07 02:00:00,0.5221,1,0
REQ-00279,2026-03-07 02:00:00,0.6664,1,0
REQ-01278,2026-03-07 03:00:00,0.721,1,1
REQ-01469,2026-03-07 05:00:00,0.1556,0,0
REQ-01805,2026-03-07 06:00:00,0.4016,0,0
REQ-02668,2026-03-07 07:00:00,0.244,0,0
REQ-02487,2026-03-07 08:00:00,0.1365,0,0
REQ-02634,2026-03-07 08:00:00,0.5667,1,0
REQ-01285,2026-03-07 08:00:00,0.6126,1,0
REQ-00386,2026-03-07 10:00:00,0.3331,0,1
REQ-02370,2026-03-07 11:00:00,0.4296,0,0
REQ-01361,2026-03-07 11:00:00,0.4581,0,0
REQ-01952,2026-03-07 11:00:00,0.6462,1,0
REQ-00428,2026-03-07 11:00:00,0.3851,0,1
REQ-02981,2026-03-07 12:00:00,0.4287,0,1
REQ-01098,2026-03-07 13:00:00,0.2031,0,0
REQ-01908,2026-03-07 14:00:00,0.7414,1,0
REQ-00299,2026-03-07 14:00:00,0.3489,0,0
REQ-00384,2026-03-07 14:00:00,0.4145,0,0
REQ-01975,2026-03-07 14:00:00,0.6984,1,0
REQ-00539,2026-03-07 18:00:00,0.4316,0,0
REQ-02277,2026-03-07 18:00:00,0.5255,1,0
REQ-00126,2026-03-07 19:00:00,0.622,1,1
REQ-00380,2026-03-07 19:00:00,0.411,0,0
REQ-02656,2026-03-07 19:00:00,0.1748,0,0
REQ-02202,2026-03-07 20:00:00,0.6078,1,1
REQ-01365,2026-03-07 20:00:00,0.1923,0,0
REQ-02321,2026-03-07 21:00:00,0.2962,0,0
REQ-01780,2026-03-07 22:00:00,0.3886,0,0
REQ-02400,2026-03-07 23:00:00,0.2297,0,0
REQ-01943,2026-03-08 01:00:00,0.5013,1,0
REQ-01549,2026-03-08 02:00:00,0.1813,0,0
REQ-02024,2026-03-08 02:00:00,0.5265,1,1
REQ-02459,2026-03-08 06:00:00,0.3277,0,0
REQ-00517,2026-03-08 07:00:00,0.4381,0,0
REQ-01189,2026-03-08 07:00:00,0.2978,0,0
REQ-00844,2026-03-08 10:00:00,0.6957,1,0
REQ-01868,2026-03-08 10:00:00,0.2959,0,0
REQ-02222,2026-03-08 10:00:00,0.3073,0,0
REQ-02442,2026-03-08 10:00:00,0.5892,1,0
REQ-00800,2026-03-08 11:00:00,0.3103,0,0
REQ-02311,2026-03-08 11:00:00,0.4797,0,0
REQ-01978,2026-03-08 11:00:00,0.7638,1,1
REQ-01850,2026-03-08 12:00:00,0.5721,1,1
REQ-02803,2026-03-08 12:00:00,0.422,0,0
REQ-00351,2026-03-08 13:00:00,0.3539,0,0
REQ-02711,2026-03-08 13:00:00,0.3926,0,1
REQ-00438,2026-03-08 13:00:00,0.3183,0,0
REQ-01236,2026-03-08 14:00:00,0.4658,0,0
REQ-01910,2026-03-08 15:00:00,0.3719,0,0
REQ-00901,2026-03-08 15:00:00,0.5954,1,0
REQ-00035,2026-03-08 16:00:00,0.5716,1,0
REQ-00574,2026-03-08 16:00:00,0.5703,1,0
REQ-00838,2026-03-08 17:00:00,0.4433,0,0
REQ-02974,2026-03-08 17:00:00,0.6643,1,1
REQ-00662,2026-03-08 18:00:00,0.2419,0,0
REQ-01135,2026-03-08 19:00:00,0.2009,0,0
REQ-01252,2026-03-08 20:00:00,0.6766,1,1
REQ-01651,2026-03-08 21:00:00,0.2546,0,0
REQ-02498,2026-03-08 22:00:00,0.1837,0,0
REQ-00278,2026-03-08 22:00:00,0.4617,0,0
REQ-02260,2026-03-08 22:00:00,0.3891,0,0
REQ-01265,2026-03-08 22:00:00,0.3836,0,0
REQ-01621,2026-03-08 23:00:00,0.5766,1,0
REQ-00673,2026-03-09 00:00:00,0.5727,1,0
REQ-01787,2026-03-09 01:00:00,0.5231,1,1
REQ-01045,2026-03-09 02:00:00,0.4354,0,0
REQ-01103,2026-03-09 02:00:00,0.4857,0,0
REQ-01930,2026-03-09 02:00:00,0.1963,0,0
REQ-01075,2026-03-09 03:00:00,0.3994,0,0
REQ-02528,2026-03-09 04:00:00,0.6563,1,0
REQ-01644,2026-03-09 04:00:00,0.4043,0,0
REQ-01530,2026-03-09 05:00:00,0.1653,0,0
REQ-02209,2026-03-09 05:00:00,0.7603,1,1
REQ-00681,2026-03-09 05:00:00,0.1824,0,0
REQ-01775,2026-03-09 07:00:00,0.538,1,1
REQ-01595,2026-03-09 07:00:00,0.5493,1,0
REQ-00356,2026-03-09 09:00:00,0.4786,0,0
REQ-02815,2026-03-09 09:00:00,0.4355,0,0
REQ-02474,2026-03-09 09:00:00,0.4717,0,0
REQ-01854,2026-03-09 09:00:00,0.1969,0,0
REQ-01483,2026-03-09 10:00:00,0.6307,1,0
REQ-00500,2026-03-09 10:00:00,0.4464,0,1
REQ-00532,2026-03-09 10:00:00,0.3413,0,0
REQ-00531,2026-03-09 11:00:00,0.44,0,0
REQ-01853,2026-03-09 11:00:00,0.1996,0,0
REQ-02696,2026-03-09 12:00:00,0.3668,0,0
REQ-00535,2026-03-09 12:00:00,0.5844,1,0
REQ-02422,2026-03-09 12:00:00,0.4878,0,0
REQ-00758,2026-03-09 13:00:00,0.5688,1,0
REQ-00579,2026-03-09 13:00:00,0.5249,1,1
REQ-01536,2026-03-09 13:00:00,0.411,0,0
REQ-01697,2026-03-09 14:00:00,0.4033,0,1
REQ-00619,2026-03-09 14:00:00,0.3493,0,1
REQ-02791,2026-03-09 14:00:00,0.6237,1,0
REQ-01465,2026-03-09 15:00:00,0.5875,1,0
REQ-00527,2026-03-09 15:00:00,0.5758,1,1
REQ-00413,2026-03-09 15:00:00,0.5056,1,0
REQ-01527,2026-03-09 15:00:00,0.4374,0,0
REQ-01925,2026-03-09 15:00:00,0.6158,1,0
REQ-00974,2026-03-09 15:00:00,0.2556,0,0
REQ-00782,2026-03-09 17:00:00,0.6046,1,0
REQ-00496,2026-03-09 17:00:00,0.4844,0,0
REQ-01237,2026-03-09 18:00:00,0.4182,0,0
REQ-02638,2026-03-09 18:00:00,0.4587,0,0
REQ-00790,2026-03-09 18:00:00,0.2183,0,0
REQ-01841,2026-03-09 20:00:00,0.4265,0,0
REQ-02760,2026-03-09 20:00:00,0.3755,0,0
REQ-01654,2026-03-09 20:00:00,0.3025,0,0
REQ-02945,2026-03-09 21:00:00,0.5405,1,0
REQ-00944,2026-03-09 21:00:00,0.0714,0,0
REQ-00537,2026-03-09 22:00:00,0.5505,1,1
REQ-00286,2026-03-09 22:00:00,0.3911,0,0
REQ-00057,2026-03-10 00:00:00,0.5442,1,1
REQ-02365,2026-03-10 01:00:00,0.5753,1,0
REQ-00807,2026-03-10 02:00:00,0.7456,1,0
REQ-00321,2026-03-10 03:00:00,0.3061,0,0
REQ-00364,2026-03-10 03:00:00,0.4906,0,1
REQ-00195,2026-03-10 05:00:00,0.4593,0,0
REQ-00086,2026-03-10 06:00:00,0.2542,0,0
REQ-00358,2026-03-10 07:00:00,0.5265,1,1
REQ-00255,2026-03-10 07:00:00,0.714,1,1
REQ-02680,2026-03-10 07:00:00,0.3465,0,0
REQ-00181,2026-03-10 08:00:00,0.4443,0,0
REQ-00257,2026-03-10 08:00:00,0.5093,1,0
REQ-02176,2026-03-10 09:00:00,0.6493,1,0
REQ-02622,2026-03-10 09:00:00,0.2111,0,0
REQ-02233,2026-03-10 09:00:00,0.3688,0,0
REQ-02910,2026-03-10 09:00:00,0.615,1,1
REQ-01826,2026-03-10 09:00:00,0.0951,0,0
REQ-00582,2026-03-10 10:00:00,0.1925,0,0
REQ-01604,2026-03-10 11:00:00,0.2687,0,0
REQ-00240,2026-03-10 11:00:00,0.5345,1,1
REQ-02956,2026-03-10 12:00:00,0.3937,0,0
REQ-00669,2026-03-10 12:00:00,0.2933,0,0
REQ-00017,2026-03-10 12:00:00,0.5817,1,0
REQ-01555,2026-03-10 12:00:00,0.479,0,0
REQ-02501,2026-03-10 13:00:00,0.38,0,0
REQ-01606,2026-03-10 16:00:00,0.2405,0,0
REQ-00385,2026-03-10 17:00:00,0.1953,0,0
REQ-00862,2026-03-10 17:00:00,0.8005,1,1
REQ-00430,2026-03-10 17:00:00,0.0984,0,0
REQ-02852,2026-03-10 18:00:00,0.5635,1,0
REQ-02377,2026-03-10 18:00:00,0.2416,0,0
REQ-00305,2026-03-10 18:00:00,0.5229,1,0
REQ-01357,2026-03-10 19:00:00,0.7114,1,1
REQ-01186,2026-03-10 20:00:00,0.702,1,1
REQ-00099,2026-03-10 21:00:00,0.4195,0,0
REQ-01578,2026-03-10 22:00:00,0.6062,1,0
REQ-00082,2026-03-10 22:00:00,0.2877,0,0
REQ-01632,2026-03-10 22:00:00,0.1625,0,0
REQ-01815,2026-03-11 01:00:00,0.6168,1,0
REQ-00177,2026-03-11 01:00:00,0.1312,0,0
REQ-02320,2026-03-11 04:00:00,0.1998,0,0
REQ-01611,2026-03-11 06:00:00,0.5208,1,0
REQ-00622,2026-03-11 07:00:00,0.4523,0,0
REQ-00521,2026-03-11 07:00:00,0.2833,0,0
REQ-02432,2026-03-11 07:00:00,0.7365,1,1
REQ-01255,2026-03-11 07:00:00,0.2761,0,0
REQ-02911,2026-03-11 08:00:00,0.1149,0,0
REQ-02932,2026-03-11 08:00:00,0.4008,0,0
REQ-00433,2026-03-11 08:00:00,0.3662,0,0
REQ-01228,2026-03-11 10:00:00,0.6302,1,0
REQ-01629,2026-03-11 11:00:00,0.36,0,1
REQ-02595,2026-03-11 11:00:00,0.3096,0,0
REQ-02032,2026-03-11 12:00:00,0.6024,1,0
REQ-00947,2026-03-11 13:00:00,0.2229,0,0
REQ-01737,2026-03-11 13:00:00,0.2618,0,0
REQ-01946,2026-03-11 14:00:00,0.08,0,0
REQ-00950,2026-03-11 15:00:00,0.6079,1,1
REQ-02699,2026-03-11 15:00:00,0.1982,0,0
REQ-01934,2026-03-11 15:00:00,0.5614,1,1
REQ-01808,2026-03-11 17:00:00,0.2929,0,0
REQ-00328,2026-03-11 17:00:00,0.4581,0,1
REQ-02818,2026-03-11 18:00:00,0.0919,0,0
REQ-00694,2026-03-11 18:00:00,0.4257,0,0
REQ-00040,2026-03-11 18:00:00,0.4863,0,0
REQ-00459,2026-03-11 18:00:00,0.5393,1,0
REQ-01341,2026-03-11 22:00:00,0.5545,1,1
REQ-00923,2026-03-11 22:00:00,0.5443,1,0
REQ-01327,2026-03-11 23:00:00,0.5402,1,0
REQ-00217,2026-03-12 00:00:00,0.5187,1,0
REQ-01609,2026-03-12 01:00:00,0.6223,1,0
REQ-02094,2026-03-12 02:00:00,0.2297,0,0
REQ-01226,2026-03-12 03:00:00,0.5213,1,0
REQ-02719,2026-03-12 04:00:00,0.5639,1,0
REQ-00883,2026-03-12 04:00:00,0.1522,0,0
REQ-01049,2026-03-12 04:00:00,0.5495,1,0
REQ-00442,2026-03-12 04:00:00,0.223,0,0
REQ-02829,2026-03-12 04:00:00,0.3244,0,0
REQ-02471,2026-03-12 05:00:00,0.3536,0,1
REQ-01866,2026-03-12 06:00:00,0.2792,0,0
REQ-02339,2026-03-12 06:00:00,0.3314,0,0
REQ-01480,2026-03-12 06:00:00,0.5696,1,1
REQ-01342,2026-03-12 06:00:00,0.3257,0,0
REQ-00873,2026-03-12 07:00:00,0.5317,1,0
REQ-00937,2026-03-12 07:00:00,0.5522,1,0
REQ-01894,2026-03-12 08:00:00,0.2944,0,0
REQ-02329,2026-03-12 10:00:00,0.4981,0,0
REQ-02103,2026-03-12 11:00:00,0.4088,0,0
REQ-00375,2026-03-12 12:00:00,0.2933,0,0
REQ-02081,2026-03-12 13:00:00,0.2673,0,0
REQ-02514,2026-03-12 13:00:00,0.5362,1,0
REQ-02079,2026-03-12 13:00:00,0.5246,1,0
REQ-02555,2026-03-12 14:00:00,0.2737,0,0
REQ-02084,2026-03-12 15:00:00,0.4678,0,0
REQ-02726,2026-03-12 15:00:00,0.3271,0,0
REQ-00727,2026-03-12 16:00:00,0.5119,1,0
REQ-00936,2026-03-12 16:00:00,0.3248,0,0
REQ-01835,2026-03-12 16:00:00,0.5742,1,0
REQ-01818,2026-03-12 17:00:00,0.6239,1,0
REQ-01271,2026-03-12 17:00:00,0.5105,1,0
REQ-02316,2026-03-12 18:00:00,0.2389,0,0
REQ-00466,2026-03-12 18:00:00,0.3494,0,0
REQ-01486,2026-03-12 19:00:00,0.1084,0,0
REQ-00822,2026-03-12 20:00:00,0.4295,0,0
REQ-01676,2026-03-12 21:00:00,0.5593,1,0
REQ-02735,2026-03-12 21:00:00,0.7159,1,0
REQ-00032,2026-03-12 22:00:00,0.4387,0,0
REQ-02518,2026-03-12 23:00:00,0.1215,0,0
REQ-00890,2026-03-12 23:00:00,0.6027,1,0
REQ-02479,2026-03-13 00:00:00,0.4645,0,0
REQ-02614,2026-03-13 00:00:00,0.1105,0,0
REQ-01720,2026-03-13 00:00:00,0.6304,1,1
REQ-01935,2026-03-13 03:00:00,0.1094,0,0
REQ-01927,2026-03-13 03:00:00,0.69,1,0
REQ-00006,2026-03-13 04:00:00,0.5775,1,0
REQ-02012,2026-03-13 04:00:00,0.1901,0,0
REQ-00435,2026-03-13 05:00:00,0.1215,0,0
REQ-01077,2026-03-13 05:00:00,0.6015,1,1
REQ-02213,2026-03-13 07:00:00,0.4816,0,0
REQ-02062,2026-03-13 07:00:00,0.283,0,0
REQ-02785,2026-03-13 07:00:00,0.4658,0,0
REQ-02741,2026-03-13 08:00:00,0.4947,0,0
REQ-00603,2026-03-13 08:00:00,0.4718,0,0
REQ-02593,2026-03-13 09:00:00,0.2614,0,0
REQ-00170,2026-03-13 09:00:00,0.3019,0,0
REQ-01062,2026-03-13 10:00:00,0.4268,0,0
REQ-01618,2026-03-13 10:00:00,0.5269,1,0
REQ-00407,2026-03-13 11:00:00,0.3641,0,0
REQ-00720,2026-03-13 11:00:00,0.6291,1,1
REQ-00117,2026-03-13 12:00:00,0.1415,0,0
REQ-00976,2026-03-13 12:00:00,0.3932,0,0
REQ-00272,2026-03-13 13:00:00,0.5597,1,1
REQ-02922,2026-03-13 14:00:00,0.6957,1,0
REQ-00833,2026-03-13 14:00:00,0.4691,0,0
REQ-01320,2026-03-13 14:00:00,0.2822,0,0
REQ-01729,2026-03-13 15:00:00,0.3779,0,0
REQ-01875,2026-03-13 15:00:00,0.1214,0,0
REQ-02368,2026-03-13 15:00:00,0.1057,0,0
REQ-02888,2026-03-13 15:00:00,0.2899,0,1
REQ-01488,2026-03-13 15:00:00,0.6305,1,0
REQ-01358,2026-03-13 16:00:00,0.5061,1,1
REQ-00389,2026-03-13 17:00:00,0.4362,0,0
REQ-01165,2026-03-13 18:00:00,0.3484,0,0
REQ-02722,2026-03-13 18:00:00,0.5479,1,0
REQ-02853,2026-03-13 18:00:00,0.3177,0,0
REQ-00587,2026-03-13 19:00:00,0.25,0,0
REQ-01019,2026-03-13 19:00:00,0.6896,1,0
REQ-01804,2026-03-13 20:00:00,0.3657,0,0
REQ-00220,2026-03-13 21:00:00,0.686,1,0
REQ-02268,2026-03-13 21:00:00,0.4111,0,0
REQ-02206,2026-03-13 22:00:00,0.4632,0,0
REQ-01694,2026-03-13 22:00:00,0.188,0,0
REQ-01156,2026-03-13 22:00:00,0.5783,1,0
REQ-01574,2026-03-13 23:00:00,0.6865,1,1
REQ-02698,2026-03-14 00:00:00,0.1289,0,0
REQ-02503,2026-03-14 01:00:00,0.3163,0,0
REQ-01945,2026-03-14 01:00:00,0.3245,0,0
REQ-01689,2026-03-14 01:00:00,0.2365,0,0
REQ-01537,2026-03-14 01:00:00,0.2478,0,0
REQ-01940,2026-03-14 02:00:00,0.1811,0,0
REQ-02659,2026-03-14 03:00:00,0.5178,1,1
REQ-01444,2026-03-14 03:00:00,0.5401,1,0
REQ-00945,2026-03-14 03:00:00,0.571,1,1
REQ-02890,2026-03-14 05:00:00,0.6288,1,0
REQ-02307,2026-03-14 05:00:00,0.2661,0,1
REQ-01777,2026-03-14 05:00:00,0.2709,0,0
REQ-00456,2026-03-14 06:00:00,0.5252,1,0
REQ-02549,2026-03-14 06:00:00,0.2319,0,0
REQ-00783,2026-03-14 07:00:00,0.279,0,0
REQ-00132,2026-03-14 07:00:00,0.3483,0,0
REQ-01879,2026-03-14 07:00:00,0.7443,1,1
REQ-00699,2026-03-14 07:00:00,0.3193,0,0
REQ-00186,2026-03-14 08:00:00,0.5135,1,0
REQ-01288,2026-03-14 08:00:00,0.1725,0,0
REQ-00677,2026-03-14 09:00:00,0.2713,0,0
REQ-00846,2026-03-14 09:00:00,0.6708,1,1
REQ-00156,2026-03-14 09:00:00,0.233,0,0
REQ-00479,2026-03-14 10:00:00,0.1566,0,0
REQ-00000,2026-03-14 10:00:00,0.3614,0,0
REQ-00349,2026-03-14 11:00:00,0.4842,0,0
REQ-00073,2026-03-14 11:00:00,0.4634,0,1
REQ-02681,2026-03-14 12:00:00,0.1965,0,0
REQ-01907,2026-03-14 12:00:00,0.5561,1,0
REQ-02908,2026-03-14 13:00:00,0.0849,0,0
REQ-01004,2026-03-14 14:00:00,0.6946,1,0
REQ-00751,2026-03-14 14:00:00,0.3356,0,1
REQ-00817,2026-03-14 14:00:00,0.4798,0,0
REQ-02214,2026-03-14 15:00:00,0.3857,0,0
REQ-00768,2026-03-14 15:00:00,0.5445,1,0
REQ-00245,2026-03-14 16:00:00,0.8074,1,1
REQ-00009,2026-03-14 16:00:00,0.6242,1,0
REQ-02885,2026-03-14 16:00:00,0.621,1,0
REQ-00197,2026-03-14 16:00:00,0.135,0,0
REQ-02305,2026-03-14 16:00:00,0.0851,0,0
REQ-01969,2026-03-14 17:00:00,0.5043,1,0
REQ-02426,2026-03-14 18:00:00,0.6667,1,0
REQ-01636,2026-03-14 18:00:00,0.2013,0,0
REQ-02007,2026-03-14 19:00:00,0.5871,1,1
REQ-02264,2026-03-14 19:00:00,0.2133,0,0
REQ-02505,2026-03-14 20:00:00,0.6466,1,0
REQ-02452,2026-03-14 21:00:00,0.4873,0,1
REQ-00777,2026-03-14 22:00:00,0.2927,0,0
REQ-02363,2026-03-14 23:00:00,0.115,0,0
REQ-02662,2026-03-15 00:00:00,0.6687,1,0
REQ-00880,2026-03-15 01:00:00,0.3239,0,0
REQ-00872,2026-03-15 01:00:00,0.7391,1,1
REQ-00119,2026-03-15 01:00:00,0.2342,0,0
REQ-02822,2026-03-15 02:00:00,0.4051,0,0
REQ-00417,2026-03-15 03:00:00,0.3471,0,0
REQ-02867,2026-03-15 04:00:00,0.7422,1,0
REQ-02221,2026-03-15 04:00:00,0.2488,0,0
REQ-00580,2026-03-15 04:00:00,0.4704,0,1
REQ-02509,2026-03-15 04:00:00,0.4545,0,0
REQ-02265,2026-03-15 05:00:00,0.572,1,0
REQ-01405,2026-03-15 06:00:00,0.5496,1,0
REQ-01449,2026-03-15 06:00:00,0.6015,1,1
REQ-00242,2026-03-15 06:00:00,0.1163,0,0
REQ-02248,2026-03-15 07:00:00,0.3756,0,0
REQ-01849,2026-03-15 07:00:00,0.3506,0,0
REQ-00825,2026-03-15 07:00:00,0.2064,0,0
REQ-00749,2026-03-15 08:00:00,0.6684,1,1
REQ-00909,2026-03-15 08:00:00,0.426,0,0
REQ-02864,2026-03-15 09:00:00,0.1867,0,0
REQ-01542,2026-03-15 11:00:00,0.2548,0,0
REQ-00312,2026-03-15 12:00:00,0.5327,1,1
REQ-01435,2026-03-15 12:00:00,0.3115,0,0
REQ-00171,2026-03-15 13:00:00,0.1873,0,0
REQ-00704,2026-03-15 14:00:00,0.6946,1,0
REQ-00461,2026-03-15 14:00:00,0.3757,0,0
REQ-00309,2026-03-15 14:00:00,0.5253,1,0
REQ-01121,2026-03-15 14:00:00,0.4825,0,0
REQ-02005,2026-03-15 15:00:00,0.3998,0,0
REQ-02107,2026-03-15 15:00:00,0.4681,0,0
REQ-00960,2026-03-15 15:00:00,0.4712,0,0
REQ-02243,2026-03-15 17:00:00,0.321,0,0
REQ-00752,2026-03-15 17:00:00,0.7325,1,0
REQ-02430,2026-03-15 17:00:00,0.5387,1,0
REQ-00515,2026-03-15 19:00:00,0.5024,1,0
REQ-01089,2026-03-15 20:00:00,0.3914,0,0
REQ-01962,2026-03-15 21:00:00,0.4631,0,0
REQ-01523,2026-03-15 21:00:00,0.3195,0,0
REQ-02301,2026-03-15 22:00:00,0.5397,1,0
REQ-01215,2026-03-15 22:00:00,0.1713,0,0
REQ-00725,2026-03-15 22:00:00,0.2662,0,0
REQ-00723,2026-03-15 22:00:00,0.2845,0,0
REQ-02296,2026-03-16 00:00:00,0.5296,1,0
REQ-02461,2026-03-16 00:00:00,0.1547,0,0
REQ-02744,2026-03-16 02:00:00,0.5813,1,1
REQ-00118,2026-03-16 03:00:00,0.2113,0,0
REQ-01562,2026-03-16 03:00:00,0.1436,0,0
REQ-02161,2026-03-16 04:00:00,0.5326,1,0
REQ-00485,2026-03-16 04:00:00,0.4482,0,0
REQ-01769,2026-03-16 07:00:00,0.3222,0,1
REQ-00362,2026-03-16 07:00:00,0.6359,1,1
REQ-00616,2026-03-16 08:00:00,0.3502,0,0
REQ-00188,2026-03-16 09:00:00,0.4531,0,0
REQ-01701,2026-03-16 09:00:00,0.5466,1,0
REQ-02384,2026-03-16 10:00:00,0.5861,1,1
REQ-00410,2026-03-16 11:00:00,0.4594,0,1
REQ-01290,2026-03-16 11:00:00,0.622,1,0
REQ-02193,2026-03-16 14:00:00,0.4737,0,0
REQ-00542,2026-03-16 14:00:00,0.6918,1,1
REQ-01431,2026-03-16 14:00:00,0.2906,0,0
REQ-02925,2026-03-16 16:00:00,0.3403,0,0
REQ-01106,2026-03-16 17:00:00,0.4624,0,0
REQ-00871,2026-03-16 17:00:00,0.5448,1,0
REQ-02928,2026-03-16 18:00:00,0.1296,0,0
REQ-01401,2026-03-16 19:00:00,0.4958,0,0
REQ-01797,2026-03-16 20:00:00,0.5842,1,0
REQ-00348,2026-03-16 20:00:00,0.3333,0,0
REQ-00101,2026-03-16 21:00:00,0.4828,0,0
REQ-01473,2026-03-16 22:00:00,0.7533,1,1
REQ-00992,2026-03-16 23:00:00,0.7366,1,0
REQ-00567,2026-03-17 01:00:00,0.7064,1,1
REQ-01112,2026-03-17 01:00:00,0.5584,1,1
REQ-00252,2026-03-17 02:00:00,0.6144,1,0
REQ-02913,2026-03-17 02:00:00,0.3311,0,0
REQ-01662,2026-03-17 02:00:00,0.5802,1,1
REQ-00326,2026-03-17 03:00:00,0.5469,1,0
REQ-02380,2026-03-17 03:00:00,0.613,1,0
REQ-02391,2026-03-17 03:00:00,0.3607,0,0
REQ-02449,2026-03-17 04:00:00,0.4364,0,0
REQ-02298,2026-03-17 04:00:00,0.6251,1,1
REQ-02850,2026-03-17 04:00:00,0.4917,0,0
REQ-00051,2026-03-17 05:00:00,0.5709,1,0
REQ-00096,2026-03-17 05:00:00,0.5706,1,0
REQ-00887,2026-03-17 05:00:00,0.7484,1,0
REQ-00760,2026-03-17 05:00:00,0.737,1,1
REQ-02939,2026-03-17 06:00:00,0.4564,0,0
REQ-02473,2026-03-17 06:00:00,0.7505,1,0
REQ-01928,2026-03-17 06:00:00,0.2738,0,0
REQ-01795,2026-03-17 07:00:00,0.5719,1,0
REQ-02495,2026-03-17 07:00:00,0.2911,0,1
REQ-01655,2026-03-17 09:00:00,0.669,1,1
REQ-02666,2026-03-17 09:00:00,0.2744,0,0
REQ-02174,2026-03-17 10:00:00,0.4548,0,1
REQ-01810,2026-03-17 10:00:00,0.6188,1,0
REQ-01885,2026-03-17 10:00:00,0.4161,0,1
REQ-00831,2026-03-17 10:00:00,0.7412,1,1
REQ-02486,2026-03-17 11:00:00,0.5806,1,0
REQ-02102,2026-03-17 16:00:00,0.4518,0,0
REQ-02276,2026-03-17 17:00:00,0.6061,1,0
REQ-02327,2026-03-17 17:00:00,0.3413,0,1
REQ-00702,2026-03-17 17:00:00,0.3772,0,0
REQ-00565,2026-03-17 19:00:00,0.7185,1,0
REQ-01404,2026-03-17 19:00:00,0.2672,0,0
REQ-02115,2026-03-17 20:00:00,0.2279,0,0
REQ-01123,2026-03-17 20:00:00,0.6309,1,0
REQ-00031,2026-03-17 21:00:00,0.3932,0,0
REQ-00167,2026-03-17 21:00:00,0.6792,1,1
REQ-02469,2026-03-17 21:00:00,0.1745,0,0
REQ-02702,2026-03-17 22:00:00,0.7255,1,0
REQ-02838,2026-03-17 22:00:00,0.2784,0,0
REQ-02369,2026-03-17 23:00:00,0.8432,1,1
REQ-02935,2026-03-17 23:00:00,0.3291,0,0
REQ-02889,2026-03-17 23:00:00,0.3454,0,0
REQ-01114,2026-03-18 00:00:00,0.3181,0,0
REQ-02099,2026-03-18 01:00:00,0.2133,0,0
REQ-02812,2026-03-18 02:00:00,0.5357,1,1
REQ-02482,2026-03-18 02:00:00,0.293,0,0
REQ-02804,2026-03-18 03:00:00,0.4126,0,0
REQ-02348,2026-03-18 03:00:00,0.5452,1,0
REQ-02764,2026-03-18 04:00:00,0.5428,1,0
REQ-00734,2026-03-18 06:00:00,0.4699,0,1
REQ-02873,2026-03-18 06:00:00,0.5705,1,0
REQ-01256,2026-03-18 06:00:00,0.7521,1,0
REQ-00250,2026-03-18 08:00:00,0.3929,0,0
REQ-01939,2026-03-18 08:00:00,0.2206,0,0
REQ-02359,2026-03-18 09:00:00,0.2276,0,0
REQ-02292,2026-03-18 09:00:00,0.2662,0,0
REQ-00509,2026-03-18 10:00:00,0.44,0,1
REQ-02240,2026-03-18 10:00:00,0.4475,0,0
REQ-01173,2026-03-18 11:00:00,0.4701,0,0
REQ-00853,2026-03-18 11:00:00,0.6231,1,0
REQ-02219,2026-03-18 11:00:00,0.3615,0,1
REQ-00856,2026-03-18 12:00:00,0.4667,0,0
REQ-01785,2026-03-18 12:00:00,0.6549,1,0
REQ-01344,2026-03-18 14:00:00,0.3592,0,0
REQ-02809,2026-03-18 15:00:00,0.562,1,0
REQ-00963,2026-03-18 15:00:00,0.2214,0,0
REQ-01505,2026-03-18 15:00:00,0.5747,1,0
REQ-00022,2026-03-18 16:00:00,0.2423,0,0
REQ-01325,2026-03-18 17:00:00,0.2469,0,0
REQ-01650,2026-03-18 18:00:00,0.5903,1,0
REQ-00314,2026-03-18 19:00:00,0.4773,0,0
REQ-02772,2026-03-18 20:00:00,0.5145,1,0
REQ-02510,2026-03-18 20:00:00,0.633,1,0
REQ-02314,2026-03-18 20:00:00,0.2406,0,0
REQ-02733,2026-03-18 20:00:00,0.3619,0,0
REQ-00652,2026-03-18 20:00:00,0.4197,0,1
REQ-00141,2026-03-18 20:00:00,0.3475,0,0
REQ-01876,2026-03-18 21:00:00,0.4862,0,0
REQ-00988,2026-03-18 21:00:00,0.4981,0,1
REQ-00566,2026-03-18 22:00:00,0.6481,1,0
REQ-01250,2026-03-18 22:00:00,0.5529,1,0
REQ-01709,2026-03-18 23:00:00,0.1928,0,0
REQ-01615,2026-03-19 00:00:00,0.7102,1,1
REQ-02050,2026-03-19 00:00:00,0.4591,0,0
REQ-02746,2026-03-19 00:00:00,0.1175,0,0
REQ-01544,2026-03-19 02:00:00,0.5709,1,0
REQ-02533,2026-03-19 02:00:00,0.0637,0,0
REQ-01046,2026-03-19 03:00:00,0.5861,1,1
REQ-01105,2026-03-19 04:00:00,0.1355,0,0
REQ-02146,2026-03-19 07:00:00,0.184,0,0
REQ-00071,2026-03-19 08:00:00,0.2183,0,0
REQ-00261,2026-03-19 08:00:00,0.2685,0,0
REQ-01111,2026-03-19 08:00:00,0.7018,1,1
REQ-01354,2026-03-19 09:00:00,0.5403,1,1
REQ-02208,2026-03-19 10:00:00,0.4804,0,0
REQ-01882,2026-03-19 11:00:00,0.7197,1,1
REQ-01084,2026-03-19 12:00:00,0.548,1,0
REQ-00902,2026-03-19 13:00:00,0.2223,0,0
REQ-01394,2026-03-19 13:00:00,0.1725,0,0
REQ-02860,2026-03-19 14:00:00,0.5172,1,0
REQ-01031,2026-03-19 15:00:00,0.757,1,0
REQ-01739,2026-03-19 15:00:00,0.5775,1,1
REQ-01511,2026-03-19 15:00:00,0.5764,1,0
REQ-00391,2026-03-19 15:00:00,0.3645,0,0
REQ-00468,2026-03-19 16:00:00,0.4739,0,0
REQ-00636,2026-03-19 18:00:00,0.2453,0,0
REQ-01522,2026-03-19 18:00:00,0.271,0,1
REQ-02664,2026-03-19 19:00:00,0.4666,0,0
REQ-00660,2026-03-19 21:00:00,0.6152,1,0
REQ-02236,2026-03-19 21:00:00,0.1395,0,0
REQ-02465,2026-03-19 21:00:00,0.3366,0,0
REQ-00258,2026-03-19 22:00:00,0.187,0,0
REQ-01786,2026-03-19 22:00:00,0.6055,1,1
REQ-01891,2026-03-20 00:00:00,0.6894,1,0
REQ-02367,2026-03-20 01:00:00,0.137,0,0
REQ-02814,2026-03-20 03:00:00,0.5674,1,0
REQ-01264,2026-03-20 04:00:00,0.1194,0,0
REQ-00837,2026-03-20 04:00:00,0.5133,1,0
REQ-02967,2026-03-20 05:00:00,0.5225,1,0
REQ-01638,2026-03-20 07:00:00,0.6175,1,0
REQ-02274,2026-03-20 07:00:00,0.2132,0,0
REQ-00008,2026-03-20 09:00:00,0.6016,1,0
REQ-01541,2026-03-20 09:00:00,0.2323,0,0
REQ-00924,2026-03-20 11:00:00,0.3985,0,0
REQ-01905,2026-03-20 11:00:00,0.2516,0,0
REQ-02612,2026-03-20 11:00:00,0.3957,0,1
REQ-02553,2026-03-20 12:00:00,0.6238,1,1
REQ-02673,2026-03-20 13:00:00,0.6341,1,1
REQ-02943,2026-03-20 13:00:00,0.6358,1,0
REQ-02552,2026-03-20 14:00:00,0.514,1,0
REQ-02869,2026-03-20 16:00:00,0.7075,1,0
REQ-02642,2026-03-20 17:00:00,0.1228,0,0
REQ-00718,2026-03-20 18:00:00,0.3156,0,0
REQ-01012,2026-03-20 19:00:00,0.4743,0,1
REQ-00975,2026-03-20 20:00:00,0.7531,1,0
REQ-01744,2026-03-20 20:00:00,0.626,1,0
REQ-01453,2026-03-20 22:00:00,0.5637,1,1
REQ-02477,2026-03-20 22:00:00,0.4916,0,0
REQ-02252,2026-03-20 23:00:00,0.7058,1,1
REQ-02966,2026-03-21 00:00:00,0.2479,0,0
REQ-01177,2026-03-21 00:00:00,0.2247,0,0
REQ-01903,2026-03-21 00:00:00,0.4392,0,0
REQ-01385,2026-03-21 01:00:00,0.5003,1,0
REQ-00625,2026-03-21 04:00:00,0.5968,1,0
REQ-01192,2026-03-21 04:00:00,0.5853,1,1
REQ-02357,2026-03-21 05:00:00,0.4192,0,0
REQ-02522,2026-03-21 06:00:00,0.2045,0,0
REQ-02740,2026-03-21 06:00:00,0.6029,1,0
REQ-01533,2026-03-21 06:00:00,0.4416,0,0
REQ-02640,2026-03-21 06:00:00,0.325,0,1
REQ-02686,2026-03-21 07:00:00,0.4354,0,0
REQ-02181,2026-03-21 08:00:00,0.2362,0,0
REQ-01708,2026-03-21 09:00:00,0.7121,1,1
REQ-00543,2026-03-21 10:00:00,0.0731,0,0
REQ-00223,2026-03-21 10:00:00,0.5731,1,0
REQ-01071,2026-03-21 11:00:00,0.7175,1,0
REQ-00325,2026-03-21 11:00:00,0.6672,1,1
REQ-00563,2026-03-21 13:00:00,0.3491,0,0
REQ-01307,2026-03-21 14:00:00,0.1834,0,0
REQ-02443,2026-03-21 15:00:00,0.6443,1,0
REQ-01287,2026-03-21 15:00:00,0.5475,1,1
REQ-00077,2026-03-21 16:00:00,0.3356,0,0
REQ-00507,2026-03-21 16:00:00,0.5072,1,0
REQ-02393,2026-03-21 17:00:00,0.5443,1,1
REQ-02992,2026-03-21 18:00:00,0.3279,0,0
REQ-00522,2026-03-21 19:00:00,0.3603,0,0
REQ-01890,2026-03-21 20:00:00,0.4136,0,0
REQ-00147,2026-03-21 20:00:00,0.4805,0,1
REQ-00229,2026-03-21 20:00:00,0.5432,1,0
REQ-02031,2026-03-21 20:00:00,0.627,1,1
REQ-01838,2026-03-21 22:00:00,0.3854,0,0
REQ-01703,2026-03-21 23:00:00,0.5394,1,0
REQ-00338,2026-03-22 00:00:00,0.5047,1,1
REQ-01608,2026-03-22 02:00:00,0.3517,0,0
REQ-01478,2026-03-22 02:00:00,0.5642,1,1
REQ-01816,2026-03-22 02:00:00,0.4467,0,0
REQ-02750,2026-03-22 03:00:00,0.3612,0,0
REQ-02899,2026-03-22 03:00:00,0.1559,0,0
REQ-00830,2026-03-22 06:00:00,0.5693,1,0
REQ-01432,2026-03-22 06:00:00,0.5255,1,1
REQ-02070,2026-03-22 08:00:00,0.5608,1,0
REQ-00703,2026-03-22 08:00:00,0.3612,0,0
REQ-00383,2026-03-22 09:00:00,0.6819,1,0
REQ-01514,2026-03-22 09:00:00,0.4349,0,0
REQ-01987,2026-03-22 11:00:00,0.2427,0,0
REQ-02930,2026-03-22 11:00:00,0.42,0,0
REQ-02737,2026-03-22 12:00:00,0.7341,1,0
REQ-01988,2026-03-22 12:00:00,0.3052,0,0
REQ-02247,2026-03-22 12:00:00,0.2792,0,0
REQ-01959,2026-03-22 14:00:00,0.4086,0,0
REQ-02199,2026-03-22 15:00:00,0.5564,1,0
REQ-01871,2026-03-22 16:00:00,0.6144,1,1
REQ-00663,2026-03-22 17:00:00,0.1275,0,0
REQ-00397,2026-03-22 17:00:00,0.6023,1,1
REQ-00634,2026-03-22 17:00:00,0.6182,1,1
REQ-00907,2026-03-22 18:00:00,0.5265,1,0
REQ-02093,2026-03-22 18:00:00,0.5794,1,1
REQ-01363,2026-03-22 18:00:00,0.5643,1,0
REQ-01581,2026-03-22 19:00:00,0.7114,1,1
REQ-00911,2026-03-22 19:00:00,0.6231,1,0
REQ-00684,2026-03-22 19:00:00,0.3955,0,0
REQ-00425,2026-03-22 20:00:00,0.392,0,0
REQ-02881,2026-03-22 21:00:00,0.7402,1,1
REQ-00411,2026-03-22 21:00:00,0.4145,0,0
REQ-00592,2026-03-22 21:00:00,0.1141,0,0
REQ-01502,2026-03-22 23:00:00,0.531,1,0
REQ-02601,2026-03-22 23:00:00,0.5309,1,0
REQ-02082,2026-03-23 00:00:00,0.478,0,0
REQ-00398,2026-03-23 01:00:00,0.3697,0,0
REQ-00798,2026-03-23 01:00:00,0.2044,0,0
REQ-00135,2026-03-23 02:00:00,0.412,0,0
REQ-01229,2026-03-23 02:00:00,0.5516,1,0
REQ-00504,2026-03-23 02:00:00,0.5512,1,0
REQ-00308,2026-03-23 03:00:00,0.6854,1,0
REQ-01526,2026-03-23 03:00:00,0.3131,0,0
REQ-00441,2026-03-23 04:00:00,0.6126,1,0
REQ-02068,2026-03-23 05:00:00,0.6102,1,1
REQ-02466,2026-03-23 05:00:00,0.2437,0,0
REQ-01550,2026-03-23 07:00:00,0.5058,1,0
REQ-00337,2026-03-23 08:00:00,0.6767,1,0
REQ-02218,2026-03-23 08:00:00,0.4665,0,0
REQ-01387,2026-03-23 09:00:00,0.6423,1,1
REQ-02536,2026-03-23 09:00:00,0.3485,0,0
REQ-00508,2026-03-23 09:00:00,0.541,1,1
REQ-00918,2026-03-23 10:00:00,0.5318,1,0
REQ-01837,2026-03-23 11:00:00,0.3534,0,1
REQ-02300,2026-03-23 11:00:00,0.572,1,0
REQ-02308,2026-03-23 11:00:00,0.7215,1,0
REQ-00987,2026-03-23 11:00:00,0.643,1,0
REQ-01104,2026-03-23 13:00:00,0.6032,1,0
REQ-02228,2026-03-23 14:00:00,0.7127,1,1
REQ-00320,2026-03-23 14:00:00,0.275,0,0
REQ-00280,2026-03-23 14:00:00,0.2507,0,0
REQ-02525,2026-03-23 16:00:00,0.3934,0,0
REQ-00418,2026-03-23 16:00:00,0.5575,1,1
REQ-01916,2026-03-23 17:00:00,0.4275,0,0
REQ-00352,2026-03-23 17:00:00,0.127,0,0
REQ-01778,2026-03-23 17:00:00,0.5409,1,0
REQ-00076,2026-03-23 18:00:00,0.2736,0,0
REQ-01458,2026-03-23 19:00:00,0.2662,0,0
REQ-01381,2026-03-23 19:00:00,0.3428,0,1
REQ-02187,2026-03-23 20:00:00,0.7836,1,1
REQ-01144,2026-03-23 21:00:00,0.7574,1,1
REQ-02088,2026-03-23 23:00:00,0.5545,1,0
REQ-02920,2026-03-24 00:00:00,0.7784,1,0
REQ-02051,2026-03-24 01:00:00,0.7208,1,1
REQ-00927,2026-03-24 01:00:00,0.3037,0,0
REQ-02150,2026-03-24 02:00:00,0.5524,1,1
REQ-00402,2026-03-24 02:00:00,0.1057,0,0
REQ-01366,2026-03-24 03:00:00,0.3143,0,0
REQ-00270,2026-03-24 03:00:00,0.495,0,0
REQ-02417,2026-03-24 04:00:00,0.5831,1,0
REQ-00949,2026-03-24 05:00:00,0.2984,0,0
REQ-00087,2026-03-24 05:00:00,0.2229,0,0
REQ-01390,2026-03-24 06:00:00,0.3032,0,0
REQ-01490,2026-03-24 07:00:00,0.3495,0,1
REQ-01904,2026-03-24 07:00:00,0.4025,0,0
REQ-02270,2026-03-24 07:00:00,0.4288,0,0
REQ-02780,2026-03-24 08:00:00,0.2411,0,0
REQ-01580,2026-03-24 08:00:00,0.5681,1,1
REQ-02978,2026-03-24 10:00:00,0.5174,1,1
REQ-00525,2026-03-24 11:00:00,0.2225,0,0
REQ-01672,2026-03-24 11:00:00,0.7098,1,0
REQ-00951,2026-03-24 12:00:00,0.5438,1,0
REQ-00313,2026-03-24 13:00:00,0.3808,0,0
REQ-00412,2026-03-24 13:00:00,0.3026,0,0
REQ-01260,2026-03-24 13:00:00,0.5396,1,0
REQ-00151,2026-03-24 13:00:00,0.2728,0,0
REQ-01208,2026-03-24 14:00:00,0.4334,0,0
REQ-01154,2026-03-24 14:00:00,0.6779,1,0
REQ-02272,2026-03-24 16:00:00,0.5688,1,0
REQ-00967,2026-03-24 16:00:00,0.3427,0,0
REQ-00332,2026-03-24 17:00:00,0.3805,0,0
REQ-00594,2026-03-24 17:00:00,0.5953,1,0
REQ-02126,2026-03-24 17:00:00,0.217,0,0
REQ-01493,2026-03-24 19:00:00,0.4485,0,0
REQ-01793,2026-03-24 19:00:00,0.5546,1,0
REQ-00215,2026-03-24 20:00:00,0.6539,1,0
REQ-00306,2026-03-24 22:00:00,0.7237,1,0
REQ-01315,2026-03-24 22:00:00,0.3784,0,0
REQ-01033,2026-03-24 22:00:00,0.5784,1,0
REQ-00795,2026-03-24 22:00:00,0.7596,1,0
REQ-02540,2026-03-24 23:00:00,0.5123,1,0
REQ-00038,2026-03-24 23:00:00,0.5113,1,0
REQ-01906,2026-03-24 23:00:00,0.1989,0,0
REQ-02109,2026-03-24 23:00:00,0.6201,1,0
REQ-00524,2026-03-25 00:00:00,0.3588,0,0
REQ-00293,2026-03-25 00:00:00,0.5302,1,0
REQ-00367,2026-03-25 00:00:00,0.3782,0,0
REQ-01176,2026-03-25 02:00:00,0.416,0,0
REQ-00341,2026-03-25 03:00:00,0.6183,1,1
REQ-01424,2026-03-25 04:00:00,0.5739,1,1
REQ-00446,2026-03-25 05:00:00,0.617,1,0
REQ-01475,2026-03-25 05:00:00,0.4476,0,0
REQ-02707,2026-03-25 05:00:00,0.5932,1,1
REQ-01409,2026-03-25 06:00:00,0.6662,1,0
REQ-02108,2026-03-25 06:00:00,0.5392,1,0
REQ-00606,2026-03-25 07:00:00,0.1391,0,0
REQ-01817,2026-03-25 07:00:00,0.7649,1,1
REQ-01337,2026-03-25 07:00:00,0.1965,0,0
REQ-01412,2026-03-25 08:00:00,0.2894,0,0
REQ-01776,2026-03-25 08:00:00,0.5683,1,0
REQ-01461,2026-03-25 08:00:00,0.7118,1,0
REQ-01191,2026-03-25 09:00:00,0.2747,0,1
REQ-01438,2026-03-25 09:00:00,0.2749,0,0
REQ-02254,2026-03-25 10:00:00,0.6197,1,1
REQ-02040,2026-03-25 11:00:00,0.2658,0,0
REQ-01010,2026-03-25 11:00:00,0.7075,1,0
REQ-02551,2026-03-25 11:00:00,0.5134,1,1
REQ-01949,2026-03-25 13:00:00,0.1719,0,0
REQ-00253,2026-03-25 14:00:00,0.402,0,1
REQ-02091,2026-03-25 15:00:00,0.4632,0,1
REQ-02332,2026-03-25 17:00:00,0.4788,0,0
REQ-02345,2026-03-25 18:00:00,0.4596,0,1
REQ-02306,2026-03-25 18:00:00,0.5085,1,0
REQ-00379,2026-03-25 18:00:00,0.6143,1,0
REQ-02397,2026-03-25 18:00:00,0.3685,0,0
REQ-01645,2026-03-25 19:00:00,0.2709,0,0
REQ-01402,2026-03-25 19:00:00,0.4995,0,0
REQ-00617,2026-03-25 20:00:00,0.3401,0,0
REQ-01561,2026-03-25 22:00:00,0.4919,0,0
REQ-00208,2026-03-25 22:00:00,0.4097,0,0
REQ-02806,2026-03-25 23:00:00,0.1738,0,0
REQ-02271,2026-03-26 00:00:00,0.5556,1,0
REQ-00743,2026-03-26 01:00:00,0.7593,1,1
REQ-01941,2026-03-26 02:00:00,0.2806,0,0
REQ-00813,2026-03-26 02:00:00,0.3809,0,1
REQ-01296,2026-03-26 02:00:00,0.7154,1,1
REQ-01027,2026-03-26 02:00:00,0.4388,0,0
REQ-01321,2026-03-26 03:00:00,0.4122,0,0
REQ-00142,2026-03-26 03:00:00,0.441,0,0
REQ-01178,2026-03-26 05:00:00,0.7086,1,0
REQ-00291,2026-03-26 05:00:00,0.4349,0,0
REQ-00970,2026-03-26 08:00:00,0.6059,1,0
REQ-00854,2026-03-26 08:00:00,0.3172,0,0
REQ-01560,2026-03-26 10:00:00,0.696,1,0
REQ-00659,2026-03-26 10:00:00,0.3684,0,0
REQ-01013,2026-03-26 10:00:00,0.2379,0,0
REQ-01659,2026-03-26 11:00:00,0.3276,0,0
REQ-00449,2026-03-26 11:00:00,0.1388,0,0
REQ-00637,2026-03-26 11:00:00,0.5907,1,0
REQ-02192,2026-03-26 11:00:00,0.5212,1,0
REQ-01999,2026-03-26 11:00:00,0.1612,0,0
REQ-02346,2026-03-26 11:00:00,0.5878,1,1
REQ-02433,2026-03-26 12:00:00,0.4648,0,0
REQ-00645,2026-03-26 16:00:00,0.6228,1,1
REQ-01501,2026-03-26 17:00:00,0.2017,0,0
REQ-02575,2026-03-26 18:00:00,0.5706,1,0
REQ-02894,2026-03-26 18:00:00,0.5598,1,0
REQ-00298,2026-03-26 18:00:00,0.375,0,0
REQ-01820,2026-03-26 18:00:00,0.5947,1,0
REQ-00110,2026-03-26 18:00:00,0.5444,1,1
REQ-00631,2026-03-26 19:00:00,0.4783,0,0
REQ-00065,2026-03-26 20:00:00,0.3553,0,0
REQ-02110,2026-03-26 20:00:00,0.4762,0,0
REQ-02418,2026-03-26 21:00:00,0.287,0,1
REQ-01185,2026-03-27 00:00:00,0.4374,0,0
REQ-00801,2026-03-27 01:00:00,0.3683,0,0
REQ-02576,2026-03-27 01:00:00,0.6776,1,0
REQ-01434,2026-03-27 02:00:00,0.5531,1,1
REQ-01059,2026-03-27 03:00:00,0.1749,0,0
REQ-02927,2026-03-27 03:00:00,0.4539,0,1
REQ-02607,2026-03-27 04:00:00,0.4449,0,0
REQ-01755,2026-03-27 05:00:00,0.6191,1,0
REQ-02848,2026-03-27 05:00:00,0.3994,0,0
REQ-02129,2026-03-27 05:00:00,0.6217,1,1
REQ-01585,2026-03-27 06:00:00,0.4166,0,0
REQ-01620,2026-03-27 07:00:00,0.5992,1,0
REQ-02151,2026-03-27 08:00:00,0.5751,1,0
REQ-00695,2026-03-27 11:00:00,0.1965,0,0
REQ-02105,2026-03-27 12:00:00,0.6038,1,1
REQ-02811,2026-03-27 12:00:00,0.513,1,0
REQ-02786,2026-03-27 12:00:00,0.8386,1,0
REQ-02185,2026-03-27 13:00:00,0.6797,1,0
REQ-01399,2026-03-27 15:00:00,0.2708,0,0
REQ-01998,2026-03-27 17:00:00,0.511,1,0
REQ-00205,2026-03-27 17:00:00,0.5978,1,0
REQ-02954,2026-03-27 18:00:00,0.1712,0,0
REQ-00572,2026-03-27 19:00:00,0.6615,1,1
REQ-00932,2026-03-27 22:00:00,0.3952,0,0
REQ-02582,2026-03-27 23:00:00,0.3581,0,0
REQ-00553,2026-03-27 23:00:00,0.374,0,0
REQ-02866,2026-03-28 00:00:00,0.6612,1,1
REQ-00399,2026-03-28 01:00:00,0.0612,0,0
REQ-01851,2026-03-28 01:00:00,0.7126,1,0
REQ-02166,2026-03-28 01:00:00,0.4682,0,1
REQ-01306,2026-03-28 04:00:00,0.3388,0,0
REQ-00262,2026-03-28 04:00:00,0.6849,1,0
REQ-00166,2026-03-28 05:00:00,0.2796,0,0
REQ-02125,2026-03-28 05:00:00,0.5891,1,0
REQ-00095,2026-03-28 06:00:00,0.2722,0,0
REQ-01603,2026-03-28 07:00:00,0.3614,0,0
REQ-01238,2026-03-28 07:00:00,0.3793,0,0
REQ-00345,2026-03-28 07:00:00,0.2203,0,0
REQ-01575,2026-03-28 08:00:00,0.4835,0,0
REQ-00225,2026-03-28 09:00:00,0.5153,1,0
REQ-01503,2026-03-28 09:00:00,0.5479,1,1
REQ-01428,2026-03-28 09:00:00,0.527,1,0
REQ-01914,2026-03-28 10:00:00,0.3543,0,0
REQ-02354,2026-03-28 11:00:00,0.6419,1,0
REQ-02491,2026-03-28 11:00:00,0.5747,1,1
REQ-02870,2026-03-28 12:00:00,0.0852,0,0
REQ-00153,2026-03-28 13:00:00,0.2446,0,0
REQ-01803,2026-03-28 13:00:00,0.4976,0,0
REQ-00482,2026-03-28 13:00:00,0.3353,0,0
REQ-00480,2026-03-28 14:00:00,0.4794,0,1
REQ-02420,2026-03-28 14:00:00,0.5708,1,0
REQ-02044,2026-03-28 15:00:00,0.2084,0,0
REQ-02078,2026-03-28 15:00:00,0.2289,0,0
REQ-02705,2026-03-28 16:00:00,0.3268,0,0
REQ-02657,2026-03-28 16:00:00,0.3946,0,0
REQ-02237,2026-03-28 18:00:00,0.6876,1,0
REQ-02282,2026-03-28 18:00:00,0.6937,1,0
REQ-02832,2026-03-28 18:00:00,0.191,0,0
REQ-00889,2026-03-28 18:00:00,0.6016,1,0
REQ-01861,2026-03-28 19:00:00,0.1824,0,0
REQ-01482,2026-03-28 20:00:00,0.5731,1,0
REQ-00189,2026-03-28 20:00:00,0.5351,1,0
REQ-02483,2026-03-28 21:00:00,0.1126,0,0
REQ-02594,2026-03-28 22:00:00,0.2166,0,0
REQ-02996,2026-03-28 23:00:00,0.5827,1,0
REQ-02186,2026-03-29 00:00:00,0.6257,1,1
REQ-01450,2026-03-29 00:00:00,0.3219,0,0
REQ-02429,2026-03-29 00:00:00,0.4338,0,0
REQ-00840,2026-03-29 02:00:00,0.3488,0,0
REQ-02020,2026-03-29 03:00:00,0.2422,0,0
REQ-02291,2026-03-29 04:00:00,0.4704,0,1
REQ-00238,2026-03-29 04:00:00,0.202,0,0
REQ-01700,2026-03-29 05:00:00,0.3836,0,0
REQ-01822,2026-03-29 08:00:00,0.5607,1,1
REQ-01513,2026-03-29 08:00:00,0.4555,0,0
REQ-02310,2026-03-29 09:00:00,0.4567,0,0
REQ-01248,2026-03-29 09:00:00,0.5012,1,0
REQ-00748,2026-03-29 10:00:00,0.7834,1,0
REQ-01639,2026-03-29 10:00:00,0.3986,0,0
REQ-00494,2026-03-29 11:00:00,0.4841,0,0
REQ-01819,2026-03-29 12:00:00,0.3979,0,1
REQ-02398,2026-03-29 13:00:00,0.6091,1,0
REQ-01403,2026-03-29 13:00:00,0.3313,0,0
REQ-02015,2026-03-29 13:00:00,0.519,1,0
REQ-02196,2026-03-29 13:00:00,0.4721,0,0
REQ-02775,2026-03-29 14:00:00,0.6458,1,1
REQ-01094,2026-03-29 17:00:00,0.3858,0,0
REQ-00210,2026-03-29 17:00:00,0.5954,1,1
REQ-02649,2026-03-29 20:00:00,0.6416,1,1
REQ-01113,2026-03-29 20:00:00,0.4336,0,0
REQ-01122,2026-03-29 21:00:00,0.7141,1,0
REQ-00778,2026-03-29 21:00:00,0.6707,1,1
REQ-00747,2026-03-29 21:00:00,0.5606,1,1
REQ-02587,2026-03-29 22:00:00,0.5767,1,0
REQ-01992,2026-03-29 22:00:00,0.3022,0,0
REQ-00533,2026-03-29 22:00:00,0.3902,0,0
REQ-01600,2026-03-29 22:00:00,0.4822,0,0
REQ-02807,2026-03-29 23:00:00,0.0799,0,0
REQ-01881,2026-03-29 23:00:00,0.4198,0,0
REQ-01130,2026-03-30 01:00:00,0.4928,0,0
REQ-02745,2026-03-30 03:00:00,0.4006,0,1
REQ-02404,2026-03-30 04:00:00,0.5826,1,1
REQ-01159,2026-03-30 05:00:00,0.5721,1,0
REQ-02133,2026-03-30 06:00:00,0.6073,1,0
REQ-01235,2026-03-30 06:00:00,0.3578,0,0
REQ-01944,2026-03-30 06:00:00,0.2868,0,0
REQ-02739,2026-03-30 06:00:00,0.3474,0,0
REQ-01591,2026-03-30 06:00:00,0.4137,0,0
REQ-02679,2026-03-30 07:00:00,0.4637,0,0
REQ-02621,2026-03-30 07:00:00,0.4577,0,1
REQ-01319,2026-03-30 07:00:00,0.7867,1,1
REQ-02011,2026-03-30 08:00:00,0.3214,0,0
REQ-02016,2026-03-30 09:00:00,0.259,0,0
REQ-02695,2026-03-30 10:00:00,0.3889,0,0
REQ-02849,2026-03-30 10:00:00,0.5881,1,0
REQ-01592,2026-03-30 12:00:00,0.5456,1,0
REQ-00613,2026-03-30 12:00:00,0.7422,1,0
REQ-02366,2026-03-30 14:00:00,0.6339,1,0
REQ-00247,2026-03-30 14:00:00,0.7354,1,1
REQ-01571,2026-03-30 15:00:00,0.6241,1,1
REQ-01634,2026-03-30 17:00:00,0.4393,0,0
REQ-00686,2026-03-30 17:00:00,0.1113,0,0
REQ-02563,2026-03-30 17:00:00,0.6104,1,0
REQ-01043,2026-03-30 18:00:00,0.2425,0,0
REQ-01977,2026-03-30 18:00:00,0.7372,1,0
REQ-02561,2026-03-30 19:00:00,0.1204,0,0
REQ-00026,2026-03-30 19:00:00,0.6052,1,0
REQ-01284,2026-03-30 20:00:00,0.5423,1,0
REQ-02892,2026-03-30 21:00:00,0.6442,1,0
REQ-02884,2026-03-30 21:00:00,0.6081,1,0
REQ-00021,2026-03-30 22:00:00,0.4226,0,0
REQ-02427,2026-03-30 23:00:00,0.1781,0,0
REQ-02826,2026-03-31 01:00:00,0.4257,0,0
REQ-00162,2026-03-31 02:00:00,0.5177,1,0
REQ-01371,2026-03-31 04:00:00,0.3212,0,0
REQ-01282,2026-03-31 04:00:00,0.519,1,0
REQ-02072,2026-03-31 05:00:00,0.8198,1,1
REQ-01772,2026-03-31 05:00:00,0.6759,1,0
REQ-02485,2026-03-31 05:00:00,0.2132,0,0
REQ-01167,2026-03-31 06:00:00,0.629,1,0
REQ-00908,2026-03-31 08:00:00,0.4399,0,0
REQ-00912,2026-03-31 08:00:00,0.5281,1,0
REQ-01874,2026-03-31 08:00:00,0.658,1,0
REQ-01955,2026-03-31 08:00:00,0.4809,0,0
REQ-00193,2026-03-31 08:00:00,0.5473,1,1
REQ-02762,2026-03-31 08:00:00,0.3808,0,0
REQ-01158,2026-03-31 09:00:00,0.569,1,1
REQ-00959,2026-03-31 12:00:00,0.4143,0,0
REQ-00196,2026-03-31 13:00:00,0.4909,0,0
REQ-01966,2026-03-31 13:00:00,0.6256,1,1
REQ-02586,2026-03-31 13:00:00,0.3594,0,0
REQ-02029,2026-03-31 15:00:00,0.6375,1,0
REQ-02215,2026-03-31 15:00:00,0.3025,0,0
REQ-00627,2026-03-31 15:00:00,0.7408,1,1
REQ-00093,2026-03-31 16:00:00,0.6098,1,0
REQ-02373,2026-03-31 16:00:00,0.1414,0,0
REQ-02636,2026-03-31 18:00:00,0.354,0,0
REQ-02058,2026-03-31 18:00:00,0.3435,0,0
REQ-02834,2026-03-31 18:00:00,0.5488,1,0
REQ-01747,2026-03-31 18:00:00,0.7063,1,1
REQ-01137,2026-03-31 19:00:00,0.3,0,0
REQ-01406,2026-03-31 19:00:00,0.4218,0,0
REQ-01016,2026-03-31 21:00:00,0.6356,1,0
REQ-01710,2026-03-31 23:00:00,0.5704,1,0
REQ-02162,2026-04-01 00:00:00,0.4564,0,0
REQ-01687,2026-04-01 00:00:00,0.1999,0,0
REQ-02289,2026-04-01 00:00:00,0.6442,1,1
REQ-01770,2026-04-01 01:00:00,0.5351,1,0
REQ-01510,2026-04-01 02:00:00,0.65,1,0
REQ-02424,2026-04-01 02:00:00,0.6012,1,0
REQ-01698,2026-04-01 02:00:00,0.4241,0,1
REQ-01494,2026-04-01 03:00:00,0.232,0,0
REQ-02766,2026-04-01 03:00:00,0.6992,1,0
REQ-00372,2026-04-01 03:00:00,0.2962,0,0
REQ-00163,2026-04-01 04:00:00,0.486,0,1
REQ-02568,2026-04-01 04:00:00,0.52,1,0
REQ-00941,2026-04-01 04:00:00,0.5023,1,0
REQ-02414,2026-04-01 04:00:00,0.3153,0,0
REQ-01924,2026-04-01 07:00:00,0.6137,1,1
REQ-01150,2026-04-01 07:00:00,0.2374,0,0
REQ-00769,2026-04-01 08:00:00,0.1929,0,0
REQ-00486,2026-04-01 09:00:00,0.3154,0,0
REQ-01065,2026-04-01 09:00:00,0.2388,0,0
REQ-01175,2026-04-01 10:00:00,0.0968,0,0
REQ-01830,2026-04-01 10:00:00,0.5594,1,0
REQ-01382,2026-04-01 11:00:00,0.3631,0,0
REQ-02489,2026-04-01 12:00:00,0.444,0,0
REQ-01477,2026-04-01 13:00:00,0.1383,0,0
REQ-01880,2026-04-01 15:00:00,0.3026,0,0
REQ-02682,2026-04-01 15:00:00,0.4787,0,0
REQ-02278,2026-04-01 15:00:00,0.5946,1,0
REQ-02075,2026-04-01 15:00:00,0.5911,1,1
REQ-01251,2026-04-01 16:00:00,0.6824,1,0
REQ-00062,2026-04-01 16:00:00,0.5501,1,0
REQ-02383,2026-04-01 16:00:00,0.1569,0,0
REQ-01384,2026-04-01 16:00:00,0.1021,0,0
REQ-01926,2026-04-01 18:00:00,0.6715,1,0
REQ-01051,2026-04-01 18:00:00,0.3337,0,0
REQ-00187,2026-04-01 19:00:00,0.3249,0,0
REQ-01718,2026-04-01 19:00:00,0.4228,0,0
REQ-01029,2026-04-01 21:00:00,0.4039,0,0
REQ-00764,2026-04-01 21:00:00,0.275,0,0
REQ-02799,2026-04-01 22:00:00,0.5669,1,1
REQ-01190,2026-04-02 00:00:00,0.5855,1,1
REQ-02200,2026-04-02 01:00:00,0.2214,0,0
REQ-01093,2026-04-02 02:00:00,0.5861,1,0
REQ-02584,2026-04-02 05:00:00,0.0812,0,0
REQ-02653,2026-04-02 06:00:00,0.4164,0,1
REQ-00138,2026-04-02 06:00:00,0.6378,1,0
REQ-01484,2026-04-02 06:00:00,0.518,1,0
REQ-00497,2026-04-02 07:00:00,0.21,0,0
REQ-02490,2026-04-02 07:00:00,0.3822,0,0
REQ-01362,2026-04-02 11:00:00,0.2041,0,0
REQ-00373,2026-04-02 12:00:00,0.5916,1,0
REQ-01339,2026-04-02 12:00:00,0.5897,1,0
REQ-01172,2026-04-02 13:00:00,0.435,0,0
REQ-02440,2026-04-02 14:00:00,0.5887,1,0
REQ-01684,2026-04-02 14:00:00,0.2534,0,0
REQ-02909,2026-04-02 15:00:00,0.5422,1,0
REQ-00956,2026-04-02 15:00:00,0.6371,1,0
REQ-00551,2026-04-02 15:00:00,0.6123,1,0
REQ-00808,2026-04-02 15:00:00,0.4845,0,0
REQ-02914,2026-04-02 16:00:00,0.2315,0,0
REQ-02723,2026-04-02 16:00:00,0.3959,0,0
REQ-00737,2026-04-02 16:00:00,0.4273,0,0
REQ-02224,2026-04-02 16:00:00,0.55,1,1
REQ-00043,2026-04-02 16:00:00,0.3083,0,0
REQ-02484,2026-04-02 17:00:00,0.4348,0,0
REQ-00495,2026-04-02 17:00:00,0.3096,0,0
REQ-02580,2026-04-02 18:00:00,0.5003,1,0
REQ-02758,2026-04-02 18:00:00,0.4072,0,0
REQ-01887,2026-04-02 18:00:00,0.5203,1,0
REQ-01479,2026-04-02 18:00:00,0.6661,1,0
REQ-00978,2026-04-02 19:00:00,0.475,0,0
REQ-00757,2026-04-02 19:00:00,0.5049,1,0
REQ-00143,2026-04-02 23:00:00,0.7684,1,0
REQ-02508,2026-04-02 23:00:00,0.3433,0,0
REQ-01351,2026-04-02 23:00:00,0.3968,0,1
REQ-02326,2026-04-02 23:00:00,0.1941,0,0
REQ-01756,2026-04-03 00:00:00,0.5853,1,1
REQ-02591,2026-04-03 01:00:00,0.1515,0,0
REQ-01865,2026-04-03 02:00:00,0.4957,0,0
REQ-01899,2026-04-03 02:00:00,0.5042,1,1
REQ-02851,2026-04-03 03:00:00,0.4862,0,0
REQ-01781,2026-04-03 03:00:00,0.3836,0,0
REQ-02341,2026-04-03 07:00:00,0.1391,0,0
REQ-02002,2026-04-03 09:00:00,0.3389,0,0
REQ-00300,2026-04-03 10:00:00,0.3447,0,0
REQ-02059,2026-04-03 10:00:00,0.3755,0,0
REQ-02144,2026-04-03 11:00:00,0.7311,1,0
REQ-01301,2026-04-03 14:00:00,0.4811,0,1
REQ-02203,2026-04-03 16:00:00,0.7115,1,0
REQ-02847,2026-04-03 17:00:00,0.5272,1,0
REQ-00267,2026-04-03 19:00:00,0.4489,0,0
REQ-02322,2026-04-03 19:00:00,0.5361,1,1
REQ-02573,2026-04-03 19:00:00,0.2404,0,0
REQ-00575,2026-04-03 19:00:00,0.4394,0,0
REQ-02356,2026-04-03 20:00:00,0.4834,0,0
REQ-00067,2026-04-03 22:00:00,0.4429,0,0
REQ-02778,2026-04-03 22:00:00,0.4214,0,0
REQ-01583,2026-04-03 22:00:00,0.6107,1,1
REQ-00064,2026-04-03 22:00:00,0.2519,0,0
REQ-02874,2026-04-03 23:00:00,0.5525,1,0
REQ-00906,2026-04-04 00:00:00,0.1435,0,0
REQ-02281,2026-04-04 00:00:00,0.5388,1,0
REQ-01863,2026-04-04 00:00:00,0.2969,0,0
REQ-02406,2026-04-04 02:00:00,0.4438,0,0
REQ-01068,2026-04-04 03:00:00,0.52,1,0
REQ-02190,2026-04-04 03:00:00,0.55,1,0
REQ-01646,2026-04-04 05:00:00,0.3622,0,0
REQ-00990,2026-04-04 06:00:00,0.2375,0,0
REQ-00584,2026-04-04 06:00:00,0.5602,1,0
REQ-00052,2026-04-04 06:00:00,0.2419,0,0
REQ-00633,2026-04-04 07:00:00,0.5718,1,0
REQ-01042,2026-04-04 07:00:00,0.554,1,0
REQ-01628,2026-04-04 08:00:00,0.3525,0,0
REQ-01771,2026-04-04 08:00:00,0.3535,0,0
REQ-02599,2026-04-04 09:00:00,0.2475,0,0
REQ-00626,2026-04-04 09:00:00,0.6958,1,0
REQ-01973,2026-04-04 09:00:00,0.7007,1,1
REQ-02073,2026-04-04 11:00:00,0.3843,0,0
REQ-00392,2026-04-04 13:00:00,0.3914,0,0
REQ-01308,2026-04-04 14:00:00,0.3152,0,0
REQ-02543,2026-04-04 14:00:00,0.1554,0,0
REQ-01270,2026-04-04 14:00:00,0.7522,1,0
REQ-02472,2026-04-04 14:00:00,0.2179,0,0
REQ-02355,2026-04-04 17:00:00,0.5538,1,1
REQ-01665,2026-04-04 18:00:00,0.2873,0,0
REQ-00168,2026-04-04 18:00:00,0.5109,1,0
REQ-00520,2026-04-04 18:00:00,0.3608,0,0
REQ-00439,2026-04-04 19:00:00,0.4007,0,1
REQ-00629,2026-04-04 19:00:00,0.5126,1,1
REQ-02290,2026-04-04 19:00:00,0.4896,0,0
REQ-01846,2026-04-04 20:00:00,0.3213,0,0
REQ-00571,2026-04-04 21:00:00,0.405,0,0
REQ-01856,2026-04-04 22:00:00,0.3751,0,0
REQ-00997,2026-04-04 22:00:00,0.327,0,0
REQ-02589,2026-04-04 22:00:00,0.6199,1,1
REQ-01761,2026-04-04 22:00:00,0.3851,0,0
REQ-00331,2026-04-04 22:00:00,0.5598,1,0
REQ-01311,2026-04-04 23:00:00,0.7427,1,1
REQ-01693,2026-04-05 00:00:00,0.2578,0,1
REQ-01141,2026-04-05 00:00:00,0.5143,1,0
REQ-00961,2026-04-05 00:00:00,0.3837,0,0
REQ-00378,2026-04-05 00:00:00,0.2059,0,0
REQ-01753,2026-04-05 02:00:00,0.7661,1,0
REQ-01329,2026-04-05 03:00:00,0.2494,0,0
REQ-02545,2026-04-05 05:00:00,0.6897,1,0
REQ-02460,2026-04-05 07:00:00,0.4431,0,0
REQ-02055,2026-04-05 07:00:00,0.5561,1,0
REQ-02191,2026-04-05 09:00:00,0.1663,0,0
REQ-02919,2026-04-05 09:00:00,0.3179,0,0
REQ-00200,2026-04-05 10:00:00,0.4864,0,1
REQ-02748,2026-04-05 10:00:00,0.4526,0,0
REQ-02523,2026-04-05 10:00:00,0.4307,0,1
REQ-02159,2026-04-05 11:00:00,0.7283,1,0
REQ-01267,2026-04-05 11:00:00,0.4391,0,0
REQ-01467,2026-04-05 15:00:00,0.4893,0,0
REQ-01936,2026-04-05 17:00:00,0.3504,0,0
REQ-02052,2026-04-05 17:00:00,0.5701,1,1
REQ-01760,2026-04-05 18:00:00,0.4456,0,0
REQ-01359,2026-04-05 18:00:00,0.6776,1,0
REQ-01356,2026-04-05 18:00:00,0.2261,0,0
REQ-01792,2026-04-05 19:00:00,0.1827,0,0
REQ-02997,2026-04-05 20:00:00,0.7024,1,0
REQ-00198,2026-04-05 20:00:00,0.6865,1,0
REQ-01920,2026-04-05 20:00:00,0.3037,0,0
REQ-01834,2026-04-05 20:00:00,0.6472,1,1
REQ-01773,2026-04-05 21:00:00,0.1727,0,0
REQ-00745,2026-04-05 21:00:00,0.5992,1,1
REQ-00370,2026-04-05 21:00:00,0.5544,1,0
REQ-01717,2026-04-05 22:00:00,0.3837,0,0
REQ-02139,2026-04-05 23:00:00,0.5166,1,0
REQ-02759,2026-04-06 00:00:00,0.4409,0,0
REQ-02915,2026-04-06 01:00:00,0.7295,1,1
REQ-01767,2026-04-06 01:00:00,0.7316,1,1
REQ-02843,2026-04-06 01:00:00,0.1582,0,0
REQ-02077,2026-04-06 02:00:00,0.5462,1,0
REQ-00536,2026-04-06 05:00:00,0.395,0,0
REQ-01243,2026-04-06 05:00:00,0.5711,1,0
REQ-00632,2026-04-06 06:00:00,0.5965,1,0
REQ-01457,2026-04-06 06:00:00,0.3467,0,0
REQ-01091,2026-04-06 07:00:00,0.3877,0,0
REQ-00870,2026-04-06 07:00:00,0.3672,0,0
REQ-01119,2026-04-06 08:00:00,0.5563,1,1
REQ-00463,2026-04-06 08:00:00,0.6335,1,0
REQ-02990,2026-04-06 08:00:00,0.548,1,0
REQ-00799,2026-04-06 09:00:00,0.4104,0,0
REQ-01184,2026-04-06 09:00:00,0.7215,1,0
REQ-00797,2026-04-06 10:00:00,0.3364,0,0
REQ-00069,2026-04-06 11:00:00,0.5668,1,0
REQ-00154,2026-04-06 11:00:00,0.5098,1,0
REQ-00334,2026-04-06 12:00:00,0.5295,1,1
REQ-01696,2026-04-06 12:00:00,0.4525,0,0
REQ-00276,2026-04-06 12:00:00,0.4073,0,1
REQ-00915,2026-04-06 13:00:00,0.558,1,0
REQ-01100,2026-04-06 15:00:00,0.6325,1,1
REQ-02564,2026-04-06 15:00:00,0.495,0,0
REQ-00283,2026-04-06 16:00:00,0.2296,0,0
REQ-02317,2026-04-06 17:00:00,0.4656,0,1
REQ-01852,2026-04-06 17:00:00,0.545,1,0
REQ-01419,2026-04-06 17:00:00,0.4696,0,0
REQ-01728,2026-04-06 18:00:00,0.2948,0,0
REQ-02506,2026-04-06 18:00:00,0.2644,0,0
REQ-00972,2026-04-06 20:00:00,0.3613,0,0
REQ-00650,2026-04-06 20:00:00,0.5509,1,0
REQ-02025,2026-04-06 20:00:00,0.1451,0,0
REQ-00164,2026-04-06 21:00:00,0.3144,0,0
REQ-02660,2026-04-06 21:00:00,0.716,1,0
REQ-02455,2026-04-06 22:00:00,0.2992,0,0
REQ-01367,2026-04-06 23:00:00,0.2642,0,0
REQ-01953,2026-04-07 00:00:00,0.6264,1,0
REQ-01017,2026-04-07 01:00:00,0.3088,0,0
REQ-01417,2026-04-07 02:00:00,0.4868,0,0
REQ-01219,2026-04-07 03:00:00,0.2106,0,0
REQ-02761,2026-04-07 03:00:00,0.6127,1,0
REQ-02845,2026-04-07 03:00:00,0.4455,0,0
REQ-00791,2026-04-07 05:00:00,0.3263,0,0
REQ-02390,2026-04-07 06:00:00,0.616,1,0
REQ-00934,2026-04-07 06:00:00,0.6562,1,1
REQ-01330,2026-04-07 07:00:00,0.5299,1,0
REQ-00289,2026-04-07 07:00:00,0.4869,0,0
REQ-01247,2026-04-07 08:00:00,0.5475,1,1
REQ-02716,2026-04-07 09:00:00,0.584,1,1
REQ-02464,2026-04-07 09:00:00,0.5731,1,0
REQ-01491,2026-04-07 09:00:00,0.637,1,0
REQ-01058,2026-04-07 10:00:00,0.5892,1,0
REQ-02275,2026-04-07 11:00:00,0.5618,1,0
REQ-00443,2026-04-07 12:00:00,0.3307,0,0
REQ-02548,2026-04-07 12:00:00,0.5592,1,0
REQ-02039,2026-04-07 12:00:00,0.7266,1,1
REQ-00621,2026-04-07 13:00:00,0.1247,0,0
REQ-02738,2026-04-07 13:00:00,0.462,0,0
REQ-00868,2026-04-07 13:00:00,0.592,1,0
REQ-01802,2026-04-07 13:00:00,0.7005,1,0
REQ-02415,2026-04-07 14:00:00,0.1255,0,0
REQ-01372,2026-04-07 14:00:00,0.2412,0,0
REQ-00434,2026-04-07 15:00:00,0.5212,1,0
REQ-02693,2026-04-07 15:00:00,0.4834,0,0
REQ-00072,2026-04-07 16:00:00,0.4187,0,0
REQ-00274,2026-04-07 16:00:00,0.57,1,1
REQ-01498,2026-04-07 17:00:00,0.7109,1,0
REQ-01078,2026-04-07 17:00:00,0.7684,1,0
REQ-00717,2026-04-07 18:00:00,0.5206,1,0
REQ-00221,2026-04-07 18:00:00,0.7084,1,1
REQ-00973,2026-04-07 19:00:00,0.4759,0,0
REQ-01740,2026-04-07 20:00:00,0.23,0,0
REQ-01917,2026-04-07 21:00:00,0.1331,0,0
REQ-01145,2026-04-07 22:00:00,0.4614,0,0
REQ-00993,2026-04-07 23:00:00,0.3935,0,0
REQ-01262,2026-04-08 00:00:00,0.578,1,0
REQ-02641,2026-04-08 00:00:00,0.4595,0,0
REQ-00204,2026-04-08 02:00:00,0.2244,0,0
REQ-02340,2026-04-08 02:00:00,0.5311,1,1
REQ-01788,2026-04-08 03:00:00,0.6299,1,1
REQ-01038,2026-04-08 03:00:00,0.4811,0,0
REQ-02933,2026-04-08 05:00:00,0.4603,0,0
REQ-00755,2026-04-08 05:00:00,0.35,0,0
REQ-01074,2026-04-08 06:00:00,0.6252,1,0
REQ-02076,2026-04-08 07:00:00,0.5905,1,1
REQ-01565,2026-04-08 08:00:00,0.4301,0,0
REQ-01099,2026-04-08 08:00:00,0.7144,1,1
REQ-01967,2026-04-08 08:00:00,0.2494,0,0
REQ-00728,2026-04-08 09:00:00,0.2514,0,0
REQ-00090,2026-04-08 09:00:00,0.2025,0,0
REQ-00406,2026-04-08 11:00:00,0.2712,0,0
REQ-01516,2026-04-08 11:00:00,0.3395,0,1
REQ-00053,2026-04-08 12:00:00,0.6827,1,0
REQ-02801,2026-04-08 16:00:00,0.5276,1,0
REQ-00404,2026-04-08 17:00:00,0.7073,1,1
REQ-01798,2026-04-08 17:00:00,0.703,1,1
REQ-01161,2026-04-08 17:00:00,0.399,0,1
REQ-01794,2026-04-08 18:00:00,0.3589,0,0
REQ-02179,2026-04-08 19:00:00,0.5954,1,0
REQ-00484,2026-04-08 20:00:00,0.1712,0,0
REQ-00546,2026-04-08 20:00:00,0.3828,0,0
REQ-01212,2026-04-08 21:00:00,0.5038,1,0
REQ-00284,2026-04-08 21:00:00,0.4493,0,0
REQ-02729,2026-04-08 21:00:00,0.5405,1,0
REQ-00562,2026-04-08 22:00:00,0.3884,0,1
REQ-01742,2026-04-08 23:00:00,0.5707,1,0
REQ-01519,2026-04-09 00:00:00,0.4437,0,0
REQ-02715,2026-04-09 00:00:00,0.5163,1,0
REQ-02685,2026-04-09 01:00:00,0.6076,1,0
REQ-02520,2026-04-09 01:00:00,0.4136,0,0
REQ-00623,2026-04-09 02:00:00,0.5467,1,0
REQ-02663,2026-04-09 03:00:00,0.3358,0,0
REQ-00499,2026-04-09 03:00:00,0.3633,0,0
REQ-02177,2026-04-09 03:00:00,0.4758,0,0
REQ-00452,2026-04-09 04:00:00,0.3299,0,0
REQ-01443,2026-04-09 04:00:00,0.5767,1,0
REQ-00953,2026-04-09 05:00:00,0.6149,1,0
REQ-02273,2026-04-09 06:00:00,0.6105,1,0
REQ-02768,2026-04-09 06:00:00,0.4726,0,0
REQ-01115,2026-04-09 07:00:00,0.5449,1,1
REQ-02353,2026-04-09 07:00:00,0.5906,1,1
REQ-00922,2026-04-09 08:00:00,0.2946,0,0
REQ-01889,2026-04-09 08:00:00,0.4593,0,1
REQ-00708,2026-04-09 10:00:00,0.3351,0,0
REQ-01292,2026-04-09 10:00:00,0.3753,0,0
REQ-01472,2026-04-09 10:00:00,0.2961,0,1
REQ-00643,2026-04-09 10:00:00,0.4279,0,0
REQ-02006,2026-04-09 11:00:00,0.4547,0,1
REQ-00139,2026-04-09 11:00:00,0.4718,0,0
REQ-02458,2026-04-09 14:00:00,0.5521,1,0
REQ-01991,2026-04-09 15:00:00,0.4158,0,0
REQ-02204,2026-04-09 15:00:00,0.419,0,0
REQ-02434,2026-04-09 16:00:00,0.4583,0,0
REQ-02475,2026-04-09 16:00:00,0.5772,1,0
REQ-01548,2026-04-09 16:00:00,0.4322,0,1
REQ-00776,2026-04-09 17:00:00,0.4444,0,0
REQ-02394,2026-04-09 19:00:00,0.1385,0,0
REQ-01030,2026-04-09 19:00:00,0.3763,0,0
REQ-01352,2026-04-09 20:00:00,0.4283,0,0
REQ-02975,2026-04-09 20:00:00,0.2829,0,0
REQ-01813,2026-04-09 21:00:00,0.5772,1,0
REQ-00175,2026-04-09 21:00:00,0.6188,1,0
REQ-02989,2026-04-09 22:00:00,0.5849,1,0
REQ-02408,2026-04-09 22:00:00,0.3289,0,0
REQ-02249,2026-04-09 23:00:00,0.6227,1,0
REQ-01677,2026-04-09 23:00:00,0.5996,1,0
REQ-00882,2026-04-10 00:00:00,0.4575,0,0
REQ-00234,2026-04-10 00:00:00,0.4428,0,0
REQ-02526,2026-04-10 02:00:00,0.5901,1,0
REQ-01507,2026-04-10 02:00:00,0.5746,1,1
REQ-01540,2026-04-10 04:00:00,0.3916,0,0
REQ-01801,2026-04-10 04:00:00,0.6695,1,0
REQ-00424,2026-04-10 06:00:00,0.4942,0,0
REQ-02644,2026-04-10 06:00:00,0.4733,0,1
REQ-02979,2026-04-10 06:00:00,0.6097,1,1
REQ-02961,2026-04-10 07:00:00,0.5398,1,0
REQ-00123,2026-04-10 07:00:00,0.1938,0,0
REQ-00120,2026-04-10 08:00:00,0.7519,1,0
REQ-00366,2026-04-10 08:00:00,0.623,1,0
REQ-01495,2026-04-10 09:00:00,0.2776,0,0
REQ-00184,2026-04-10 09:00:00,0.4068,0,0
REQ-02019,2026-04-10 11:00:00,0.3538,0,1
REQ-00646,2026-04-10 11:00:00,0.4445,0,0
REQ-02419,2026-04-10 11:00:00,0.1511,0,0
REQ-02565,2026-04-10 11:00:00,0.3365,0,0
REQ-02953,2026-04-10 13:00:00,0.7708,1,0
REQ-02734,2026-04-10 13:00:00,0.6117,1,0
REQ-01436,2026-04-10 14:00:00,0.732,1,0
REQ-00928,2026-04-10 15:00:00,0.2973,0,0
REQ-02297,2026-04-10 15:00:00,0.3485,0,0
REQ-00518,2026-04-10 17:00:00,0.4092,0,1
REQ-01923,2026-04-10 18:00:00,0.4758,0,0
REQ-02003,2026-04-10 18:00:00,0.2127,0,0
REQ-00611,2026-04-10 18:00:00,0.4255,0,0
REQ-02643,2026-04-10 18:00:00,0.4676,0,1
REQ-02912,2026-04-10 19:00:00,0.6184,1,0
REQ-02859,2026-04-10 21:00:00,0.5415,1,0
REQ-00004,2026-04-10 22:00:00,0.4906,0,1
REQ-02462,2026-04-10 22:00:00,0.248,0,0
REQ-01554,2026-04-10 23:00:00,0.7497,1,1
REQ-01518,2026-04-10 23:00:00,0.403,0,0
REQ-02957,2026-04-11 00:00:00,0.5438,1,0
REQ-00938,2026-04-11 01:00:00,0.1129,0,0
REQ-02134,2026-04-11 01:00:00,0.508,1,0
REQ-00353,2026-04-11 02:00:00,0.1996,0,0
REQ-00046,2026-04-11 02:00:00,0.4744,0,0
REQ-01931,2026-04-11 03:00:00,0.1818,0,0
REQ-00472,2026-04-11 03:00:00,0.4156,0,0
REQ-00030,2026-04-11 03:00:00,0.6585,1,0
REQ-00266,2026-04-11 04:00:00,0.5327,1,0
REQ-02336,2026-04-11 04:00:00,0.1283,0,0
REQ-01201,2026-04-11 05:00:00,0.6259,1,0
REQ-00182,2026-04-11 05:00:00,0.118,0,0
REQ-00767,2026-04-11 05:00:00,0.5375,1,0
REQ-00019,2026-04-11 05:00:00,0.5131,1,0
REQ-00251,2026-04-11 05:00:00,0.422,0,0
REQ-00075,2026-04-11 05:00:00,0.7574,1,1
REQ-02998,2026-04-11 06:00:00,0.7557,1,1
REQ-02145,2026-04-11 06:00:00,0.3565,0,0
REQ-00281,2026-04-11 06:00:00,0.7359,1,1
REQ-02697,2026-04-11 08:00:00,0.2304,0,0
REQ-01840,2026-04-11 08:00:00,0.5734,1,0
REQ-00202,2026-04-11 09:00:00,0.7146,1,1
REQ-02046,2026-04-11 09:00:00,0.3809,0,0
REQ-02840,2026-04-11 10:00:00,0.354,0,1
REQ-02494,2026-04-11 10:00:00,0.66,1,0
REQ-02453,2026-04-11 11:00:00,0.4277,0,0
REQ-01224,2026-04-11 11:00:00,0.5411,1,0
REQ-00054,2026-04-11 12:00:00,0.4789,0,0
REQ-02216,2026-04-11 12:00:00,0.2824,0,0
REQ-01711,2026-04-11 13:00:00,0.4764,0,0
REQ-00832,2026-04-11 15:00:00,0.5636,1,0
REQ-02188,2026-04-11 17:00:00,0.3666,0,1
REQ-00081,2026-04-11 17:00:00,0.5366,1,0
REQ-01373,2026-04-11 17:00:00,0.3454,0,0
REQ-02223,2026-04-11 17:00:00,0.6948,1,1
REQ-01355,2026-04-11 18:00:00,0.5534,1,0
REQ-02581,2026-04-11 20:00:00,0.4618,0,0
REQ-01918,2026-04-11 21:00:00,0.5472,1,0
REQ-02010,2026-04-11 21:00:00,0.1464,0,0
REQ-00230,2026-04-11 21:00:00,0.3659,0,0
REQ-02537,2026-04-11 21:00:00,0.4983,0,0
REQ-01056,2026-04-11 22:00:00,0.5908,1,0
REQ-00709,2026-04-11 22:00:00,0.5842,1,0
REQ-01183,2026-04-11 23:00:00,0.33,0,0
REQ-01318,2026-04-11 23:00:00,0.4635,0,0
REQ-01332,2026-04-12 00:00:00,0.2749,0,0
REQ-00731,2026-04-12 00:00:00,0.3152,0,0
REQ-02155,2026-04-12 00:00:00,0.7289,1,1
REQ-02844,2026-04-12 02:00:00,0.2421,0,0
REQ-00904,2026-04-12 02:00:00,0.4302,0,0
REQ-02959,2026-04-12 03:00:00,0.4656,0,0
REQ-00473,2026-04-12 04:00:00,0.2087,0,0
REQ-00794,2026-04-12 05:00:00,0.5402,1,0
REQ-01807,2026-04-12 05:00:00,0.525,1,0
REQ-00505,2026-04-12 05:00:00,0.6222,1,0
REQ-00029,2026-04-12 06:00:00,0.7873,1,1
REQ-00108,2026-04-12 07:00:00,0.7438,1,1
REQ-02242,2026-04-12 08:00:00,0.7652,1,0
REQ-00297,2026-04-12 08:00:00,0.5924,1,0
REQ-02924,2026-04-12 09:00:00,0.2346,0,0
REQ-02238,2026-04-12 09:00:00,0.4177,0,0
REQ-01152,2026-04-12 09:00:00,0.1225,0,0
REQ-01430,2026-04-12 10:00:00,0.1516,0,0
REQ-00971,2026-04-12 11:00:00,0.4465,0,0
REQ-00275,2026-04-12 11:00:00,0.1682,0,0
REQ-00113,2026-04-12 12:00:00,0.4061,0,0
REQ-02947,2026-04-12 12:00:00,0.3681,0,0
REQ-02976,2026-04-12 12:00:00,0.5483,1,0
REQ-02156,2026-04-12 12:00:00,0.4928,0,0
REQ-02577,2026-04-12 13:00:00,0.3099,0,0
REQ-01476,2026-04-12 13:00:00,0.6001,1,0
REQ-01686,2026-04-12 15:00:00,0.6177,1,0
REQ-00185,2026-04-12 15:00:00,0.7761,1,0
REQ-02381,2026-04-12 15:00:00,0.7497,1,1
REQ-01642,2026-04-12 16:00:00,0.6314,1,0
REQ-02069,2026-04-12 16:00:00,0.5317,1,1
REQ-00003,2026-04-12 17:00:00,0.7497,1,0
REQ-00688,2026-04-12 18:00:00,0.2967,0,0
REQ-00943,2026-04-12 18:00:00,0.5909,1,0
REQ-00213,2026-04-12 18:00:00,0.1324,0,0
REQ-00218,2026-04-12 21:00:00,0.7429,1,1
REQ-00784,2026-04-12 21:00:00,0.5735,1,0
REQ-01101,2026-04-12 21:00:00,0.5704,1,0
REQ-02539,2026-04-12 22:00:00,0.5512,1,0
REQ-00620,2026-04-12 23:00:00,0.2013,0,0
REQ-00237,2026-04-12 23:00:00,0.7716,1,1
REQ-01626,2026-04-13 00:00:00,0.1881,0,0
REQ-02718,2026-04-13 01:00:00,0.5552,1,0
REQ-02410,2026-04-13 03:00:00,0.767,1,1
REQ-00996,2026-04-13 04:00:00,0.4692,0,0
REQ-01002,2026-04-13 05:00:00,0.4014,0,0
REQ-01298,2026-04-13 06:00:00,0.5481,1,0
REQ-00754,2026-04-13 06:00:00,0.6288,1,0
REQ-01188,2026-04-13 07:00:00,0.5254,1,0
REQ-01340,2026-04-13 08:00:00,0.4686,0,0
REQ-00112,2026-04-13 09:00:00,0.3614,0,0
REQ-01736,2026-04-13 10:00:00,0.4284,0,0
REQ-01679,2026-04-13 11:00:00,0.4729,0,0
REQ-00560,2026-04-13 11:00:00,0.2349,0,0
REQ-00916,2026-04-13 11:00:00,0.447,0,0
REQ-02335,2026-04-13 11:00:00,0.4411,0,0
REQ-02529,2026-04-13 12:00:00,0.5097,1,0
REQ-02138,2026-04-13 13:00:00,0.1948,0,0
REQ-00133,2026-04-13 13:00:00,0.5788,1,1
REQ-01576,2026-04-13 13:00:00,0.2329,0,0
REQ-02875,2026-04-13 14:00:00,0.3728,0,0
REQ-00534,2026-04-13 14:00:00,0.7147,1,0
REQ-01257,2026-04-13 15:00:00,0.5599,1,1
REQ-01847,2026-04-13 16:00:00,0.2521,0,0
REQ-01552,2026-04-13 16:00:00,0.4695,0,0
REQ-00806,2026-04-13 17:00:00,0.6519,1,1
REQ-01915,2026-04-13 17:00:00,0.6094,1,1
REQ-00033,2026-04-13 18:00:00,0.6328,1,0
REQ-01009,2026-04-13 19:00:00,0.3705,0,0
REQ-00304,2026-04-13 19:00:00,0.2176,0,0
REQ-01433,2026-04-13 19:00:00,0.2179,0,0
REQ-02731,2026-04-13 20:00:00,0.4121,0,0
REQ-02752,2026-04-13 20:00:00,0.3959,0,0
REQ-00605,2026-04-13 22:00:00,0.615,1,1
REQ-00307,2026-04-13 22:00:00,0.6249,1,0
REQ-01630,2026-04-14 00:00:00,0.7271,1,0
REQ-00979,2026-04-14 01:00:00,0.4987,0,0
REQ-01719,2026-04-14 01:00:00,0.4092,0,0
REQ-01848,2026-04-14 01:00:00,0.2856,0,0
REQ-00700,2026-04-14 01:00:00,0.3172,0,0
REQ-02250,2026-04-14 01:00:00,0.5933,1,0
REQ-01956,2026-04-14 02:00:00,0.3059,0,0
REQ-00350,2026-04-14 02:00:00,0.4526,0,0
REQ-01378,2026-04-14 03:00:00,0.6538,1,0
REQ-01582,2026-04-14 03:00:00,0.2201,0,0
REQ-00179,2026-04-14 04:00:00,0.2657,0,0
REQ-00288,2026-04-14 05:00:00,0.6876,1,0
REQ-00878,2026-04-14 05:00:00,0.6151,1,0
REQ-02302,2026-04-14 05:00:00,0.7389,1,0
REQ-00294,2026-04-14 08:00:00,0.403,0,0
REQ-01163,2026-04-14 09:00:00,0.3749,0,0
REQ-00287,2026-04-14 09:00:00,0.5253,1,0
REQ-00078,2026-04-14 10:00:00,0.5635,1,1
REQ-02312,2026-04-14 11:00:00,0.5646,1,0
REQ-02655,2026-04-14 12:00:00,0.4465,0,0
REQ-00028,2026-04-14 13:00:00,0.3061,0,0
REQ-02350,2026-04-14 14:00:00,0.5355,1,0
REQ-02431,2026-04-14 14:00:00,0.6029,1,0
REQ-00569,2026-04-14 17:00:00,0.4812,0,1
REQ-02687,2026-04-14 17:00:00,0.359,0,0
REQ-02425,2026-04-14 17:00:00,0.5032,1,0
REQ-02833,2026-04-14 17:00:00,0.1457,0,0
REQ-02476,2026-04-14 19:00:00,0.465,0,0
REQ-01343,2026-04-14 19:00:00,0.5413,1,1
REQ-01386,2026-04-14 19:00:00,0.1563,0,0
REQ-01858,2026-04-14 20:00:00,0.3505,0,0
REQ-01014,2026-04-14 23:00:00,0.5203,1,0
REQ-02633,2026-04-14 23:00:00,0.6504,1,1
REQ-00419,2026-04-14 23:00:00,0.4674,0,1
REQ-01724,2026-04-15 00:00:00,0.4478,0,0
REQ-00436,2026-04-15 01:00:00,0.3294,0,0
REQ-02736,2026-04-15 02:00:00,0.473,0,0
REQ-00548,2026-04-15 03:00:00,0.3074,0,0
REQ-01664,2026-04-15 04:00:00,0.5398,1,0
REQ-02030,2026-04-15 05:00:00,0.5075,1,0
REQ-01050,2026-04-15 06:00:00,0.629,1,0
REQ-01496,2026-04-15 07:00:00,0.6559,1,0
REQ-00596,2026-04-15 08:00:00,0.4551,0,0
REQ-01240,2026-04-15 08:00:00,0.4831,0,0
REQ-00020,2026-04-15 10:00:00,0.6171,1,0
REQ-01900,2026-04-15 10:00:00,0.7596,1,0
REQ-00716,2026-04-15 10:00:00,0.3784,0,0
REQ-00405,2026-04-15 11:00:00,0.5651,1,0
REQ-01441,2026-04-15 11:00:00,0.517,1,1
REQ-00130,2026-04-15 12:00:00,0.3651,0,1
REQ-00114,2026-04-15 13:00:00,0.3293,0,0
REQ-00676,2026-04-15 13:00:00,0.4748,0,0
REQ-00010,2026-04-15 14:00:00,0.6807,1,1
REQ-01957,2026-04-15 14:00:00,0.5097,1,0
REQ-01663,2026-04-15 15:00:00,0.4048,0,0
REQ-00227,2026-04-15 15:00:00,0.3891,0,0
REQ-01489,2026-04-15 16:00:00,0.4976,0,0
REQ-00423,2026-04-15 16:00:00,0.7391,1,1
REQ-02579,2026-04-15 16:00:00,0.4131,0,0
REQ-01624,2026-04-15 17:00:00,0.6746,1,0
REQ-02776,2026-04-15 18:00:00,0.306,0,0
REQ-01160,2026-04-15 19:00:00,0.5608,1,0
REQ-01146,2026-04-15 21:00:00,0.4551,0,0
REQ-02728,2026-04-15 21:00:00,0.1811,0,0
REQ-02891,2026-04-15 22:00:00,0.1121,0,0
REQ-02251,2026-04-15 22:00:00,0.2662,0,0
REQ-01764,2026-04-16 01:00:00,0.6042,1,0
REQ-00892,2026-04-16 01:00:00,0.3821,0,0
REQ-01758,2026-04-16 03:00:00,0.4536,0,0
REQ-00746,2026-04-16 03:00:00,0.3127,0,0
REQ-00555,2026-04-16 03:00:00,0.4211,0,0
REQ-02606,2026-04-16 03:00:00,0.6578,1,1
REQ-02309,2026-04-16 04:00:00,0.2751,0,0
REQ-02665,2026-04-16 05:00:00,0.442,0,0
REQ-02136,2026-04-16 05:00:00,0.73,1,0
REQ-02117,2026-04-16 05:00:00,0.4555,0,0
REQ-00131,2026-04-16 05:00:00,0.5498,1,0
REQ-01322,2026-04-16 05:00:00,0.5888,1,1
REQ-02856,2026-04-16 07:00:00,0.5328,1,0
REQ-02560,2026-04-16 07:00:00,0.4784,0,0
REQ-02132,2026-04-16 08:00:00,0.4552,0,0
REQ-00655,2026-04-16 08:00:00,0.5238,1,0
REQ-02603,2026-04-16 10:00:00,0.7186,1,0
REQ-02774,2026-04-16 10:00:00,0.6751,1,0
REQ-01216,2026-04-16 10:00:00,0.3387,0,0
REQ-02263,2026-04-16 11:00:00,0.6456,1,0
REQ-00115,2026-04-16 11:00:00,0.1453,0,0
REQ-00128,2026-04-16 12:00:00,0.6062,1,1
REQ-00705,2026-04-16 12:00:00,0.4536,0,0
REQ-02949,2026-04-16 12:00:00,0.5066,1,0
REQ-00926,2026-04-16 12:00:00,0.6371,1,1
REQ-01139,2026-04-16 12:00:00,0.3688,0,0
REQ-00761,2026-04-16 12:00:00,0.1537,0,0
REQ-00939,2026-04-16 13:00:00,0.5171,1,1
REQ-00994,2026-04-16 13:00:00,0.5459,1,0
REQ-01310,2026-04-16 15:00:00,0.2471,0,0
REQ-00999,2026-04-16 15:00:00,0.6483,1,1
REQ-01221,2026-04-16 15:00:00,0.629,1,0
REQ-00538,2026-04-16 16:00:00,0.625,1,0
REQ-01919,2026-04-16 16:00:00,0.4907,0,0
REQ-02592,2026-04-16 16:00:00,0.5982,1,0
REQ-01151,2026-04-16 17:00:00,0.3698,0,0
REQ-00896,2026-04-16 17:00:00,0.3666,0,0
REQ-00016,2026-04-16 17:00:00,0.3361,0,0
REQ-02596,2026-04-16 17:00:00,0.5549,1,1
REQ-02403,2026-04-16 17:00:00,0.6852,1,0
REQ-00678,2026-04-16 18:00:00,0.4283,0,0
REQ-02684,2026-04-16 19:00:00,0.2526,0,0
REQ-01128,2026-04-16 20:00:00,0.241,0,0
REQ-02765,2026-04-16 20:00:00,0.1759,0,0
REQ-01799,2026-04-16 21:00:00,0.4419,0,0
REQ-01194,2026-04-16 22:00:00,0.5713,1,1
REQ-02253,2026-04-16 22:00:00,0.4156,0,1
REQ-02198,2026-04-16 23:00:00,0.4589,0,0
REQ-02342,2026-04-16 23:00:00,0.1727,0,0
REQ-01766,2026-04-16 23:00:00,0.5527,1,0
REQ-02349,2026-04-17 01:00:00,0.3463,0,0
REQ-01364,2026-04-17 01:00:00,0.5915,1,0
REQ-00666,2026-04-17 02:00:00,0.6097,1,0
REQ-02246,2026-04-17 02:00:00,0.6651,1,0
REQ-01411,2026-04-17 02:00:00,0.6101,1,0
REQ-01937,2026-04-17 03:00:00,0.6907,1,0
REQ-01617,2026-04-17 04:00:00,0.4038,0,0
REQ-01258,2026-04-17 05:00:00,0.3585,0,0
REQ-00448,2026-04-17 05:00:00,0.6164,1,0
REQ-00875,2026-04-17 05:00:00,0.593,1,0
REQ-00647,2026-04-17 05:00:00,0.745,1,0
REQ-01454,2026-04-17 06:00:00,0.4146,0,0
REQ-02608,2026-04-17 06:00:00,0.7015,1,1
REQ-02958,2026-04-17 06:00:00,0.1785,0,0
REQ-02334,2026-04-17 06:00:00,0.6271,1,1
REQ-02820,2026-04-17 06:00:00,0.5321,1,0
REQ-02678,2026-04-17 06:00:00,0.3282,0,1
REQ-01543,2026-04-17 06:00:00,0.4987,0,0
REQ-00330,2026-04-17 07:00:00,0.6456,1,1
REQ-02122,2026-04-17 07:00:00,0.5402,1,0
REQ-00343,2026-04-17 07:00:00,0.6259,1,1
REQ-00921,2026-04-17 07:00:00,0.2811,0,0
REQ-02797,2026-04-17 08:00:00,0.653,1,0
REQ-02061,2026-04-17 08:00:00,0.5413,1,0
REQ-02047,2026-04-17 09:00:00,0.4339,0,1
REQ-00265,2026-04-17 11:00:00,0.3314,0,0
REQ-01990,2026-04-17 12:00:00,0.7578,1,1
REQ-01007,2026-04-17 13:00:00,0.5485,1,0
REQ-01459,2026-04-17 13:00:00,0.4793,0,1
REQ-01901,2026-04-17 14:00:00,0.1696,0,0
REQ-02713,2026-04-17 15:00:00,0.3327,0,0
REQ-02810,2026-04-17 16:00:00,0.5941,1,1
REQ-00654,2026-04-17 16:00:00,0.5318,1,0
REQ-00158,2026-04-17 16:00:00,0.5934,1,0
REQ-00982,2026-04-17 16:00:00,0.2745,0,0
REQ-02517,2026-04-17 17:00:00,0.6805,1,0
REQ-02401,2026-04-17 19:00:00,0.6066,1,0
REQ-01028,2026-04-17 19:00:00,0.4102,0,0
REQ-01671,2026-04-17 19:00:00,0.3656,0,0
REQ-02065,2026-04-17 20:00:00,0.3335,0,0
REQ-00876,2026-04-17 20:00:00,0.6104,1,0
REQ-00607,2026-04-17 20:00:00,0.4397,0,0
REQ-02625,2026-04-17 20:00:00,0.6068,1,0
REQ-01759,2026-04-17 20:00:00,0.4481,0,0
REQ-01500,2026-04-17 20:00:00,0.4599,0,0
REQ-02153,2026-04-17 21:00:00,0.2464,0,0
REQ-02028,2026-04-17 21:00:00,0.4328,0,0
REQ-00930,2026-04-17 23:00:00,0.1889,0,0
REQ-01164,2026-04-18 00:00:00,0.4687,0,1
REQ-01685,2026-04-18 02:00:00,0.2995,0,0
REQ-00228,2026-04-18 03:00:00,0.4549,0,0
REQ-01668,2026-04-18 03:00:00,0.308,0,1
REQ-01090,2026-04-18 03:00:00,0.4879,0,1
REQ-00929,2026-04-18 04:00:00,0.4388,0,0
REQ-02585,2026-04-18 04:00:00,0.5446,1,0
REQ-00365,2026-04-18 05:00:00,0.4749,0,0
REQ-01996,2026-04-18 05:00:00,0.676,1,0
REQ-00991,2026-04-18 06:00:00,0.4403,0,0
REQ-00707,2026-04-18 07:00:00,0.6105,1,1
REQ-01052,2026-04-18 08:00:00,0.1205,0,0
REQ-01635,2026-04-18 08:00:00,0.4474,0,0
REQ-01083,2026-04-18 12:00:00,0.5861,1,0
REQ-00295,2026-04-18 13:00:00,0.4705,0,1
REQ-02895,2026-04-18 14:00:00,0.4311,0,0
REQ-01974,2026-04-18 14:00:00,0.4399,0,0
REQ-00056,2026-04-18 14:00:00,0.5616,1,0
REQ-00802,2026-04-18 15:00:00,0.4327,0,0
REQ-02538,2026-04-18 17:00:00,0.1656,0,0
REQ-01391,2026-04-18 17:00:00,0.5097,1,0
REQ-02951,2026-04-18 17:00:00,0.5324,1,1
REQ-00506,2026-04-18 20:00:00,0.2901,0,0
REQ-02882,2026-04-18 20:00:00,0.3907,0,1
REQ-01896,2026-04-18 22:00:00,0.3138,0,0
REQ-00628,2026-04-18 22:00:00,0.6201,1,0
REQ-02835,2026-04-18 23:00:00,0.5234,1,0
REQ-00577,2026-04-18 23:00:00,0.2381,0,0
REQ-02488,2026-04-19 00:00:00,0.3727,0,0
REQ-00455,2026-04-19 01:00:00,0.3234,0,0
REQ-02118,2026-04-19 02:00:00,0.5531,1,0
REQ-01921,2026-04-19 02:00:00,0.6382,1,0
REQ-02646,2026-04-19 03:00:00,0.3708,0,0
REQ-01727,2026-04-19 04:00:00,0.4911,0,0
REQ-02742,2026-04-19 05:00:00,0.3876,0,0
REQ-00125,2026-04-19 05:00:00,0.4608,0,1
REQ-01564,2026-04-19 06:00:00,0.6907,1,0
REQ-01206,2026-04-19 08:00:00,0.6104,1,0
REQ-01334,2026-04-19 10:00:00,0.4978,0,1
REQ-00444,2026-04-19 10:00:00,0.606,1,0
REQ-00329,2026-04-19 10:00:00,0.5939,1,0
REQ-02900,2026-04-19 12:00:00,0.5667,1,0
REQ-01839,2026-04-19 12:00:00,0.6245,1,0
REQ-01379,2026-04-19 12:00:00,0.3296,0,0
REQ-02948,2026-04-19 13:00:00,0.3092,0,0
REQ-01073,2026-04-19 14:00:00,0.4153,0,0
REQ-02714,2026-04-19 16:00:00,0.7884,1,1
REQ-00487,2026-04-19 17:00:00,0.5172,1,0
REQ-02923,2026-04-19 18:00:00,0.4211,0,0
REQ-02793,2026-04-19 19:00:00,0.4884,0,0
REQ-00788,2026-04-19 19:00:00,0.1854,0,0
REQ-00977,2026-04-19 21:00:00,0.6677,1,0
REQ-02435,2026-04-19 22:00:00,0.4609,0,0
REQ-01295,2026-04-19 23:00:00,0.4091,0,0
REQ-00711,2026-04-19 23:00:00,0.3505,0,0
REQ-00157,2026-04-19 23:00:00,0.3197,0,0
REQ-01110,2026-04-20 00:00:00,0.5961,1,1
REQ-01884,2026-04-20 01:00:00,0.6606,1,0
REQ-00821,2026-04-20 01:00:00,0.1334,0,0
REQ-01504,2026-04-20 02:00:00,0.6877,1,0
REQ-02896,2026-04-20 03:00:00,0.5156,1,0
REQ-01714,2026-04-20 04:00:00,0.464,0,0
REQ-00457,2026-04-20 05:00:00,0.4842,0,0
REQ-02395,2026-04-20 05:00:00,0.4921,0,0
REQ-00239,2026-04-20 06:00:00,0.4021,0,1
REQ-00879,2026-04-20 07:00:00,0.345,0,0
REQ-01951,2026-04-20 08:00:00,0.3288,0,0
REQ-02547,2026-04-20 08:00:00,0.498,0,1
REQ-01872,2026-04-20 09:00:00,0.2904,0,0
REQ-02358,2026-04-20 11:00:00,0.5439,1,0
REQ-02969,2026-04-20 11:00:00,0.3806,0,0
REQ-01643,2026-04-20 11:00:00,0.4554,0,0
REQ-01276,2026-04-20 11:00:00,0.2845,0,0
REQ-00651,2026-04-20 12:00:00,0.4861,0,0
REQ-02583,2026-04-20 12:00:00,0.3831,0,0
REQ-01647,2026-04-20 13:00:00,0.6421,1,1
REQ-02507,2026-04-20 13:00:00,0.6474,1,1
REQ-02178,2026-04-20 14:00:00,0.6197,1,0
REQ-01127,2026-04-20 15:00:00,0.1993,0,0
REQ-00671,2026-04-20 15:00:00,0.5244,1,0
REQ-02965,2026-04-20 16:00:00,0.4691,0,0
REQ-02999,2026-04-20 16:00:00,0.6606,1,0
REQ-00342,2026-04-20 16:00:00,0.6609,1,0
REQ-01220,2026-04-20 18:00:00,0.6207,1,1
REQ-02828,2026-04-20 19:00:00,0.395,0,0
REQ-02157,2026-04-20 20:00:00,0.2287,0,0
REQ-01117,2026-04-20 21:00:00,0.4448,0,0
REQ-01757,2026-04-20 22:00:00,0.4823,0,0
REQ-00268,2026-04-20 22:00:00,0.5462,1,1
REQ-02230,2026-04-20 22:00:00,0.3439,0,0
REQ-02559,2026-04-20 22:00:00,0.7018,1,1
REQ-01210,2026-04-21 01:00:00,0.6173,1,1
REQ-01627,2026-04-21 06:00:00,0.2425,0,0
REQ-00098,2026-04-21 06:00:00,0.701,1,1
REQ-00823,2026-04-21 06:00:00,0.6639,1,1
REQ-02904,2026-04-21 07:00:00,0.3753,0,0
REQ-00393,2026-04-21 07:00:00,0.2361,0,0
REQ-01155,2026-04-21 07:00:00,0.5866,1,1
REQ-01984,2026-04-21 08:00:00,0.5249,1,1
REQ-01790,2026-04-21 09:00:00,0.7042,1,1
REQ-00039,2026-04-21 09:00:00,0.4312,0,0
REQ-02863,2026-04-21 10:00:00,0.3871,0,0
REQ-02493,2026-04-21 10:00:00,0.4229,0,0
REQ-00241,2026-04-21 10:00:00,0.2596,0,0
REQ-01653,2026-04-21 11:00:00,0.729,1,0
REQ-02995,2026-04-21 11:00:00,0.2839,0,0
REQ-01754,2026-04-21 11:00:00,0.3427,0,0
REQ-01187,2026-04-21 11:00:00,0.2977,0,0
REQ-00849,2026-04-21 13:00:00,0.5152,1,0
REQ-00701,2026-04-21 14:00:00,0.6417,1,0
REQ-00781,2026-04-21 14:00:00,0.6401,1,1
REQ-00254,2026-04-21 15:00:00,0.5124,1,0
REQ-01763,2026-04-21 15:00:00,0.3335,0,0
REQ-00371,2026-04-21 16:00:00,0.6392,1,0
REQ-01199,2026-04-21 16:00:00,0.4124,0,0
REQ-01811,2026-04-21 17:00:00,0.5391,1,0
REQ-01047,2026-04-21 17:00:00,0.3986,0,0
REQ-02087,2026-04-21 17:00:00,0.6334,1,0
REQ-02444,2026-04-21 18:00:00,0.4246,0,0
REQ-02026,2026-04-21 18:00:00,0.5135,1,0
REQ-01234,2026-04-21 19:00:00,0.546,1,0
REQ-02946,2026-04-21 19:00:00,0.4859,0,1
REQ-02929,2026-04-21 19:00:00,0.6801,1,1
REQ-00467,2026-04-21 19:00:00,0.5107,1,0
REQ-01397,2026-04-21 19:00:00,0.2214,0,0
REQ-01171,2026-04-21 20:00:00,0.7367,1,1
REQ-00719,2026-04-21 20:00:00,0.3121,0,0
REQ-02675,2026-04-21 21:00:00,0.6021,1,0
REQ-02753,2026-04-21 22:00:00,0.3281,0,0
REQ-02009,2026-04-21 22:00:00,0.5073,1,0
REQ-00598,2026-04-21 23:00:00,0.4709,0,0
REQ-02344,2026-04-21 23:00:00,0.6811,1,0
REQ-02257,2026-04-22 00:00:00,0.5472,1,1
REQ-01204,2026-04-22 01:00:00,0.5678,1,1
REQ-02189,2026-04-22 01:00:00,0.2478,0,0
REQ-01579,2026-04-22 01:00:00,0.5434,1,0
REQ-01396,2026-04-22 01:00:00,0.6293,1,0
REQ-00474,2026-04-22 02:00:00,0.2747,0,0
REQ-02463,2026-04-22 02:00:00,0.5638,1,0
REQ-01289,2026-04-22 03:00:00,0.1528,0,0
REQ-00986,2026-04-22 04:00:00,0.5405,1,1
REQ-02985,2026-04-22 04:00:00,0.7311,1,0
REQ-02725,2026-04-22 05:00:00,0.6562,1,0
REQ-02916,2026-04-22 06:00:00,0.5041,1,1
REQ-02770,2026-04-22 07:00:00,0.6376,1,0
REQ-02613,2026-04-22 07:00:00,0.2769,0,0
REQ-00995,2026-04-22 08:00:00,0.4266,0,0
REQ-00985,2026-04-22 09:00:00,0.6842,1,0
REQ-01254,2026-04-22 09:00:00,0.587,1,1
REQ-00084,2026-04-22 09:00:00,0.7982,1,0
REQ-02085,2026-04-22 09:00:00,0.5375,1,0
REQ-02567,2026-04-22 11:00:00,0.5648,1,0
REQ-02416,2026-04-22 11:00:00,0.571,1,1
REQ-01349,2026-04-22 11:00:00,0.3985,0,0
REQ-00236,2026-04-22 13:00:00,0.4958,0,0
REQ-00107,2026-04-22 14:00:00,0.6619,1,0
REQ-02194,2026-04-22 14:00:00,0.2856,0,1
REQ-01170,2026-04-22 14:00:00,0.323,0,0
REQ-00530,2026-04-22 15:00:00,0.2036,0,0
REQ-02234,2026-04-22 15:00:00,0.2944,0,0
REQ-01832,2026-04-22 17:00:00,0.3385,0,0
REQ-02323,2026-04-22 18:00:00,0.6334,1,0
REQ-02436,2026-04-22 19:00:00,0.6715,1,1
REQ-00478,2026-04-22 20:00:00,0.531,1,0
REQ-00259,2026-04-22 20:00:00,0.5956,1,0
REQ-02447,2026-04-22 20:00:00,0.3685,0,0
REQ-00697,2026-04-22 21:00:00,0.4169,0,0
REQ-01317,2026-04-22 21:00:00,0.4915,0,0
REQ-02023,2026-04-22 22:00:00,0.7543,1,0
REQ-01067,2026-04-22 22:00:00,0.3505,0,0
REQ-01129,2026-04-22 23:00:00,0.37,0,0
REQ-00770,2026-04-22 23:00:00,0.7331,1,0
REQ-02628,2026-04-23 02:00:00,0.6825,1,0
REQ-00600,2026-04-23 02:00:00,0.6717,1,0
REQ-00615,2026-04-23 03:00:00,0.4357,0,0
REQ-00980,2026-04-23 03:00:00,0.5297,1,0
REQ-02021,2026-04-23 05:00:00,0.3715,0,0
REQ-02212,2026-04-23 05:00:00,0.7033,1,1
REQ-02906,2026-04-23 06:00:00,0.3471,0,0
REQ-01416,2026-04-23 07:00:00,0.5165,1,1
REQ-00122,2026-04-23 07:00:00,0.6301,1,0
REQ-02991,2026-04-23 07:00:00,0.6027,1,0
REQ-01607,2026-04-23 09:00:00,0.6034,1,0
REQ-02225,2026-04-23 10:00:00,0.1197,0,0
REQ-01414,2026-04-23 10:00:00,0.3696,0,0
REQ-01195,2026-04-23 11:00:00,0.1215,0,0
REQ-02972,2026-04-23 11:00:00,0.4722,0,0
REQ-00841,2026-04-23 11:00:00,0.371,0,0
REQ-01637,2026-04-23 11:00:00,0.2316,0,0
REQ-02379,2026-04-23 13:00:00,0.413,0,0
REQ-02824,2026-04-23 14:00:00,0.1214,0,0
REQ-02127,2026-04-23 14:00:00,0.7014,1,0
REQ-00664,2026-04-23 14:00:00,0.6478,1,0
REQ-00310,2026-04-23 14:00:00,0.6329,1,0
REQ-02064,2026-04-23 14:00:00,0.4708,0,0
REQ-01395,2026-04-23 14:00:00,0.6058,1,0
REQ-00243,2026-04-23 15:00:00,0.5701,1,0
REQ-02757,2026-04-23 16:00:00,0.5359,1,0
REQ-01369,2026-04-23 16:00:00,0.4442,0,0
REQ-01223,2026-04-23 17:00:00,0.4532,0,0
REQ-00340,2026-04-23 18:00:00,0.3723,0,0
REQ-01993,2026-04-23 20:00:00,0.3918,0,0
REQ-02143,2026-04-23 21:00:00,0.4203,0,0
REQ-01553,2026-04-23 21:00:00,0.355,0,0
REQ-00785,2026-04-23 21:00:00,0.5354,1,0
REQ-00136,2026-04-24 01:00:00,0.2572,0,0
REQ-01661,2026-04-24 01:00:00,0.5263,1,0
REQ-00672,2026-04-24 02:00:00,0.3499,0,0
REQ-02691,2026-04-24 02:00:00,0.5083,1,0
REQ-02071,2026-04-24 02:00:00,0.5376,1,0
REQ-01584,2026-04-24 02:00:00,0.5945,1,0
REQ-00824,2026-04-24 03:00:00,0.5249,1,0
REQ-02550,2026-04-24 05:00:00,0.5947,1,0
REQ-00919,2026-04-24 07:00:00,0.265,0,0
REQ-00599,2026-04-24 08:00:00,0.5746,1,0
REQ-00025,2026-04-24 09:00:00,0.3676,0,0
REQ-00818,2026-04-24 09:00:00,0.4319,0,0
REQ-01857,2026-04-24 10:00:00,0.2066,0,0
REQ-00729,2026-04-24 11:00:00,0.2201,0,0
REQ-00501,2026-04-24 11:00:00,0.5848,1,0
REQ-02182,2026-04-24 11:00:00,0.5606,1,0
REQ-00674,2026-04-24 12:00:00,0.6742,1,0
REQ-01180,2026-04-24 13:00:00,0.3127,0,0
REQ-02360,2026-04-24 13:00:00,0.5587,1,0
REQ-02014,2026-04-24 14:00:00,0.4782,0,0
REQ-00192,2026-04-24 16:00:00,0.3905,0,0
REQ-01304,2026-04-24 16:00:00,0.5712,1,0
REQ-02123,2026-04-24 17:00:00,0.2925,0,0
REQ-00983,2026-04-24 17:00:00,0.5208,1,0
REQ-00191,2026-04-24 18:00:00,0.6165,1,0
REQ-00766,2026-04-24 18:00:00,0.5574,1,1
REQ-02022,2026-04-24 18:00:00,0.5994,1,0
REQ-01886,2026-04-24 20:00:00,0.6747,1,0
REQ-01567,2026-04-24 22:00:00,0.3083,0,0
REQ-00489,2026-04-24 23:00:00,0.2231,0,0
REQ-00445,2026-04-24 23:00:00,0.4759,0,0
REQ-00244,2026-04-25 02:00:00,0.4273,0,0
REQ-00933,2026-04-25 02:00:00,0.596,1,0
REQ-00952,2026-04-25 02:00:00,0.5022,1,0
REQ-00957,2026-04-25 03:00:00,0.6016,1,1
REQ-00493,2026-04-25 04:00:00,0.5352,1,0
REQ-02926,2026-04-25 04:00:00,0.6185,1,0
REQ-02970,2026-04-25 05:00:00,0.1561,0,0
REQ-01545,2026-04-25 06:00:00,0.7354,1,1
REQ-00568,2026-04-25 06:00:00,0.4789,0,0
REQ-02688,2026-04-25 07:00:00,0.4586,0,0
REQ-01336,2026-04-25 07:00:00,0.4949,0,0
REQ-01422,2026-04-25 08:00:00,0.4688,0,0
REQ-01845,2026-04-25 08:00:00,0.1625,0,0
REQ-02903,2026-04-25 10:00:00,0.6441,1,0
REQ-00966,2026-04-25 11:00:00,0.4236,0,0
REQ-02184,2026-04-25 11:00:00,0.4476,0,0
REQ-00129,2026-04-25 12:00:00,0.4539,0,1
REQ-00914,2026-04-25 12:00:00,0.5412,1,1
REQ-00322,2026-04-25 12:00:00,0.5275,1,0
REQ-01466,2026-04-25 14:00:00,0.4565,0,0
REQ-02392,2026-04-25 14:00:00,0.7252,1,0
REQ-01524,2026-04-25 14:00:00,0.2031,0,0
REQ-01752,2026-04-25 15:00:00,0.6219,1,0
REQ-00454,2026-04-25 17:00:00,0.3376,0,0
REQ-00624,2026-04-25 19:00:00,0.4032,0,0
REQ-01660,2026-04-25 19:00:00,0.5635,1,1
REQ-00155,2026-04-25 22:00:00,0.5237,1,0
REQ-00315,2026-04-25 22:00:00,0.4661,0,0
REQ-00965,2026-04-25 23:00:00,0.4985,0,0
REQ-00984,2026-04-26 00:00:00,0.4497,0,0
REQ-01539,2026-04-26 02:00:00,0.4691,0,0
REQ-02241,2026-04-26 03:00:00,0.5668,1,0
REQ-00547,2026-04-26 04:00:00,0.4058,0,0
REQ-02413,2026-04-26 05:00:00,0.451,0,1
REQ-01716,2026-04-26 05:00:00,0.6093,1,0
REQ-00161,2026-04-26 05:00:00,0.4248,0,0
REQ-02183,2026-04-26 06:00:00,0.5434,1,1
REQ-01596,2026-04-26 07:00:00,0.6484,1,1
REQ-01980,2026-04-26 07:00:00,0.3538,0,0
REQ-02618,2026-04-26 07:00:00,0.4658,0,0
REQ-02036,2026-04-26 09:00:00,0.7849,1,0
REQ-02049,2026-04-26 09:00:00,0.1341,0,0
REQ-02876,2026-04-26 09:00:00,0.7468,1,1
REQ-01828,2026-04-26 10:00:00,0.3486,0,0
REQ-00657,2026-04-26 10:00:00,0.5695,1,0
REQ-00519,2026-04-26 10:00:00,0.3554,0,0
REQ-01958,2026-04-26 10:00:00,0.4379,0,0
REQ-00899,2026-04-26 11:00:00,0.673,1,1
REQ-00895,2026-04-26 12:00:00,0.2487,0,0
REQ-00002,2026-04-26 12:00:00,0.6214,1,0
REQ-00742,2026-04-26 13:00:00,0.6143,1,0
REQ-00955,2026-04-26 14:00:00,0.5379,1,0
REQ-00687,2026-04-26 14:00:00,0.447,0,0
REQ-01722,2026-04-26 14:00:00,0.655,1,0
REQ-01437,2026-04-26 15:00:00,0.4927,0,0
REQ-02897,2026-04-26 16:00:00,0.4127,0,0
REQ-01981,2026-04-26 17:00:00,0.3162,0,0
REQ-02720,2026-04-26 20:00:00,0.4104,0,0
REQ-00269,2026-04-26 21:00:00,0.5469,1,0
REQ-01134,2026-04-26 21:00:00,0.4519,0,0
REQ-01088,2026-04-26 21:00:00,0.3741,0,0
REQ-02480,2026-04-26 22:00:00,0.4777,0,0
REQ-01692,2026-04-26 22:00:00,0.7053,1,0
REQ-00190,2026-04-27 00:00:00,0.6418,1,0
REQ-01597,2026-04-27 00:00:00,0.3237,0,0
REQ-02437,2026-04-27 02:00:00,0.5925,1,0
REQ-00804,2026-04-27 03:00:00,0.6363,1,1
REQ-01061,2026-04-27 03:00:00,0.6654,1,1
REQ-00787,2026-04-27 03:00:00,0.6298,1,0
REQ-02773,2026-04-27 04:00:00,0.5966,1,0
REQ-02119,2026-04-27 05:00:00,0.5144,1,0
REQ-01035,2026-04-27 05:00:00,0.5493,1,1
REQ-01193,2026-04-27 06:00:00,0.2781,0,0
REQ-00012,2026-04-27 07:00:00,0.5931,1,0
REQ-02054,2026-04-27 08:00:00,0.2414,0,0
REQ-01893,2026-04-27 08:00:00,0.5108,1,0
REQ-01328,2026-04-27 08:00:00,0.2578,0,0
REQ-01723,2026-04-27 08:00:00,0.2777,0,0
REQ-00183,2026-04-27 09:00:00,0.2949,0,0
REQ-01860,2026-04-27 09:00:00,0.2153,0,0
REQ-01393,2026-04-27 11:00:00,0.4204,0,0
REQ-01779,2026-04-27 12:00:00,0.3928,0,0
REQ-00931,2026-04-27 12:00:00,0.4926,0,0
REQ-00981,2026-04-27 14:00:00,0.4284,0,1
REQ-02135,2026-04-27 16:00:00,0.4417,0,0
REQ-01182,2026-04-27 16:00:00,0.5198,1,0
REQ-01070,2026-04-27 16:00:00,0.4674,0,0
REQ-02210,2026-04-27 17:00:00,0.6714,1,1
REQ-01965,2026-04-27 17:00:00,0.3061,0,0
REQ-00726,2026-04-27 18:00:00,0.6184,1,0
REQ-02124,2026-04-27 19:00:00,0.5992,1,0
REQ-02352,2026-04-27 20:00:00,0.4985,0,0
REQ-01512,2026-04-27 20:00:00,0.6508,1,0
REQ-00773,2026-04-27 21:00:00,0.5984,1,0
REQ-01302,2026-04-27 22:00:00,0.5586,1,1
REQ-01667,2026-04-27 23:00:00,0.4934,0,0
REQ-00203,2026-04-27 23:00:00,0.3518,0,0
REQ-02984,2026-04-27 23:00:00,0.6819,1,0
REQ-02033,2026-04-28 00:00:00,0.5084,1,0
REQ-02074,2026-04-28 00:00:00,0.575,1,0
REQ-01347,2026-04-28 01:00:00,0.3367,0,0
REQ-00602,2026-04-28 02:00:00,0.6074,1,1
REQ-00048,2026-04-28 04:00:00,0.5854,1,0
REQ-00256,2026-04-28 05:00:00,0.2467,0,0
REQ-01008,2026-04-28 07:00:00,0.428,0,0
REQ-02968,2026-04-28 08:00:00,0.3068,0,0
REQ-02279,2026-04-28 09:00:00,0.358,0,0
REQ-01118,2026-04-28 10:00:00,0.6171,1,0
REQ-00735,2026-04-28 10:00:00,0.6873,1,0
REQ-00470,2026-04-28 13:00:00,0.5706,1,1
REQ-00109,2026-04-28 15:00:00,0.3451,0,0
REQ-02572,2026-04-28 16:00:00,0.3415,0,0
REQ-02114,2026-04-28 16:00:00,0.6274,1,0
REQ-00877,2026-04-28 17:00:00,0.6994,1,1
REQ-00792,2026-04-28 18:00:00,0.413,0,0
REQ-00390,2026-04-28 18:00:00,0.5011,1,0
REQ-02940,2026-04-28 18:00:00,0.4233,0,1
REQ-01426,2026-04-28 19:00:00,0.397,0,0
REQ-01233,2026-04-28 20:00:00,0.668,1,0
REQ-01032,2026-04-28 21:00:00,0.4327,0,0
REQ-01331,2026-04-28 21:00:00,0.4725,0,0
REQ-00059,2026-04-28 21:00:00,0.5996,1,1
REQ-00211,2026-04-28 22:00:00,0.7064,1,1
REQ-00429,2026-04-29 02:00:00,0.5951,1,0
REQ-00061,2026-04-29 03:00:00,0.6023,1,0
REQ-00696,2026-04-29 03:00:00,0.4729,0,0
REQ-00097,2026-04-29 04:00:00,0.5555,1,0
REQ-01273,2026-04-29 04:00:00,0.5965,1,0
REQ-00858,2026-04-29 06:00:00,0.4956,0,0
REQ-02130,2026-04-29 06:00:00,0.5701,1,0
REQ-00042,2026-04-29 07:00:00,0.4003,0,0
REQ-01040,2026-04-29 07:00:00,0.5902,1,0
REQ-01048,2026-04-29 08:00:00,0.3017,0,0
REQ-02467,2026-04-29 08:00:00,0.3374,0,0
REQ-00394,2026-04-29 08:00:00,0.5676,1,0
REQ-00826,2026-04-29 08:00:00,0.5457,1,0
REQ-00173,2026-04-29 09:00:00,0.6272,1,0
REQ-02858,2026-04-29 09:00:00,0.5015,1,1
REQ-02255,2026-04-29 09:00:00,0.5894,1,0
REQ-01217,2026-04-29 09:00:00,0.5417,1,0
REQ-02244,2026-04-29 10:00:00,0.3451,0,0
REQ-00085,2026-04-29 12:00:00,0.8017,1,1
REQ-00710,2026-04-29 12:00:00,0.2666,0,0
REQ-01749,2026-04-29 13:00:00,0.7268,1,1
REQ-02690,2026-04-29 14:00:00,0.2843,0,0
REQ-02140,2026-04-29 15:00:00,0.5832,1,0
REQ-00736,2026-04-29 15:00:00,0.6063,1,0
REQ-02792,2026-04-29 17:00:00,0.4819,0,0
REQ-00058,2026-04-29 17:00:00,0.7952,1,1
REQ-02042,2026-04-29 18:00:00,0.6648,1,0
REQ-00311,2026-04-29 19:00:00,0.1586,0,0
REQ-00317,2026-04-29 19:00:00,0.6746,1,0
REQ-02816,2026-04-29 20:00:00,0.4725,0,1
REQ-00885,2026-04-29 21:00:00,0.3947,0,0
REQ-02721,2026-04-29 21:00:00,0.6176,1,1
REQ-00415,2026-04-29 21:00:00,0.6576,1,0
REQ-00460,2026-04-29 21:00:00,0.3085,0,0
REQ-01044,2026-04-29 21:00:00,0.4571,0,0
REQ-02706,2026-04-29 21:00:00,0.4526,0,0
REQ-02854,2026-04-29 21:00:00,0.7182,1,1
REQ-01669,2026-04-29 23:00:00,0.6336,1,1
REQ-00007,2026-04-29 23:00:00,0.3623,0,0
REQ-00675,2026-04-30 00:00:00,0.2585,0,0
REQ-02637,2026-04-30 01:00:00,0.4135,0,0
REQ-02083,2026-04-30 01:00:00,0.5459,1,0
REQ-02171,2026-04-30 02:00:00,0.4432,0,0
REQ-02343,2026-04-30 03:00:00,0.5436,1,0
REQ-00079,2026-04-30 03:00:00,0.4342,0,0
REQ-00665,2026-04-30 03:00:00,0.1573,0,0
REQ-00586,2026-04-30 04:00:00,0.5369,1,0
REQ-01423,2026-04-30 04:00:00,0.5516,1,0
REQ-00630,2026-04-30 05:00:00,0.4596,0,0
REQ-01741,2026-04-30 05:00:00,0.6297,1,0
REQ-00661,2026-04-30 06:00:00,0.4429,0,0
REQ-00635,2026-04-30 07:00:00,0.7483,1,0
REQ-01280,2026-04-30 08:00:00,0.7297,1,0
REQ-01713,2026-04-30 10:00:00,0.4731,0,0
REQ-00014,2026-04-30 10:00:00,0.3042,0,0
REQ-01572,2026-04-30 11:00:00,0.5359,1,1
REQ-00376,2026-04-30 12:00:00,0.5406,1,0
REQ-01063,2026-04-30 14:00:00,0.597,1,1
REQ-01613,2026-04-30 15:00:00,0.6559,1,1
REQ-02658,2026-04-30 15:00:00,0.462,0,1
REQ-02066,2026-04-30 16:00:00,0.6267,1,1
REQ-00359,2026-04-30 16:00:00,0.4175,0,0
REQ-02516,2026-04-30 16:00:00,0.7149,1,1
REQ-01812,2026-04-30 16:00:00,0.5711,1,0
REQ-02017,2026-04-30 17:00:00,0.5503,1,0
REQ-02708,2026-04-30 18:00:00,0.7383,1,0
REQ-01702,2026-04-30 19:00:00,0.431,0,0
REQ-02931,2026-04-30 19:00:00,0.7391,1,1
REQ-02101,2026-04-30 19:00:00,0.7259,1,0
REQ-00940,2026-04-30 19:00:00,0.4025,0,0
REQ-02266,2026-04-30 19:00:00,0.4575,0,0
REQ-01196,2026-04-30 20:00:00,0.6521,1,1
REQ-01448,2026-04-30 20:00:00,0.587,1,0
REQ-02631,2026-04-30 21:00:00,0.6464,1,1
REQ-02798,2026-04-30 22:00:00,0.6592,1,0
REQ-02043,2026-04-30 22:00:00,0.5457,1,0
REQ-00759,2026-04-30 22:00:00,0.6845,1,0
REQ-00214,2026-04-30 22:00:00,0.6815,1,0
REQ-02819,2026-04-30 23:00:00,0.7916,1,1
REQ-00235,2026-04-30 23:00:00,0.6237,1,0
REQ-02937,2026-05-01 00:00:00,0.4726,0,0
REQ-00074,2026-05-01 01:00:00,0.4315,0,0
REQ-00377,2026-05-01 01:00:00,0.403,0,0
REQ-00511,2026-05-01 01:00:00,0.2984,0,0
REQ-01546,2026-05-01 03:00:00,0.235,0,0
REQ-02980,2026-05-01 05:00:00,0.6503,1,0
REQ-00894,2026-05-01 06:00:00,0.196,0,0
REQ-00224,2026-05-01 06:00:00,0.3402,0,0
REQ-01594,2026-05-01 07:00:00,0.3034,0,0
REQ-00176,2026-05-01 07:00:00,0.4942,0,0
REQ-01902,2026-05-01 08:00:00,0.5682,1,0
REQ-00874,2026-05-01 08:00:00,0.7386,1,1
REQ-02267,2026-05-01 09:00:00,0.6,1,0
REQ-00756,2026-05-01 10:00:00,0.615,1,1
REQ-00316,2026-05-01 10:00:00,0.5917,1,0
REQ-02063,2026-05-01 11:00:00,0.6884,1,1
REQ-00549,2026-05-01 11:00:00,0.3922,0,0
REQ-00738,2026-05-01 16:00:00,0.3827,0,0
REQ-01878,2026-05-01 16:00:00,0.4838,0,0
REQ-00812,2026-05-01 17:00:00,0.5219,1,0
REQ-02402,2026-05-01 17:00:00,0.7169,1,0
REQ-02597,2026-05-01 18:00:00,0.6492,1,0
REQ-02111,2026-05-01 20:00:00,0.4451,0,0
REQ-01590,2026-05-01 20:00:00,0.4821,0,1
REQ-01521,2026-05-01 21:00:00,0.2018,0,0
REQ-00556,2026-05-01 22:00:00,0.5345,1,0
REQ-00680,2026-05-01 23:00:00,0.3641,0,0
REQ-00730,2026-05-02 01:00:00,0.4351,0,0
REQ-00640,2026-05-02 01:00:00,0.4671,0,0
REQ-01599,2026-05-02 02:00:00,0.5618,1,0
REQ-02293,2026-05-02 02:00:00,0.4856,0,0
REQ-02615,2026-05-02 02:00:00,0.6703,1,0
REQ-00540,2026-05-02 03:00:00,0.3471,0,0
REQ-02374,2026-05-02 04:00:00,0.5535,1,0
REQ-02964,2026-05-02 04:00:00,0.5579,1,0
REQ-02717,2026-05-02 05:00:00,0.4702,0,0
REQ-01844,2026-05-02 06:00:00,0.4773,0,0
REQ-00614,2026-05-02 06:00:00,0.5343,1,1
REQ-01859,2026-05-02 07:00:00,0.1764,0,0
REQ-01898,2026-05-02 07:00:00,0.4597,0,1
REQ-01348,2026-05-02 08:00:00,0.1756,0,0
REQ-00905,2026-05-02 08:00:00,0.6473,1,1
REQ-01732,2026-05-02 08:00:00,0.3306,0,1
REQ-00431,2026-05-02 09:00:00,0.6493,1,0
REQ-01305,2026-05-02 09:00:00,0.3106,0,0
REQ-01297,2026-05-02 09:00:00,0.3988,0,0
REQ-00222,2026-05-02 10:00:00,0.3333,0,0
REQ-00865,2026-05-02 10:00:00,0.7075,1,1
REQ-01275,2026-05-02 10:00:00,0.7291,1,0
REQ-02018,2026-05-02 11:00:00,0.4047,0,0
REQ-00421,2026-05-02 12:00:00,0.4079,0,0
REQ-02562,2026-05-02 12:00:00,0.2561,0,0
REQ-01612,2026-05-02 12:00:00,0.3059,0,0
REQ-02154,2026-05-02 14:00:00,0.7528,1,0
REQ-00712,2026-05-02 15:00:00,0.3883,0,0
REQ-02407,2026-05-02 16:00:00,0.469,0,0
REQ-01674,2026-05-02 19:00:00,0.1904,0,0
REQ-02057,2026-05-02 19:00:00,0.2774,0,0
REQ-02086,2026-05-02 19:00:00,0.5034,1,1
REQ-01721,2026-05-02 19:00:00,0.7346,1,1
REQ-01695,2026-05-02 20:00:00,0.5203,1,1
REQ-01538,2026-05-02 20:00:00,0.3583,0,0
REQ-01972,2026-05-02 20:00:00,0.4575,0,0
REQ-01001,2026-05-02 21:00:00,0.3093,0,0
REQ-01640,2026-05-02 21:00:00,0.5707,1,0
REQ-01784,2026-05-02 21:00:00,0.4105,0,0
REQ-01326,2026-05-02 22:00:00,0.3958,0,0
REQ-02180,2026-05-02 23:00:00,0.4506,0,0
REQ-01148,2026-05-03 00:00:00,0.7087,1,1
REQ-00462,2026-05-03 01:00:00,0.4154,0,0
REQ-02399,2026-05-03 02:00:00,0.6844,1,0
REQ-01138,2026-05-03 03:00:00,0.3889,0,0
REQ-01471,2026-05-03 03:00:00,0.3892,0,0
REQ-01281,2026-05-03 06:00:00,0.7079,1,0
REQ-02986,2026-05-03 09:00:00,0.4302,0,0
REQ-02324,2026-05-03 09:00:00,0.637,1,1
REQ-02294,2026-05-03 10:00:00,0.8088,1,1
REQ-00891,2026-05-03 11:00:00,0.5434,1,1
REQ-01231,2026-05-03 11:00:00,0.5292,1,0
REQ-01131,2026-05-03 12:00:00,0.3877,0,0
REQ-01207,2026-05-03 13:00:00,0.7052,1,1
REQ-02500,2026-05-03 14:00:00,0.2657,0,0
REQ-02056,2026-05-03 15:00:00,0.5474,1,0
REQ-01601,2026-05-03 15:00:00,0.319,0,0
REQ-01509,2026-05-03 18:00:00,0.4723,0,0
REQ-00282,2026-05-03 18:00:00,0.446,0,0
REQ-01136,2026-05-03 19:00:00,0.4771,0,0
REQ-01316,2026-05-03 20:00:00,0.5119,1,0
REQ-01076,2026-05-03 20:00:00,0.5634,1,0
REQ-02284,2026-05-03 22:00:00,0.6932,1,1
REQ-00174,2026-05-03 23:00:00,0.7101,1,0
REQ-02841,2026-05-03 23:00:00,0.7333,1,1
REQ-00121,2026-05-03 23:00:00,0.6592,1,1
REQ-00233,2026-05-04 00:00:00,0.523,1,1
REQ-01690,2026-05-04 00:00:00,0.4445,0,0
REQ-00724,2026-05-04 01:00:00,0.6002,1,0
REQ-02602,2026-05-04 01:00:00,0.5745,1,0
REQ-00102,2026-05-04 02:00:00,0.6028,1,1
REQ-01259,2026-05-04 04:00:00,0.4392,0,0
REQ-02428,2026-05-04 04:00:00,0.5315,1,1
REQ-02502,2026-05-04 05:00:00,0.7407,1,0
REQ-00319,2026-05-04 05:00:00,0.5313,1,0
REQ-01534,2026-05-04 05:00:00,0.4706,0,0
REQ-01274,2026-05-04 05:00:00,0.6294,1,0
REQ-00544,2026-05-04 06:00:00,0.615,1,0
REQ-00851,2026-05-04 07:00:00,0.3795,0,0
REQ-02092,2026-05-04 07:00:00,0.4071,0,0
REQ-01985,2026-05-04 08:00:00,0.5675,1,0
REQ-02256,2026-05-04 10:00:00,0.4598,0,0
REQ-02605,2026-05-04 10:00:00,0.3666,0,0
REQ-01683,2026-05-04 11:00:00,0.5922,1,0
REQ-01230,2026-05-04 12:00:00,0.3248,0,0
REQ-00638,2026-05-04 13:00:00,0.5698,1,0
REQ-02534,2026-05-04 14:00:00,0.519,1,1
REQ-01610,2026-05-04 15:00:00,0.5703,1,0
REQ-01842,2026-05-04 16:00:00,0.7593,1,1
REQ-01670,2026-05-04 16:00:00,0.536,1,0
REQ-01460,2026-05-04 17:00:00,0.3125,0,0
REQ-02556,2026-05-04 17:00:00,0.415,0,0
REQ-00590,2026-05-04 18:00:00,0.541,1,0
REQ-00369,2026-05-04 19:00:00,0.6591,1,0
REQ-02609,2026-05-04 19:00:00,0.6656,1,1
REQ-02800,2026-05-04 20:00:00,0.7214,1,0
REQ-01203,2026-05-04 21:00:00,0.3199,0,0
REQ-02994,2026-05-04 22:00:00,0.4264,0,1
REQ-02158,2026-05-04 23:00:00,0.3829,0,0
REQ-00248,2026-05-04 23:00:00,0.5362,1,0
REQ-00513,2026-05-04 23:00:00,0.6985,1,1
REQ-01097,2026-05-05 00:00:00,0.4203,0,0
REQ-01060,2026-05-05 00:00:00,0.4003,0,0
REQ-02211,2026-05-05 00:00:00,0.6997,1,1
REQ-02901,2026-05-05 01:00:00,0.4735,0,0
REQ-02546,2026-05-05 01:00:00,0.5939,1,0
REQ-00685,2026-05-05 01:00:00,0.4522,0,1
REQ-00037,2026-05-05 01:00:00,0.3262,0,0
REQ-02936,2026-05-05 02:00:00,0.387,0,0
REQ-02831,2026-05-05 02:00:00,0.5987,1,0
REQ-02175,2026-05-05 03:00:00,0.5398,1,0
REQ-00884,2026-05-05 03:00:00,0.2754,0,0
REQ-00523,2026-05-05 04:00:00,0.789,1,0
REQ-00558,2026-05-05 04:00:00,0.2886,0,0
REQ-00689,2026-05-05 04:00:00,0.7348,1,0
REQ-02095,2026-05-05 05:00:00,0.2101,0,0
REQ-01577,2026-05-05 09:00:00,0.4451,0,0
REQ-02942,2026-05-05 09:00:00,0.5985,1,0
REQ-00836,2026-05-05 09:00:00,0.7428,1,0
REQ-00432,2026-05-05 10:00:00,0.7489,1,0
REQ-01586,2026-05-05 12:00:00,0.528,1,1
REQ-00475,2026-05-05 12:00:00,0.2205,0,0
REQ-02544,2026-05-05 12:00:00,0.2618,0,0
REQ-02724,2026-05-05 12:00:00,0.3548,0,0
REQ-02661,2026-05-05 13:00:00,0.2955,0,0
REQ-00740,2026-05-05 13:00:00,0.6362,1,0
REQ-02566,2026-05-05 13:00:00,0.6244,1,1
REQ-02319,2026-05-05 13:00:00,0.5866,1,0
REQ-00713,2026-05-05 13:00:00,0.4088,0,0
REQ-00483,2026-05-05 14:00:00,0.7605,1,1
REQ-02245,2026-05-05 14:00:00,0.3518,0,0
REQ-00335,2026-05-05 14:00:00,0.6442,1,0
REQ-00088,2026-05-05 14:00:00,0.5077,1,0
REQ-00209,2026-05-05 15:00:00,0.4488,0,0
REQ-00910,2026-05-05 15:00:00,0.5513,1,0
REQ-01963,2026-05-05 15:00:00,0.6531,1,0
REQ-00083,2026-05-05 16:00:00,0.6005,1,0
REQ-00744,2026-05-05 16:00:00,0.7116,1,0
REQ-00481,2026-05-05 17:00:00,0.7816,1,0
REQ-02423,2026-05-05 17:00:00,0.7551,1,1
REQ-02747,2026-05-05 17:00:00,0.4294,0,0
REQ-00277,2026-05-05 17:00:00,0.4541,0,0
REQ-02944,2026-05-05 18:00:00,0.321,0,0
REQ-00301,2026-05-05 20:00:00,0.377,0,0
REQ-01377,2026-05-05 20:00:00,0.2988,0,0
REQ-01086,2026-05-05 21:00:00,0.2948,0,0
REQ-02364,2026-05-05 21:00:00,0.7465,1,1
REQ-01774,2026-05-05 21:00:00,0.4468,0,0
REQ-01241,2026-05-05 22:00:00,0.5798,1,0
REQ-01300,2026-05-05 22:00:00,0.4366,0,0
REQ-00595,2026-05-06 00:00:00,0.2486,0,0
REQ-00041,2026-05-06 00:00:00,0.709,1,0
REQ-00715,2026-05-06 00:00:00,0.2255,0,0
REQ-01616,2026-05-06 01:00:00,0.2728,0,0
REQ-02048,2026-05-06 01:00:00,0.3937,0,0
REQ-00741,2026-05-06 02:00:00,0.5872,1,0
REQ-00105,2026-05-06 02:00:00,0.5384,1,0
REQ-01666,2026-05-06 03:00:00,0.3098,0,0
REQ-02454,2026-05-06 03:00:00,0.3763,0,0
REQ-01602,2026-05-06 04:00:00,0.549,1,1
REQ-01000,2026-05-06 05:00:00,0.5648,1,0
REQ-02080,2026-05-06 05:00:00,0.6856,1,1
REQ-01867,2026-05-06 06:00:00,0.4271,0,0
REQ-01440,2026-05-06 06:00:00,0.6872,1,0
REQ-02173,2026-05-06 08:00:00,0.6858,1,0
REQ-01253,2026-05-06 08:00:00,0.7099,1,1
REQ-00212,2026-05-06 09:00:00,0.4605,0,0
REQ-01312,2026-05-06 10:00:00,0.5112,1,0
REQ-02670,2026-05-06 11:00:00,0.2455,0,0
REQ-02857,2026-05-06 13:00:00,0.5265,1,1
REQ-00100,2026-05-06 13:00:00,0.6012,1,1
REQ-00492,2026-05-06 14:00:00,0.4012,0,0
REQ-00024,2026-05-06 14:00:00,0.5687,1,0
REQ-01039,2026-05-06 14:00:00,0.5245,1,0
REQ-02701,2026-05-06 15:00:00,0.5823,1,0
REQ-02160,2026-05-06 15:00:00,0.4235,0,0
REQ-00814,2026-05-06 16:00:00,0.6538,1,0
REQ-00091,2026-05-06 17:00:00,0.5551,1,0
REQ-02405,2026-05-06 17:00:00,0.4414,0,0
REQ-01497,2026-05-06 17:00:00,0.4821,0,0
REQ-02325,2026-05-06 18:00:00,0.7651,1,0
REQ-01983,2026-05-06 19:00:00,0.3353,0,0
REQ-00165,2026-05-06 19:00:00,0.2238,0,0
REQ-00290,2026-05-06 19:00:00,0.6556,1,0
REQ-00765,2026-05-06 20:00:00,0.5911,1,0
REQ-02195,2026-05-06 20:00:00,0.5373,1,0
REQ-01735,2026-05-06 22:00:00,0.7495,1,1
REQ-00070,2026-05-06 23:00:00,0.4746,0,0
REQ-02448,2026-05-06 23:00:00,0.3116,0,0
REQ-02683,2026-05-07 00:00:00,0.5695,1,0
REQ-00172,2026-05-07 00:00:00,0.5612,1,0
REQ-01283,2026-05-07 00:00:00,0.7088,1,0
REQ-00859,2026-05-07 01:00:00,0.5731,1,0
REQ-00260,2026-05-07 01:00:00,0.5113,1,0
REQ-00550,2026-05-07 01:00:00,0.5924,1,0
REQ-00488,2026-05-07 02:00:00,0.347,0,0
REQ-01415,2026-05-07 02:00:00,0.3023,0,0
REQ-01024,2026-05-07 04:00:00,0.4671,0,0
REQ-02205,2026-05-07 04:00:00,0.4842,0,0
REQ-00015,2026-05-07 05:00:00,0.5845,1,0
REQ-00089,2026-05-07 06:00:00,0.2365,0,0
REQ-00989,2026-05-07 07:00:00,0.5528,1,0
REQ-02347,2026-05-07 07:00:00,0.5093,1,0
REQ-01725,2026-05-07 08:00:00,0.3222,0,0
REQ-02808,2026-05-07 09:00:00,0.5737,1,0
REQ-01824,2026-05-07 11:00:00,0.3835,0,0
REQ-01133,2026-05-07 12:00:00,0.5712,1,0
REQ-02351,2026-05-07 12:00:00,0.2766,0,0
REQ-00653,2026-05-07 14:00:00,0.3787,0,0
REQ-00656,2026-05-07 14:00:00,0.2486,0,0
REQ-00866,2026-05-07 15:00:00,0.3177,0,0
REQ-01218,2026-05-07 16:00:00,0.5944,1,0
REQ-01057,2026-05-07 17:00:00,0.5155,1,0
REQ-02987,2026-05-07 20:00:00,0.5923,1,0
REQ-00597,2026-05-07 21:00:00,0.6609,1,0
REQ-01922,2026-05-07 21:00:00,0.1821,0,0
REQ-02842,2026-05-07 21:00:00,0.5651,1,0
REQ-02337,2026-05-08 00:00:00,0.5349,1,0
REQ-02285,2026-05-08 00:00:00,0.4101,0,0
REQ-00226,2026-05-08 01:00:00,0.454,0,0
REQ-00954,2026-05-08 03:00:00,0.5983,1,0
REQ-01789,2026-05-08 03:00:00,0.6597,1,1
REQ-00422,2026-05-08 04:00:00,0.5454,1,0
REQ-01913,2026-05-08 05:00:00,0.4289,0,0
REQ-00601,2026-05-08 06:00:00,0.5721,1,0
REQ-02604,2026-05-08 06:00:00,0.3561,0,0
REQ-01979,2026-05-08 06:00:00,0.7298,1,1
REQ-00863,2026-05-08 06:00:00,0.2532,0,0
REQ-00612,2026-05-08 06:00:00,0.2281,0,0
REQ-00691,2026-05-08 09:00:00,0.6432,1,0
REQ-01994,2026-05-08 11:00:00,0.3795,0,1
REQ-02898,2026-05-08 13:00:00,0.7401,1,0
REQ-00793,2026-05-08 14:00:00,0.5854,1,0
REQ-02446,2026-05-08 16:00:00,0.6903,1,0
REQ-00001,2026-05-08 16:00:00,0.7385,1,0
REQ-01821,2026-05-08 18:00:00,0.7177,1,1
REQ-00104,2026-05-08 21:00:00,0.401,0,0
REQ-02515,2026-05-08 21:00:00,0.4361,0,1
REQ-01869,2026-05-08 21:00:00,0.326,0,0
REQ-02821,2026-05-08 22:00:00,0.54,1,0
REQ-00049,2026-05-08 22:00:00,0.5786,1,0
REQ-02574,2026-05-08 23:00:00,0.5834,1,0
REQ-01211,2026-05-08 23:00:00,0.641,1,1
REQ-00134,2026-05-08 23:00:00,0.6631,1,0
REQ-02280,2026-05-08 23:00:00,0.6443,1,0
REQ-02008,2026-05-09 00:00:00,0.4118,0,1
REQ-01413,2026-05-09 00:00:00,0.3873,0,0
REQ-00835,2026-05-09 01:00:00,0.2294,0,0
REQ-01132,2026-05-09 02:00:00,0.4307,0,0
REQ-00013,2026-05-09 03:00:00,0.4637,0,0
REQ-02872,2026-05-09 03:00:00,0.5933,1,0
REQ-00387,2026-05-09 03:00:00,0.2534,0,0
REQ-00848,2026-05-09 04:00:00,0.4951,0,0
REQ-01338,2026-05-09 04:00:00,0.3574,0,0
REQ-02371,2026-05-09 04:00:00,0.4417,0,0
REQ-00027,2026-05-09 05:00:00,0.5301,1,0
REQ-00471,2026-05-09 05:00:00,0.4253,0,0
REQ-02106,2026-05-09 07:00:00,0.6762,1,0
REQ-02570,2026-05-09 07:00:00,0.5138,1,0
REQ-01263,2026-05-09 07:00:00,0.561,1,1
REQ-01064,2026-05-09 07:00:00,0.4661,0,0
REQ-02283,2026-05-09 07:00:00,0.4272,0,0
REQ-00246,2026-05-09 08:00:00,0.34,0,0
REQ-01277,2026-05-09 08:00:00,0.6514,1,0
REQ-00111,2026-05-09 08:00:00,0.2751,0,0
REQ-02004,2026-05-09 09:00:00,0.3018,0,0
REQ-02496,2026-05-09 09:00:00,0.3232,0,0
REQ-02921,2026-05-09 13:00:00,0.5735,1,1
REQ-02361,2026-05-09 14:00:00,0.7739,1,1
REQ-02295,2026-05-09 14:00:00,0.7394,1,1
REQ-02120,2026-05-09 17:00:00,0.3556,0,0
REQ-02983,2026-05-09 18:00:00,0.5567,1,0
REQ-00050,2026-05-09 20:00:00,0.5228,1,0
REQ-02934,2026-05-09 20:00:00,0.6498,1,0
REQ-01072,2026-05-09 20:00:00,0.4344,0,0
REQ-00333,2026-05-09 22:00:00,0.6589,1,0
REQ-00805,2026-05-09 22:00:00,0.4334,0,1
REQ-00917,2026-05-09 22:00:00,0.72,1,0
REQ-01147,2026-05-09 23:00:00,0.428,0,0
REQ-01970,2026-05-09 23:00:00,0.1418,0,0
REQ-01557,2026-05-10 00:00:00,0.4901,0,0
REQ-02235,2026-05-10 00:00:00,0.7089,1,1
REQ-02287,2026-05-10 00:00:00,0.7451,1,0
REQ-00106,2026-05-10 00:00:00,0.7313,1,0
REQ-01748,2026-05-10 01:00:00,0.564,1,0
REQ-01673,2026-05-10 01:00:00,0.3897,0,0
REQ-01425,2026-05-10 02:00:00,0.5485,1,0
REQ-00159,2026-05-10 02:00:00,0.7858,1,1
REQ-02513,2026-05-10 02:00:00,0.5015,1,0
REQ-01011,2026-05-10 04:00:00,0.6723,1,1
REQ-00427,2026-05-10 04:00:00,0.5656,1,0
REQ-02782,2026-05-10 04:00:00,0.4128,0,0
REQ-01468,2026-05-10 05:00:00,0.6293,1,1
REQ-01573,2026-05-10 05:00:00,0.4436,0,0
REQ-01333,2026-05-10 06:00:00,0.7317,1,0
REQ-02333,2026-05-10 06:00:00,0.5678,1,0
REQ-00127,2026-05-10 08:00:00,0.7205,1,0
REQ-01429,2026-05-10 10:00:00,0.4743,0,0
REQ-01730,2026-05-10 10:00:00,0.5335,1,0
REQ-00401,2026-05-10 10:00:00,0.4138,0,0
REQ-00604,2026-05-10 11:00:00,0.7113,1,1
REQ-02982,2026-05-10 11:00:00,0.5113,1,1
REQ-00733,2026-05-10 12:00:00,0.3677,0,0
REQ-02098,2026-05-10 13:00:00,0.2899,0,0
REQ-00552,2026-05-10 13:00:00,0.7666,1,1
REQ-01964,2026-05-10 14:00:00,0.5456,1,0
REQ-02531,2026-05-10 14:00:00,0.3705,0,0
REQ-02647,2026-05-10 16:00:00,0.5801,1,0
REQ-01198,2026-05-10 16:00:00,0.6185,1,0
REQ-00644,2026-05-10 17:00:00,0.4743,0,0
REQ-01986,2026-05-10 18:00:00,0.1997,0,0
REQ-02421,2026-05-10 19:00:00,0.5672,1,0
REQ-00148,2026-05-10 22:00:00,0.3766,0,0
REQ-00206,2026-05-10 23:00:00,0.651,1,0
REQ-02067,2026-05-11 02:00:00,0.7181,1,1
REQ-02141,2026-05-11 02:00:00,0.2058,0,1
REQ-00903,2026-05-11 02:00:00,0.3454,0,0
REQ-02620,2026-05-11 03:00:00,0.4831,0,1
REQ-02113,2026-05-11 04:00:00,0.3472,0,0
REQ-02837,2026-05-11 05:00:00,0.614,1,0
REQ-01303,2026-05-11 05:00:00,0.6485,1,1
REQ-01968,2026-05-11 06:00:00,0.2278,0,0
REQ-01551,2026-05-11 06:00:00,0.3446,0,0
REQ-01126,2026-05-11 07:00:00,0.4361,0,0
REQ-01346,2026-05-11 08:00:00,0.572,1,0
REQ-00780,2026-05-11 09:00:00,0.6391,1,0
REQ-01892,2026-05-11 09:00:00,0.4994,0,0
REQ-01691,2026-05-11 11:00:00,0.3771,0,0
REQ-00815,2026-05-11 12:00:00,0.4899,0,0
REQ-02481,2026-05-11 15:00:00,0.4046,0,0
REQ-02902,2026-05-11 15:00:00,0.5593,1,0
REQ-01313,2026-05-11 16:00:00,0.4642,0,0
REQ-00034,2026-05-11 16:00:00,0.641,1,1
REQ-02104,2026-05-11 18:00:00,0.7258,1,1
REQ-02777,2026-05-11 18:00:00,0.4228,0,1
REQ-02846,2026-05-11 20:00:00,0.2422,0,0
REQ-00512,2026-05-11 21:00:00,0.5016,1,0
REQ-01656,2026-05-11 22:00:00,0.2288,0,0
REQ-00834,2026-05-11 23:00:00,0.2549,0,0
REQ-01015,2026-05-11 23:00:00,0.573,1,0
REQ-02905,2026-05-12 00:00:00,0.6185,1,0
REQ-01751,2026-05-12 01:00:00,0.6621,1,0
REQ-02456,2026-05-12 02:00:00,0.4227,0,0
REQ-01556,2026-05-12 02:00:00,0.4586,0,0
REQ-02977,2026-05-12 02:00:00,0.5592,1,1
REQ-01883,2026-05-12 02:00:00,0.5594,1,0
REQ-02041,2026-05-12 03:00:00,0.5729,1,1
REQ-02376,2026-05-12 04:00:00,0.496,0,0
REQ-00516,2026-05-12 04:00:00,0.3516,0,0
REQ-01633,2026-05-12 05:00:00,0.4853,0,0
REQ-00667,2026-05-12 06:00:00,0.3225,0,0
REQ-00528,2026-05-12 07:00:00,0.5536,1,1
REQ-01407,2026-05-12 07:00:00,0.5113,1,1
REQ-02167,2026-05-12 08:00:00,0.6771,1,0
REQ-00503,2026-05-12 09:00:00,0.2442,0,0
REQ-01843,2026-05-12 09:00:00,0.4117,0,0
REQ-02000,2026-05-12 09:00:00,0.5827,1,1
REQ-02795,2026-05-12 10:00:00,0.7437,1,0
REQ-00296,2026-05-12 11:00:00,0.3317,0,0
REQ-00231,2026-05-12 11:00:00,0.5002,1,0
REQ-00178,2026-05-12 12:00:00,0.4166,0,1
REQ-00881,2026-05-12 13:00:00,0.5563,1,1
REQ-02035,2026-05-12 14:00:00,0.7162,1,1
REQ-02304,2026-05-12 15:00:00,0.5882,1,0
REQ-01705,2026-05-12 15:00:00,0.58,1,0
REQ-02654,2026-05-12 17:00:00,0.6528,1,1
REQ-01006,2026-05-12 18:00:00,0.4282,0,0
REQ-02450,2026-05-12 18:00:00,0.4348,0,0
REQ-02557,2026-05-12 19:00:00,0.5744,1,0
REQ-02152,2026-05-12 19:00:00,0.5487,1,0
REQ-01508,2026-05-12 20:00:00,0.5219,1,0
REQ-01733,2026-05-12 20:00:00,0.2412,0,0
REQ-01323,2026-05-12 20:00:00,0.2034,0,0
REQ-01649,2026-05-12 20:00:00,0.6846,1,0
REQ-01246,2026-05-12 21:00:00,0.425,0,0
REQ-00303,2026-05-12 22:00:00,0.5562,1,0
REQ-00388,2026-05-13 00:00:00,0.4327,0,0
REQ-02286,2026-05-13 00:00:00,0.5266,1,0
REQ-01023,2026-05-13 00:00:00,0.4965,0,0
REQ-01506,2026-05-13 00:00:00,0.5321,1,0
REQ-01631,2026-05-13 00:00:00,0.5795,1,0
REQ-00591,2026-05-13 01:00:00,0.6317,1,0
REQ-01374,2026-05-13 02:00:00,0.6258,1,0
REQ-01157,2026-05-13 02:00:00,0.463,0,0
REQ-01568,2026-05-13 03:00:00,0.3746,0,0
REQ-02226,2026-05-13 04:00:00,0.5593,1,1
REQ-02097,2026-05-13 05:00:00,0.5621,1,1
REQ-02893,2026-05-13 06:00:00,0.3547,0,0
REQ-02756,2026-05-13 07:00:00,0.6565,1,1
REQ-01950,2026-05-13 07:00:00,0.6034,1,1
REQ-02600,2026-05-13 08:00:00,0.4675,0,1
REQ-01388,2026-05-13 08:00:00,0.5856,1,0
REQ-00557,2026-05-13 10:00:00,0.7396,1,0
REQ-01499,2026-05-13 10:00:00,0.2665,0,0
REQ-02445,2026-05-13 11:00:00,0.5134,1,0
REQ-01244,2026-05-13 11:00:00,0.3316,0,0
REQ-01485,2026-05-13 13:00:00,0.5023,1,0
REQ-01092,2026-05-13 13:00:00,0.477,0,0
REQ-02148,2026-05-13 14:00:00,0.6256,1,0
REQ-00005,2026-05-13 14:00:00,0.207,0,0
REQ-02677,2026-05-13 14:00:00,0.24,0,0
REQ-01400,2026-05-13 15:00:00,0.7391,1,1
REQ-01960,2026-05-13 16:00:00,0.6542,1,0
REQ-01149,2026-05-13 17:00:00,0.6239,1,0
REQ-02755,2026-05-13 19:00:00,0.648,1,1
REQ-01895,2026-05-13 19:00:00,0.411,0,0
REQ-01470,2026-05-13 19:00:00,0.6522,1,0
REQ-01353,2026-05-13 21:00:00,0.5165,1,1
REQ-01825,2026-05-13 22:00:00,0.5457,1,0
REQ-01658,2026-05-13 22:00:00,0.6343,1,0
REQ-02303,2026-05-13 22:00:00,0.4509,0,0
REQ-02438,2026-05-13 23:00:00,0.3691,0,0
REQ-02703,2026-05-14 00:00:00,0.433,0,0
REQ-00774,2026-05-14 00:00:00,0.5907,1,0
REQ-00219,2026-05-14 00:00:00,0.4855,0,0
REQ-01877,2026-05-14 01:00:00,0.1701,0,0
REQ-01003,2026-05-14 02:00:00,0.5548,1,0
REQ-01464,2026-05-14 02:00:00,0.3667,0,0
REQ-00811,2026-05-14 02:00:00,0.5819,1,1
REQ-00124,2026-05-14 02:00:00,0.3811,0,0
REQ-00779,2026-05-14 02:00:00,0.4817,0,0
REQ-01143,2026-05-14 03:00:00,0.3037,0,1
REQ-00559,2026-05-14 06:00:00,0.7133,1,1
REQ-01605,2026-05-14 07:00:00,0.729,1,1
REQ-00426,2026-05-14 08:00:00,0.3737,0,0
REQ-01427,2026-05-14 09:00:00,0.7645,1,0
REQ-02497,2026-05-14 11:00:00,0.6797,1,0
REQ-01715,2026-05-14 12:00:00,0.5523,1,0
REQ-01125,2026-05-14 12:00:00,0.5175,1,0
REQ-02632,2026-05-14 15:00:00,0.2402,0,0
REQ-02825,2026-05-14 17:00:00,0.5984,1,0
REQ-01911,2026-05-14 18:00:00,0.4757,0,0
REQ-00344,2026-05-14 18:00:00,0.5226,1,0
REQ-01096,2026-05-14 18:00:00,0.5647,1,1
REQ-02060,2026-05-14 18:00:00,0.4735,0,0
REQ-01022,2026-05-14 19:00:00,0.5961,1,0
REQ-02149,2026-05-14 19:00:00,0.7423,1,1
REQ-00145,2026-05-14 20:00:00,0.2789,0,0
REQ-00827,2026-05-14 20:00:00,0.3057,0,0
REQ-00476,2026-05-14 20:00:00,0.7729,1,0
REQ-01707,2026-05-14 20:00:00,0.7363,1,1
REQ-02100,2026-05-14 20:00:00,0.5194,1,0
REQ-01370,2026-05-14 21:00:00,0.6187,1,0
REQ-01383,2026-05-14 22:00:00,0.4017,0,0
REQ-00610,2026-05-14 22:00:00,0.6165,1,0
REQ-00842,2026-05-14 22:00:00,0.5788,1,0
REQ-01162,2026-05-14 22:00:00,0.2981,0,0
REQ-02784,2026-05-14 23:00:00,0.5921,1,0
REQ-02862,2026-05-15 00:00:00,0.4329,0,1
REQ-01657,2026-05-15 00:00:00,0.2927,0,0
REQ-01897,2026-05-15 01:00:00,0.4441,0,0
REQ-02470,2026-05-15 03:00:00,0.3909,0,0
REQ-02530,2026-05-15 03:00:00,0.7843,1,0
REQ-01389,2026-05-15 04:00:00,0.7198,1,1
REQ-00018,2026-05-15 04:00:00,0.4423,0,1
REQ-01588,2026-05-15 05:00:00,0.4902,0,0
REQ-01309,2026-05-15 05:00:00,0.4701,0,0
REQ-02700,2026-05-15 08:00:00,0.1385,0,0
REQ-01085,2026-05-15 10:00:00,0.6194,1,0
REQ-00864,2026-05-15 10:00:00,0.5913,1,1
REQ-00491,2026-05-15 10:00:00,0.6161,1,1
REQ-00323,2026-05-15 11:00:00,0.528,1,0
REQ-01559,2026-05-15 12:00:00,0.7946,1,1
REQ-02671,2026-05-15 12:00:00,0.6205,1,0
REQ-00588,2026-05-15 13:00:00,0.3663,0,0
REQ-01041,2026-05-15 13:00:00,0.6799,1,1
REQ-00962,2026-05-15 14:00:00,0.4786,0,0
REQ-02878,2026-05-15 14:00:00,0.5558,1,0
REQ-02993,2026-05-15 14:00:00,0.7026,1,1
REQ-00374,2026-05-15 16:00:00,0.6311,1,1
REQ-00609,2026-05-15 17:00:00,0.6491,1,1
REQ-01200,2026-05-15 17:00:00,0.5283,1,0
REQ-02918,2026-05-15 18:00:00,0.3245,0,0
REQ-00828,2026-05-15 18:00:00,0.4472,0,0
REQ-01036,2026-05-15 19:00:00,0.5595,1,0
REQ-01731,2026-05-15 19:00:00,0.5391,1,0
REQ-01855,2026-05-15 20:00:00,0.5477,1,0
REQ-01286,2026-05-15 23:00:00,0.5136,1,0
REQ-01418,2026-05-15 23:00:00,0.6347,1,0
REQ-00150,2026-05-15 23:00:00,0.7044,1,0
REQ-01213,2026-05-15 23:00:00,0.6179,1,1
REQ-00855,2026-05-15 23:00:00,0.7274,1,0
REQ-00092,2026-05-16 00:00:00,0.5699,1,1
REQ-01140,2026-05-16 01:00:00,0.5675,1,0
REQ-00649,2026-05-16 03:00:00,0.5191,1,0
REQ-02451,2026-05-16 04:00:00,0.4991,0,0
REQ-02651,2026-05-16 04:00:00,0.5094,1,0
REQ-01814,2026-05-16 05:00:00,0.3886,0,0
REQ-00361,2026-05-16 05:00:00,0.366,0,0
REQ-02207,2026-05-16 06:00:00,0.3617,0,0
REQ-00722,2026-05-16 06:00:00,0.4906,0,0
REQ-01314,2026-05-16 06:00:00,0.5712,1,0
REQ-00047,2026-05-16 07:00:00,0.6267,1,0
REQ-02709,2026-05-16 07:00:00,0.276,0,0
REQ-01079,2026-05-16 08:00:00,0.4074,0,1
REQ-00581,2026-05-16 08:00:00,0.2611,0,0
REQ-02318,2026-05-16 08:00:00,0.4692,0,0
REQ-00564,2026-05-16 11:00:00,0.6459,1,1
REQ-01124,2026-05-16 12:00:00,0.4089,0,0
REQ-00395,2026-05-16 13:00:00,0.4404,0,0
REQ-02511,2026-05-16 13:00:00,0.5519,1,0
REQ-00036,2026-05-16 14:00:00,0.7164,1,0
REQ-02331,2026-05-16 15:00:00,0.4466,0,1
REQ-01205,2026-05-16 15:00:00,0.6135,1,0
REQ-00867,2026-05-16 16:00:00,0.5621,1,0
REQ-00363,2026-05-16 17:00:00,0.6663,1,0
REQ-00066,2026-05-16 19:00:00,0.5287,1,0
REQ-01734,2026-05-16 19:00:00,0.4843,0,0
REQ-00739,2026-05-16 19:00:00,0.5405,1,0
REQ-02163,2026-05-16 20:00:00,0.5815,1,0
REQ-01942,2026-05-16 20:00:00,0.5453,1,0
REQ-01107,2026-05-16 21:00:00,0.4096,0,0
REQ-00458,2026-05-16 21:00:00,0.4631,0,0
REQ-01547,2026-05-16 21:00:00,0.4869,0,0
REQ-01279,2026-05-16 21:00:00,0.442,0,0
REQ-02299,2026-05-16 22:00:00,0.7208,1,0
REQ-02988,2026-05-17 01:00:00,0.6721,1,1
REQ-02796,2026-05-17 01:00:00,0.3227,0,0
REQ-02389,2026-05-17 02:00:00,0.5895,1,1
REQ-01864,2026-05-17 03:00:00,0.5593,1,0
REQ-00357,2026-05-17 03:00:00,0.479,0,0
REQ-02385,2026-05-17 03:00:00,0.5477,1,0
REQ-00578,2026-05-17 04:00:00,0.2712,0,0
REQ-02692,2026-05-17 04:00:00,0.4602,0,0
REQ-01712,2026-05-17 04:00:00,0.4818,0,0
REQ-01862,2026-05-17 05:00:00,0.5943,1,0
REQ-02090,2026-05-17 05:00:00,0.6351,1,1
REQ-02239,2026-05-17 07:00:00,0.2845,0,0
REQ-01932,2026-05-17 07:00:00,0.5301,1,1
REQ-00589,2026-05-17 08:00:00,0.3377,0,0
REQ-00094,2026-05-17 08:00:00,0.7442,1,1
REQ-00201,2026-05-17 09:00:00,0.5714,1,0
REQ-02639,2026-05-17 11:00:00,0.418,0,0
REQ-02817,2026-05-17 11:00:00,0.5174,1,1
REQ-02868,2026-05-17 11:00:00,0.5737,1,0
REQ-00942,2026-05-17 11:00:00,0.2765,0,0
REQ-00641,2026-05-17 11:00:00,0.5915,1,1
REQ-00642,2026-05-17 12:00:00,0.501,1,0
REQ-02650,2026-05-17 12:00:00,0.5687,1,0
REQ-01291,2026-05-17 12:00:00,0.6038,1,0
REQ-00920,2026-05-17 13:00:00,0.5932,1,0
REQ-02197,2026-05-17 14:00:00,0.491,0,0
REQ-02672,2026-05-17 16:00:00,0.7324,1,0
REQ-00839,2026-05-17 16:00:00,0.4532,0,0
REQ-01598,2026-05-17 16:00:00,0.4372,0,0
REQ-01324,2026-05-17 19:00:00,0.5075,1,0
REQ-01823,2026-05-17 19:00:00,0.4545,0,0
REQ-02783,2026-05-17 20:00:00,0.4994,0,0
REQ-01153,2026-05-17 20:00:00,0.3396,0,0
REQ-00360,2026-05-17 21:00:00,0.6128,1,0
REQ-02789,2026-05-17 21:00:00,0.5826,1,1
REQ-01791,2026-05-17 22:00:00,0.6695,1,0
REQ-01520,2026-05-17 22:00:00,0.5254,1,0
REQ-02112,2026-05-17 22:00:00,0.7733,1,1
REQ-02938,2026-05-17 22:00:00,0.545,1,0
REQ-02169,2026-05-18 00:00:00,0.6366,1,0
REQ-01688,2026-05-18 01:00:00,0.5127,1,0
REQ-02879,2026-05-18 01:00:00,0.5828,1,1
REQ-01392,2026-05-18 02:00:00,0.6153,1,1
REQ-00803,2026-05-18 03:00:00,0.5628,1,1
REQ-01699,2026-05-18 03:00:00,0.3174,0,0
REQ-01116,2026-05-18 03:00:00,0.2854,0,0
REQ-02034,2026-05-18 03:00:00,0.4938,0,0
REQ-00946,2026-05-18 03:00:00,0.7096,1,0
REQ-02499,2026-05-18 05:00:00,0.7639,1,0
REQ-01750,2026-05-18 06:00:00,0.5563,1,1
REQ-01268,2026-05-18 07:00:00,0.3196,0,0
REQ-00451,2026-05-18 09:00:00,0.4723,0,0
REQ-02652,2026-05-18 09:00:00,0.5548,1,1
REQ-02973,2026-05-18 10:00:00,0.5244,1,0
REQ-02165,2026-05-18 12:00:00,0.5493,1,0
REQ-02261,2026-05-18 13:00:00,0.4194,0,0
REQ-02027,2026-05-18 16:00:00,0.5014,1,0
REQ-01726,2026-05-18 16:00:00,0.7205,1,1
REQ-00958,2026-05-18 16:00:00,0.6247,1,1
REQ-00852,2026-05-18 17:00:00,0.6005,1,0
REQ-00490,2026-05-18 18:00:00,0.4802,0,0
REQ-01831,2026-05-18 18:00:00,0.6184,1,0
REQ-00160,2026-05-18 19:00:00,0.6729,1,0
REQ-02749,2026-05-18 19:00:00,0.6841,1,1
REQ-01197,2026-05-18 20:00:00,0.6568,1,0
REQ-00498,2026-05-18 20:00:00,0.5943,1,1
REQ-00529,2026-05-18 20:00:00,0.6327,1,0
REQ-00063,2026-05-18 21:00:00,0.5182,1,0
REQ-00347,2026-05-18 21:00:00,0.547,1,0
REQ-00526,2026-05-18 22:00:00,0.6711,1,0
REQ-01836,2026-05-18 23:00:00,0.6364,1,1
REQ-00670,2026-05-19 00:00:00,0.6068,1,0
REQ-02781,2026-05-19 00:00:00,0.5336,1,0
REQ-02754,2026-05-19 00:00:00,0.4082,0,0
REQ-02805,2026-05-19 01:00:00,0.6295,1,0
REQ-01765,2026-05-19 01:00:00,0.5673,1,0
REQ-02823,2026-05-19 01:00:00,0.649,1,1
REQ-01142,2026-05-19 03:00:00,0.5187,1,0
REQ-02619,2026-05-19 03:00:00,0.733,1,0
REQ-02541,2026-05-19 03:00:00,0.2722,0,0
REQ-02492,2026-05-19 05:00:00,0.5904,1,1
REQ-01225,2026-05-19 05:00:00,0.468,0,0
REQ-02960,2026-05-19 05:00:00,0.2819,0,0
REQ-01563,2026-05-19 07:00:00,0.7046,1,1
REQ-01447,2026-05-19 07:00:00,0.5954,1,0
REQ-01102,2026-05-19 07:00:00,0.5865,1,0
REQ-00775,2026-05-19 07:00:00,0.4968,0,0
REQ-02952,2026-05-19 08:00:00,0.4577,0,0
REQ-00692,2026-05-19 08:00:00,0.4223,0,0
REQ-00964,2026-05-19 09:00:00,0.4913,0,0
REQ-00023,2026-05-19 09:00:00,0.2734,0,0
REQ-01261,2026-05-19 09:00:00,0.4004,0,1
REQ-00893,2026-05-19 09:00:00,0.534,1,0
REQ-00152,2026-05-19 09:00:00,0.6114,1,1
REQ-02624,2026-05-19 10:00:00,0.5885,1,1
REQ-01569,2026-05-19 10:00:00,0.4596,0,0
REQ-02689,2026-05-19 11:00:00,0.6943,1,0
REQ-02569,2026-05-19 12:00:00,0.7239,1,0
REQ-00682,2026-05-19 12:00:00,0.7175,1,0
REQ-00585,2026-05-19 12:00:00,0.4811,0,0
REQ-01929,2026-05-19 13:00:00,0.714,1,0
REQ-00180,2026-05-19 13:00:00,0.7069,1,1
REQ-00292,2026-05-19 15:00:00,0.4591,0,0
REQ-02386,2026-05-19 15:00:00,0.7095,1,0
REQ-02259,2026-05-19 16:00:00,0.7824,1,0
REQ-02611,2026-05-19 17:00:00,0.3731,0,0
REQ-02877,2026-05-19 17:00:00,0.2496,0,0
REQ-02917,2026-05-19 17:00:00,0.3724,0,0
REQ-00060,2026-05-19 17:00:00,0.5353,1,0
REQ-00318,2026-05-19 18:00:00,0.7596,1,1
REQ-02116,2026-05-19 18:00:00,0.6759,1,0
REQ-00199,2026-05-19 20:00:00,0.5667,1,1
REQ-02288,2026-05-19 20:00:00,0.6087,1,0
REQ-00514,2026-05-19 20:00:00,0.2478,0,0
REQ-02229,2026-05-19 21:00:00,0.5255,1,0
REQ-00753,2026-05-19 21:00:00,0.5616,1,0
REQ-01245,2026-05-19 22:00:00,0.7414,1,0
REQ-02610,2026-05-19 22:00:00,0.6571,1,1
REQ-01081,2026-05-19 23:00:00,0.6015,1,0
REQ-01938,2026-05-20 01:00:00,0.7077,1,1
REQ-01648,2026-05-20 01:00:00,0.4694,0,0
REQ-02542,2026-05-20 02:00:00,0.5022,1,0
REQ-02232,2026-05-20 02:00:00,0.4715,0,0
REQ-02220,2026-05-20 02:00:00,0.7859,1,0
REQ-01446,2026-05-20 03:00:00,0.4272,0,0
REQ-01745,2026-05-20 03:00:00,0.5685,1,0
REQ-00502,2026-05-20 04:00:00,0.5292,1,0
REQ-01439,2026-05-20 04:00:00,0.4857,0,0
REQ-02527,2026-05-20 05:00:00,0.286,0,0
REQ-01376,2026-05-20 05:00:00,0.5136,1,0
REQ-00693,2026-05-20 06:00:00,0.5927,1,0
REQ-01680,2026-05-20 06:00:00,0.5235,1,0
REQ-02767,2026-05-20 07:00:00,0.6735,1,0
REQ-02830,2026-05-20 07:00:00,0.5562,1,1
REQ-00771,2026-05-20 07:00:00,0.4045,0,0
REQ-01202,2026-05-20 09:00:00,0.6224,1,0
REQ-02168,2026-05-20 11:00:00,0.3007,0,0
REQ-02164,2026-05-20 11:00:00,0.6127,1,0
REQ-01181,2026-05-20 12:00:00,0.6501,1,0
REQ-02045,2026-05-20 13:00:00,0.4141,0,0
REQ-01675,2026-05-20 14:00:00,0.5604,1,0
REQ-01249,2026-05-20 15:00:00,0.5862,1,0
REQ-01954,2026-05-20 15:00:00,0.5161,1,0
REQ-01055,2026-05-20 15:00:00,0.4026,0,0
REQ-01971,2026-05-20 16:00:00,0.755,1,0
REQ-01625,2026-05-20 16:00:00,0.3199,0,0
REQ-02382,2026-05-20 17:00:00,0.3605,0,0
REQ-02457,2026-05-20 18:00:00,0.2975,0,0
REQ-02131,2026-05-20 18:00:00,0.6104,1,0
REQ-00690,2026-05-20 19:00:00,0.5541,1,1
REQ-00273,2026-05-20 19:00:00,0.4582,0,0
REQ-00732,2026-05-20 19:00:00,0.7151,1,1
REQ-00554,2026-05-20 21:00:00,0.6618,1,0
REQ-02626,2026-05-20 22:00:00,0.2018,0,0
REQ-01335,2026-05-20 23:00:00,0.5913,1,0
REQ-00668,2026-05-20 23:00:00,0.5424,1,1
REQ-00324,2026-05-21 00:00:00,0.5955,1,1
REQ-00080,2026-05-21 01:00:00,0.3101,0,0
REQ-02802,2026-05-21 01:00:00,0.1518,0,0
REQ-00355,2026-05-21 02:00:00,0.7068,1,1
REQ-02578,2026-05-21 04:00:00,0.5177,1,0
REQ-02743,2026-05-21 04:00:00,0.2977,0,0
REQ-02712,2026-05-21 05:00:00,0.6636,1,0
REQ-02941,2026-05-21 06:00:00,0.3726,0,0
REQ-00285,2026-05-21 06:00:00,0.5132,1,0
REQ-01706,2026-05-21 07:00:00,0.6141,1,0
REQ-00450,2026-05-21 07:00:00,0.4108,0,0
REQ-02630,2026-05-21 07:00:00,0.628,1,0
REQ-02871,2026-05-21 07:00:00,0.706,1,0
REQ-02378,2026-05-21 09:00:00,0.6397,1,1
REQ-01829,2026-05-21 09:00:00,0.7089,1,0
REQ-00140,2026-05-21 10:00:00,0.7549,1,1
REQ-02388,2026-05-21 11:00:00,0.5295,1,0
REQ-02674,2026-05-21 11:00:00,0.5034,1,0
REQ-02532,2026-05-21 12:00:00,0.6414,1,0
REQ-01796,2026-05-21 12:00:00,0.2949,0,0
REQ-00011,2026-05-21 12:00:00,0.7597,1,0
REQ-01345,2026-05-21 12:00:00,0.5006,1,0
REQ-01961,2026-05-21 12:00:00,0.4078,0,0
REQ-01168,2026-05-21 13:00:00,0.5493,1,0
REQ-02412,2026-05-21 13:00:00,0.3441,0,0
REQ-01108,2026-05-21 14:00:00,0.3548,0,0
REQ-00420,2026-05-21 14:00:00,0.6199,1,1
REQ-02676,2026-05-21 15:00:00,0.6212,1,0
REQ-02269,2026-05-21 15:00:00,0.3829,0,0
REQ-01947,2026-05-21 15:00:00,0.3736,0,0
REQ-00336,2026-05-21 15:00:00,0.3797,0,0
REQ-00264,2026-05-21 16:00:00,0.7068,1,1
REQ-02519,2026-05-21 16:00:00,0.5911,1,0
REQ-01827,2026-05-21 18:00:00,0.554,1,0
REQ-00860,2026-05-21 19:00:00,0.6574,1,1
REQ-00913,2026-05-21 20:00:00,0.4547,0,0
REQ-02769,2026-05-21 20:00:00,0.7135,1,0
REQ-02554,2026-05-21 21:00:00,0.1354,0,0
REQ-01529,2026-05-21 22:00:00,0.5699,1,0
REQ-00447,2026-05-21 22:00:00,0.4856,0,0
REQ-00683,2026-05-21 23:00:00,0.6036,1,1
REQ-00593,2026-05-21 23:00:00,0.7569,1,0
REQ-00925,2026-05-22 00:00:00,0.7274,1,1
REQ-01976,2026-05-22 00:00:00,0.5758,1,1
REQ-00762,2026-05-22 00:00:00,0.4614,0,0
REQ-02362,2026-05-22 01:00:00,0.3313,0,0
REQ-00750,2026-05-22 01:00:00,0.3201,0,0
REQ-00721,2026-05-22 01:00:00,0.7425,1,1
REQ-02694,2026-05-22 02:00:00,0.5977,1,1
REQ-01375,2026-05-22 02:00:00,0.474,0,0
REQ-01873,2026-05-22 02:00:00,0.5601,1,1
REQ-02861,2026-05-22 03:00:00,0.5847,1,0
REQ-00968,2026-05-22 03:00:00,0.7517,1,0
REQ-01456,2026-05-22 03:00:00,0.2796,0,0
REQ-00346,2026-05-22 05:00:00,0.6485,1,0
REQ-01209,2026-05-22 05:00:00,0.1587,0,0
REQ-01232,2026-05-22 05:00:00,0.5346,1,0
REQ-00809,2026-05-22 05:00:00,0.4295,0,0
REQ-01227,2026-05-22 07:00:00,0.731,1,0
REQ-00416,2026-05-22 07:00:00,0.5665,1,0
REQ-00608,2026-05-22 07:00:00,0.5889,1,1
REQ-02121,2026-05-22 07:00:00,0.8363,1,0
REQ-02096,2026-05-22 07:00:00,0.4484,0,0
REQ-00639,2026-05-22 08:00:00,0.6381,1,1
REQ-01909,2026-05-22 08:00:00,0.7081,1,0
REQ-00763,2026-05-22 10:00:00,0.6678,1,0
REQ-00576,2026-05-22 12:00:00,0.4761,0,0
REQ-00861,2026-05-22 12:00:00,0.4162,0,1
REQ-01678,2026-05-22 13:00:00,0.2878,0,0
REQ-00437,2026-05-22 14:00:00,0.634,1,1
REQ-00408,2026-05-22 14:00:00,0.3336,0,0
REQ-02142,2026-05-22 14:00:00,0.2926,0,0
REQ-02217,2026-05-22 15:00:00,0.4693,0,0
REQ-02375,2026-05-22 16:00:00,0.4838,0,0
REQ-02827,2026-05-22 17:00:00,0.5576,1,1
REQ-01169,2026-05-22 17:00:00,0.4498,0,0
REQ-02535,2026-05-22 17:00:00,0.4372,0,0
REQ-01442,2026-05-22 18:00:00,0.6126,1,1
REQ-02669,2026-05-22 18:00:00,0.7037,1,0
REQ-00796,2026-05-22 19:00:00,0.5606,1,0
REQ-02571,2026-05-22 20:00:00,0.6907,1,0
REQ-01532,2026-05-22 22:00:00,0.533,1,0
REQ-01566,2026-05-22 22:00:00,0.4231,0,0
REQ-02839,2026-05-22 23:00:00,0.6711,1,1
REQ-02955,2026-05-22 23:00:00,0.6538,1,0
REQ-00714,2026-05-23 01:00:00,0.5802,1,1
REQ-01420,2026-05-23 01:00:00,0.6329,1,0
REQ-00998,2026-05-23 02:00:00,0.6533,1,0
REQ-00679,2026-05-23 03:00:00,0.5655,1,0
REQ-01704,2026-05-23 03:00:00,0.4498,0,0
REQ-02790,2026-05-23 03:00:00,0.7143,1,1
REQ-00850,2026-05-23 03:00:00,0.6933,1,0
REQ-00194,2026-05-23 04:00:00,0.5276,1,0
REQ-00465,2026-05-23 05:00:00,0.6067,1,0
REQ-02598,2026-05-23 06:00:00,0.7686,1,0
REQ-01558,2026-05-23 06:00:00,0.7647,1,1
REQ-01783,2026-05-23 07:00:00,0.4287,0,0
REQ-01746,2026-05-23 08:00:00,0.2509,0,1
REQ-00144,2026-05-23 08:00:00,0.6816,1,0
REQ-02227,2026-05-23 09:00:00,0.6814,1,0
REQ-01082,2026-05-23 09:00:00,0.4044,0,1
REQ-00381,2026-05-23 12:00:00,0.5826,1,0
REQ-01515,2026-05-23 13:00:00,0.3287,0,0
REQ-02616,2026-05-23 13:00:00,0.6285,1,0
REQ-00570,2026-05-23 14:00:00,0.5,0,0
REQ-02588,2026-05-23 15:00:00,0.3582,0,0
REQ-01809,2026-05-23 15:00:00,0.4075,0,0
REQ-00400,2026-05-23 16:00:00,0.3571,0,1
REQ-01053,2026-05-23 16:00:00,0.3946,0,0
REQ-00207,2026-05-23 16:00:00,0.7055,1,0
REQ-01997,2026-05-23 17:00:00,0.3699,0,0
REQ-01242,2026-05-23 18:00:00,0.4995,0,0
REQ-02147,2026-05-23 18:00:00,0.1656,0,0
REQ-02667,2026-05-23 18:00:00,0.7388,1,0
REQ-01222,2026-05-23 18:00:00,0.5786,1,0
REQ-01622,2026-05-23 18:00:00,0.4783,0,0
REQ-01933,2026-05-23 19:00:00,0.4192,0,0
REQ-02962,2026-05-23 19:00:00,0.5399,1,0
REQ-02730,2026-05-23 20:00:00,0.477,0,0
REQ-02732,2026-05-23 21:00:00,0.5692,1,0
REQ-00935,2026-05-23 22:00:00,0.6106,1,0
REQ-01474,2026-05-23 22:00:00,0.6171,1,0
REQ-01066,2026-05-23 23:00:00,0.6711,1,1
REQ-00263,2026-05-24 00:00:00,0.5538,1,0
REQ-00339,2026-05-24 01:00:00,0.2346,0,0
REQ-02172,2026-05-24 01:00:00,0.7276,1,0
REQ-00469,2026-05-24 01:00:00,0.4874,0,1
REQ-02623,2026-05-24 02:00:00,0.7406,1,0
REQ-02836,2026-05-24 03:00:00,0.4922,0,0
REQ-01989,2026-05-24 04:00:00,0.7505,1,0
REQ-00045,2026-05-24 04:00:00,0.3371,0,0
REQ-00819,2026-05-24 06:00:00,0.7278,1,1
REQ-01619,2026-05-24 06:00:00,0.4854,0,0
REQ-01080,2026-05-24 07:00:00,0.4963,0,0
REQ-02512,2026-05-24 08:00:00,0.5155,1,0
REQ-02907,2026-05-24 09:00:00,0.3038,0,0
REQ-02053,2026-05-24 09:00:00,0.5445,1,0
REQ-01368,2026-05-24 11:00:00,0.7901,1,0
REQ-01294,2026-05-24 11:00:00,0.4856,0,0
REQ-01087,2026-05-24 12:00:00,0.3722,0,0
REQ-01272,2026-05-24 12:00:00,0.5796,1,0
REQ-01380,2026-05-24 13:00:00,0.5468,1,0
REQ-02013,2026-05-24 13:00:00,0.3567,0,0
REQ-02396,2026-05-24 14:00:00,0.3576,0,0
REQ-00440,2026-05-24 15:00:00,0.7849,1,0
REQ-01005,2026-05-24 16:00:00,0.281,0,0
REQ-00382,2026-05-24 17:00:00,0.3122,0,0
REQ-02813,2026-05-24 18:00:00,0.6039,1,0
REQ-00948,2026-05-24 18:00:00,0.5292,1,0
REQ-00354,2026-05-24 19:00:00,0.3373,0,0
REQ-00510,2026-05-24 19:00:00,0.3544,0,0
REQ-02648,2026-05-24 19:00:00,0.7077,1,1
REQ-02387,2026-05-24 21:00:00,0.4025,0,0
REQ-00403,2026-05-24 21:00:00,0.4358,0,0
REQ-02886,2026-05-24 22:00:00,0.6875,1,0
REQ-01421,2026-05-24 23:00:00,0.3267,0,0
REQ-02038,2026-05-24 23:00:00,0.5015,1,0
REQ-00648,2026-05-24 23:00:00,0.5459,1,0
