loan_amnt,term,int_rate,installment,grade,emp_length,home_ownership,annual_inc,verification_status,purpose,dti,delinq_2yrs,fico_range_low,revol_util,loan_status,timestamp
2900,60 months,11.61,63.21,B,2 years,MORTGAGE,58652.0,Verified,debt_consolidation,19.08,0,711,36.77,Fully Paid,2026-03-14 10:00:00
11900,36 months,26.76,456.07,F,< 1 year,RENT,25350.0,Not Verified,credit_card,19.18,1,652,44.9,Fully Paid,2026-05-08 16:00:00
7600,36 months,14.92,250.33,C,3 years,RENT,98827.0,Verified,debt_consolidation,38.72,0,708,88.37,Fully Paid,2026-04-26 12:00:00
15000,60 months,25.49,422.77,E,< 1 year,RENT,109560.0,Not Verified,credit_card,16.87,1,640,80.03,Fully Paid,2026-04-12 17:00:00
9500,36 months,9.63,293.9,B,,RENT,77579.0,Not Verified,debt_consolidation,29.53,0,747,80.93,Charged Off,2026-04-10 22:00:00
4700,36 months,11.44,143.92,A,3 years,MORTGAGE,59533.0,Verified,debt_consolidation,18.58,0,745,39.67,Fully Paid,2026-05-13 14:00:00
5400,60 months,16.31,130.77,D,10+ years,MORTGAGE,51112.0,Verified,debt_consolidation,14.25,0,667,44.67,Fully Paid,2026-03-13 04:00:00
11600,36 months,18.46,399.06,D,10+ years,MORTGAGE,30083.0,Not Verified,credit_card,4.31,1,713,42.73,Fully Paid,2026-04-29 23:00:00
9000,36 months,18.62,323.66,E,10+ years,MORTGAGE,11500.0,Not Verified,debt_consolidation,14.39,0,706,65.93,Fully Paid,2026-03-20 09:00:00
11100,60 months,28.85,347.96,G,10+ years,RENT,64625.0,Not Verified,credit_card,5.42,0,679,67.07,Fully Paid,2026-03-14 16:00:00
18900,36 months,18.85,663.07,D,10+ years,OWN,110688.0,Source Verified,home_improvement,26.55,0,701,55.9,Charged Off,2026-04-15 14:00:00
22900,36 months,34.33,957.52,G,8 years,MORTGAGE,71688.0,Not Verified,credit_card,28.12,0,654,70.63,Fully Paid,2026-05-21 12:00:00
10300,60 months,17.1,234.88,C,10+ years,MORTGAGE,71500.0,Not Verified,medical,27.94,0,701,63.43,Fully Paid,2026-04-27 07:00:00
13600,60 months,13.68,283.5,A,8 years,RENT,26162.0,Not Verified,credit_card,27.82,0,758,50.4,Fully Paid,2026-05-09 03:00:00
11500,60 months,11.81,232.13,B,2 years,MORTGAGE,34583.0,Not Verified,debt_consolidation,8.74,0,739,60.13,Fully Paid,2026-04-30 10:00:00
26600,36 months,16.83,887.7,B,5 years,RENT,67112.0,Source Verified,major_purchase,23.47,0,713,72.7,Fully Paid,2026-05-07 05:00:00
23800,36 months,15.23,793.12,B,10+ years,MORTGAGE,74462.0,Source Verified,car,12.88,0,731,43.7,Fully Paid,2026-04-16 17:00:00
15200,36 months,16.91,537.47,D,1 year,OWN,68052.0,Not Verified,major_purchase,13.68,0,673,55.97,Fully Paid,2026-03-10 12:00:00
15200,36 months,13.86,482.37,C,4 years,RENT,34438.0,Not Verified,debt_consolidation,13.97,0,699,74.07,Charged Off,2026-05-15 04:00:00
21300,36 months,15.26,715.22,C,3 years,RENT,158742.0,Source Verified,debt_consolidation,16.66,0,695,85.63,Fully Paid,2026-04-11 05:00:00
12700,60 months,19.11,309.58,D,2 years,MORTGAGE,53288.0,Verified,credit_card,12.61,1,663,58.9,Fully Paid,2026-04-15 10:00:00
16900,36 months,13.97,561.08,B,10+ years,MORTGAGE,104500.0,Source Verified,major_purchase,14.72,0,684,68.27,Fully Paid,2026-03-30 22:00:00
10900,36 months,9.78,345.5,B,10+ years,MORTGAGE,46192.0,Not Verified,debt_consolidation,4.64,1,726,61.53,Fully Paid,2026-03-18 16:00:00
11900,36 months,12.22,365.92,A,9 years,MORTGAGE,31527.0,Not Verified,credit_card,16.12,0,744,63.33,Fully Paid,2026-05-19 09:00:00
7500,36 months,16.78,250.11,C,10+ years,MORTGAGE,84175.0,Not Verified,medical,20.75,0,725,84.1,Fully Paid,2026-05-06 14:00:00
5800,36 months,10.02,177.82,B,9 years,RENT,50652.0,Not Verified,credit_card,18.32,0,728,78.47,Fully Paid,2026-04-24 09:00:00
7200,36 months,15.41,244.02,C,9 years,RENT,50600.0,Source Verified,debt_consolidation,27.28,0,687,55.17,Fully Paid,2026-03-30 19:00:00
7400,36 months,18.64,253.42,C,4 years,MORTGAGE,39081.0,Source Verified,debt_consolidation,12.87,0,684,84.7,Fully Paid,2026-05-09 05:00:00
7300,60 months,12.66,153.89,B,9 years,RENT,66062.0,Verified,debt_consolidation,9.47,0,702,63.3,Fully Paid,2026-04-14 13:00:00
7800,36 months,26.06,304.22,F,10+ years,RENT,58408.0,Source Verified,car,32.47,0,653,60.33,Charged Off,2026-04-12 06:00:00
9300,60 months,19.94,233.33,D,8 years,OWN,65933.0,Not Verified,debt_consolidation,27.06,1,701,94.33,Fully Paid,2026-04-11 03:00:00
11700,36 months,12.8,387.49,C,5 years,MORTGAGE,44083.0,Not Verified,debt_consolidation,14.97,0,728,84.43,Fully Paid,2026-03-17 21:00:00
13500,36 months,12.54,448.65,C,10+ years,MORTGAGE,113290.0,Verified,debt_consolidation,19.49,1,716,29.87,Fully Paid,2026-03-12 22:00:00
27900,36 months,21.64,1017.63,F,4 years,MORTGAGE,136325.0,Not Verified,debt_consolidation,14.12,1,670,31.1,Fully Paid,2026-04-13 18:00:00
9200,60 months,22.93,233.27,D,10+ years,RENT,194750.0,Verified,credit_card,14.98,0,684,81.27,Charged Off,2026-05-11 16:00:00
8000,36 months,12.33,266.98,C,5 years,MORTGAGE,39600.0,Not Verified,debt_consolidation,22.12,0,705,58.8,Fully Paid,2026-03-08 16:00:00
13400,36 months,35.0,568.85,G,2 years,RENT,78771.0,Not Verified,small_business,11.93,0,648,30.17,Fully Paid,2026-05-16 14:00:00
12600,60 months,11.05,246.83,B,7 years,MORTGAGE,28356.0,Source Verified,home_improvement,9.97,1,721,67.8,Fully Paid,2026-05-05 01:00:00
16800,60 months,15.86,394.05,D,8 years,MORTGAGE,105281.0,Verified,debt_consolidation,12.2,0,678,43.4,Fully Paid,2026-03-24 23:00:00
10200,36 months,10.4,314.48,A,10+ years,RENT,27590.0,Source Verified,major_purchase,30.42,0,760,71.27,Fully Paid,2026-04-21 09:00:00
21000,36 months,19.1,765.54,D,,OWN,38579.0,Verified,credit_card,13.03,1,670,15.37,Fully Paid,2026-03-11 18:00:00
9600,60 months,22.68,244.72,E,5 years,OWN,72962.0,Source Verified,credit_card,19.75,0,663,58.4,Fully Paid,2026-05-06 00:00:00
26000,60 months,13.55,546.68,B,6 years,MORTGAGE,253417.0,Verified,credit_card,11.05,3,733,82.73,Fully Paid,2026-04-29 07:00:00
21300,36 months,14.27,710.21,B,3 years,MORTGAGE,69483.0,Source Verified,debt_consolidation,13.87,0,712,48.67,Fully Paid,2026-04-02 16:00:00
13000,36 months,19.48,479.69,E,10+ years,RENT,37200.0,Source Verified,debt_consolidation,10.27,0,657,37.1,Fully Paid,2026-03-03 07:00:00
22500,36 months,16.24,733.85,B,6 years,RENT,93194.0,Not Verified,small_business,6.18,1,718,70.43,Fully Paid,2026-05-24 04:00:00
40000,60 months,9.7,795.83,A,10+ years,MORTGAGE,31802.0,Verified,debt_consolidation,21.16,0,741,86.63,Fully Paid,2026-04-11 02:00:00
10500,60 months,19.61,247.65,C,5 years,MORTGAGE,35467.0,Source Verified,debt_consolidation,26.17,1,695,52.47,Fully Paid,2026-05-16 07:00:00
5100,60 months,16.74,115.36,B,5 years,RENT,44917.0,Not Verified,debt_consolidation,34.61,0,724,67.33,Fully Paid,2026-04-28 04:00:00
12800,36 months,15.79,420.82,C,10+ years,MORTGAGE,73288.0,Not Verified,debt_consolidation,20.77,0,712,69.3,Fully Paid,2026-05-08 22:00:00
6300,36 months,14.4,202.99,B,6 years,MORTGAGE,97825.0,Source Verified,credit_card,21.46,0,704,79.2,Fully Paid,2026-05-09 20:00:00
40000,36 months,20.52,1476.78,E,2 years,RENT,32008.0,Not Verified,credit_card,7.0,1,651,52.43,Fully Paid,2026-03-17 05:00:00
5000,36 months,8.22,152.61,A,10+ years,MORTGAGE,161608.0,Source Verified,debt_consolidation,23.86,0,768,43.07,Fully Paid,2026-04-04 06:00:00
17500,36 months,27.2,693.02,F,3 years,OWN,79012.0,Verified,debt_consolidation,18.76,1,646,37.83,Fully Paid,2026-04-08 12:00:00
22800,36 months,14.58,758.16,C,3 years,MORTGAGE,95138.0,Verified,debt_consolidation,16.78,0,700,54.13,Fully Paid,2026-04-11 12:00:00
8500,36 months,17.28,304.23,D,8 years,MORTGAGE,85000.0,Source Verified,debt_consolidation,14.22,1,707,71.9,Charged Off,2026-03-05 08:00:00
10000,36 months,13.44,324.74,B,10+ years,RENT,55912.0,Not Verified,major_purchase,31.74,1,706,39.1,Fully Paid,2026-04-18 14:00:00
11000,36 months,16.02,384.13,D,5 years,MORTGAGE,94783.0,Verified,debt_consolidation,19.16,0,709,54.97,Charged Off,2026-03-10 00:00:00
8700,36 months,23.42,320.76,F,10+ years,RENT,119917.0,Verified,credit_card,27.16,0,670,63.93,Charged Off,2026-04-29 17:00:00
18200,36 months,14.67,593.0,C,3 years,MORTGAGE,26000.0,Verified,debt_consolidation,27.65,0,700,56.03,Charged Off,2026-04-28 21:00:00
10800,60 months,18.1,243.53,C,10+ years,MORTGAGE,67679.0,Not Verified,credit_card,16.0,0,693,63.93,Fully Paid,2026-05-19 17:00:00
14000,36 months,17.45,474.76,C,10+ years,MORTGAGE,55750.0,Not Verified,debt_consolidation,29.07,0,688,28.73,Fully Paid,2026-04-29 03:00:00
11900,60 months,15.48,273.69,C,< 1 year,RENT,67375.0,Not Verified,debt_consolidation,22.35,0,708,38.17,Fully Paid,2026-04-01 16:00:00
23800,60 months,14.62,495.44,B,10+ years,RENT,116704.0,Source Verified,credit_card,21.38,0,703,46.23,Fully Paid,2026-05-18 21:00:00
18900,36 months,12.13,611.0,B,6 years,RENT,80300.0,Verified,medical,11.0,1,738,60.07,Fully Paid,2026-04-03 22:00:00
10500,36 months,15.01,356.37,C,5 years,RENT,72844.0,Source Verified,debt_consolidation,9.92,0,729,47.9,Fully Paid,2026-03-26 20:00:00
20600,36 months,11.74,633.62,B,3 years,OWN,41088.0,Not Verified,debt_consolidation,44.79,1,754,63.07,Fully Paid,2026-05-16 19:00:00
13600,36 months,11.7,436.92,B,3 years,MORTGAGE,99550.0,Not Verified,home_improvement,18.27,0,728,93.17,Fully Paid,2026-04-03 22:00:00
11300,36 months,18.21,409.71,D,7 years,RENT,113500.0,Verified,debt_consolidation,23.41,0,667,77.0,Charged Off,2026-03-03 01:00:00
28500,60 months,16.3,660.19,C,4 years,RENT,47927.0,Not Verified,credit_card,18.6,0,697,67.33,Fully Paid,2026-04-06 11:00:00
18800,60 months,18.52,437.64,D,10+ years,MORTGAGE,70200.0,Verified,major_purchase,10.11,0,704,55.5,Fully Paid,2026-05-06 23:00:00
3700,36 months,7.73,113.79,A,2 years,MORTGAGE,89317.0,Source Verified,credit_card,21.87,0,767,23.83,Fully Paid,2026-03-19 08:00:00
11800,36 months,8.87,360.96,A,10+ years,OWN,50615.0,Not Verified,major_purchase,29.75,0,748,56.53,Fully Paid,2026-04-07 16:00:00
10100,36 months,9.4,320.71,B,10+ years,MORTGAGE,45238.0,Not Verified,credit_card,23.54,0,724,54.67,Charged Off,2026-03-14 11:00:00
40000,36 months,17.58,1358.96,C,10+ years,MORTGAGE,17667.0,Verified,home_improvement,10.06,0,695,62.33,Fully Paid,2026-05-01 01:00:00
5400,36 months,30.32,222.84,G,1 year,MORTGAGE,60738.0,Verified,debt_consolidation,24.23,0,637,54.13,Charged Off,2026-04-11 05:00:00
8300,36 months,8.14,254.92,A,8 years,OWN,52406.0,Verified,credit_card,7.42,0,720,88.4,Fully Paid,2026-03-23 18:00:00
8500,36 months,9.27,267.42,A,8 years,MORTGAGE,160233.0,Verified,credit_card,13.23,0,743,98.83,Fully Paid,2026-03-21 16:00:00
13700,36 months,20.01,488.51,D,10+ years,MORTGAGE,74200.0,Verified,debt_consolidation,15.06,1,712,83.3,Charged Off,2026-04-14 10:00:00
9500,36 months,16.67,318.58,C,4 years,MORTGAGE,46250.0,Source Verified,home_improvement,11.66,2,704,58.63,Fully Paid,2026-04-30 03:00:00
15900,60 months,12.72,316.49,B,10+ years,MORTGAGE,74231.0,Source Verified,debt_consolidation,5.99,0,735,58.33,Fully Paid,2026-05-21 01:00:00
6100,36 months,14.31,202.05,C,9 years,RENT,120310.0,Not Verified,small_business,22.75,0,702,61.53,Fully Paid,2026-04-11 17:00:00
13400,36 months,12.2,443.15,B,9 years,MORTGAGE,72948.0,Not Verified,debt_consolidation,14.8,0,686,23.27,Fully Paid,2026-03-10 22:00:00
7400,36 months,20.49,260.13,C,10+ years,MORTGAGE,42656.0,Verified,credit_card,26.97,0,715,101.6,Fully Paid,2026-05-05 16:00:00
7200,36 months,28.12,284.83,F,9 years,MORTGAGE,74996.0,Verified,credit_card,30.82,1,669,80.67,Fully Paid,2026-04-22 09:00:00
4200,60 months,28.11,121.09,G,3 years,MORTGAGE,26083.0,Not Verified,debt_consolidation,24.35,0,659,72.53,Charged Off,2026-04-29 12:00:00
19500,36 months,12.62,648.8,B,2 years,OWN,59044.0,Not Verified,debt_consolidation,5.51,0,730,56.17,Fully Paid,2026-03-10 06:00:00
17400,36 months,12.05,565.95,B,10+ years,RENT,97875.0,Not Verified,debt_consolidation,9.62,0,709,43.5,Fully Paid,2026-03-24 05:00:00
14200,36 months,17.41,477.84,C,1 year,MORTGAGE,99856.0,Not Verified,small_business,16.67,1,693,63.3,Fully Paid,2026-05-05 14:00:00
6700,60 months,10.91,130.81,A,,MORTGAGE,38269.0,Not Verified,credit_card,2.41,0,724,57.9,Fully Paid,2026-05-07 06:00:00
10900,36 months,12.28,350.59,B,4 years,MORTGAGE,52048.0,Verified,credit_card,15.89,0,720,34.63,Fully Paid,2026-04-08 09:00:00
29100,60 months,19.56,693.2,C,6 years,OWN,86694.0,Verified,credit_card,14.98,0,689,90.9,Fully Paid,2026-05-06 17:00:00
6000,36 months,18.64,204.02,C,10+ years,OWN,29767.0,Not Verified,medical,21.8,0,712,106.17,Charged Off,2026-05-16 00:00:00
4100,36 months,19.88,147.98,D,10+ years,MORTGAGE,78375.0,Verified,credit_card,11.46,0,687,57.47,Fully Paid,2026-03-31 16:00:00
4900,60 months,22.2,122.31,D,10+ years,MORTGAGE,39346.0,Verified,debt_consolidation,23.62,0,683,83.97,Charged Off,2026-05-17 08:00:00
8800,60 months,8.95,176.12,B,6 years,RENT,26625.0,Source Verified,credit_card,14.42,1,734,41.4,Fully Paid,2026-03-28 06:00:00
7700,36 months,14.79,262.38,C,,RENT,156688.0,Not Verified,debt_consolidation,28.23,0,694,28.73,Fully Paid,2026-03-17 05:00:00
11100,36 months,14.66,361.62,B,10+ years,MORTGAGE,35167.0,Not Verified,debt_consolidation,32.4,0,718,89.33,Fully Paid,2026-04-29 04:00:00
10500,36 months,24.63,396.29,F,,MORTGAGE,18621.0,Source Verified,debt_consolidation,14.68,0,678,51.97,Charged Off,2026-04-21 06:00:00
17800,36 months,14.25,606.2,C,4 years,MORTGAGE,20073.0,Source Verified,credit_card,19.46,0,694,26.47,Fully Paid,2026-03-10 21:00:00
18300,60 months,16.86,410.41,C,5 years,RENT,30631.0,Not Verified,debt_consolidation,24.15,0,703,74.2,Charged Off,2026-05-06 13:00:00
37300,36 months,15.57,1285.18,D,2 years,RENT,108483.0,Not Verified,debt_consolidation,16.02,0,689,56.73,Fully Paid,2026-03-16 21:00:00
13600,60 months,14.98,292.18,B,8 years,RENT,57119.0,Not Verified,debt_consolidation,28.47,0,707,72.9,Charged Off,2026-05-04 02:00:00
16700,36 months,7.02,515.8,A,10+ years,RENT,73500.0,Verified,credit_card,19.16,0,738,42.7,Fully Paid,2026-03-05 01:00:00
7100,36 months,20.39,249.23,D,10+ years,RENT,16981.0,Source Verified,debt_consolidation,6.73,0,700,36.0,Fully Paid,2026-05-08 21:00:00
8300,36 months,16.92,277.35,C,10+ years,MORTGAGE,70606.0,Source Verified,debt_consolidation,20.28,1,702,39.5,Fully Paid,2026-05-06 02:00:00
6300,60 months,18.27,145.84,D,6 years,MORTGAGE,54844.0,Not Verified,credit_card,32.66,0,685,100.2,Fully Paid,2026-05-10 00:00:00
17400,60 months,20.27,430.29,D,4 years,RENT,38267.0,Verified,debt_consolidation,18.75,0,673,23.57,Fully Paid,2026-04-22 14:00:00
9600,36 months,19.29,341.26,F,10+ years,MORTGAGE,42194.0,Source Verified,other,30.45,0,685,69.63,Charged Off,2026-04-12 07:00:00
6400,60 months,13.59,134.69,B,< 1 year,MORTGAGE,97417.0,Verified,debt_consolidation,17.44,1,719,37.43,Fully Paid,2026-04-28 15:00:00
17600,36 months,19.01,631.96,D,3 years,MORTGAGE,51281.0,Source Verified,debt_consolidation,12.26,0,697,58.3,Charged Off,2026-03-26 18:00:00
4100,36 months,14.66,132.6,C,,MORTGAGE,86694.0,Verified,debt_consolidation,7.54,0,713,41.0,Fully Paid,2026-05-09 08:00:00
3800,36 months,14.25,124.86,B,2 years,MORTGAGE,68075.0,Not Verified,credit_card,8.23,0,726,93.2,Fully Paid,2026-04-13 09:00:00
19000,36 months,9.85,589.71,A,5 years,RENT,45688.0,Source Verified,debt_consolidation,26.12,0,749,77.63,Fully Paid,2026-04-12 12:00:00
11500,36 months,12.38,367.73,B,3 years,MORTGAGE,36050.0,Not Verified,debt_consolidation,13.26,0,714,65.3,Fully Paid,2026-04-15 13:00:00
10100,36 months,10.12,312.41,A,3 years,MORTGAGE,51800.0,Verified,debt_consolidation,13.81,1,745,35.1,Fully Paid,2026-04-16 11:00:00
14100,60 months,13.24,322.55,C,1 year,RENT,84900.0,Not Verified,debt_consolidation,29.45,0,693,24.5,Fully Paid,2026-03-06 09:00:00
4500,36 months,8.36,140.72,A,10+ years,MORTGAGE,42790.0,Verified,debt_consolidation,12.61,0,747,69.37,Fully Paid,2026-03-13 12:00:00
14900,36 months,10.81,479.45,B,10+ years,MORTGAGE,25779.0,Verified,major_purchase,15.35,0,747,37.93,Fully Paid,2026-03-16 03:00:00
8000,36 months,7.25,246.1,A,7 years,MORTGAGE,43573.0,Not Verified,debt_consolidation,17.21,1,734,74.67,Fully Paid,2026-03-15 01:00:00
6700,36 months,25.66,259.91,G,4 years,MORTGAGE,74354.0,Not Verified,major_purchase,19.91,0,678,93.53,Fully Paid,2026-04-10 08:00:00
14200,60 months,18.0,330.41,D,10+ years,MORTGAGE,44583.0,Source Verified,debt_consolidation,45.94,0,698,57.13,Charged Off,2026-05-03 23:00:00
13900,36 months,23.21,514.52,E,< 1 year,RENT,102073.0,Verified,debt_consolidation,4.86,0,688,86.17,Fully Paid,2026-04-23 07:00:00
24500,60 months,9.45,484.55,A,1 year,RENT,43179.0,Verified,credit_card,11.16,1,748,39.43,Fully Paid,2026-04-10 07:00:00
14700,60 months,14.05,305.5,C,5 years,MORTGAGE,57554.0,Not Verified,debt_consolidation,9.98,0,713,41.37,Fully Paid,2026-05-14 02:00:00
19200,60 months,10.53,385.0,B,10+ years,MORTGAGE,63175.0,Not Verified,debt_consolidation,27.55,1,763,47.1,Charged Off,2026-04-19 05:00:00
16000,36 months,19.75,592.58,E,10+ years,RENT,37900.0,Verified,debt_consolidation,12.23,0,672,60.1,Charged Off,2026-03-07 19:00:00
9800,60 months,20.2,236.76,E,10+ years,RENT,83038.0,Not Verified,debt_consolidation,20.08,1,673,53.6,Fully Paid,2026-05-10 08:00:00
3800,36 months,19.94,135.37,D,1 year,OWN,19250.0,Not Verified,debt_consolidation,16.02,0,688,54.7,Charged Off,2026-04-16 12:00:00
11300,60 months,12.71,235.72,B,10+ years,RENT,127015.0,Source Verified,debt_consolidation,22.05,0,714,28.47,Charged Off,2026-04-25 12:00:00
14200,36 months,14.11,465.63,B,3 years,MORTGAGE,58712.0,Not Verified,credit_card,11.82,0,713,69.3,Charged Off,2026-04-15 12:00:00
10600,60 months,15.76,239.88,C,9 years,MORTGAGE,68250.0,Verified,debt_consolidation,14.21,0,690,68.5,Fully Paid,2026-04-16 05:00:00
10900,36 months,15.08,375.61,C,7 years,OWN,42398.0,Not Verified,debt_consolidation,17.26,0,689,11.17,Fully Paid,2026-03-14 07:00:00
21400,36 months,13.1,691.52,C,8 years,MORTGAGE,37712.0,Not Verified,home_improvement,49.24,0,717,84.6,Charged Off,2026-04-13 13:00:00
8000,36 months,25.13,299.88,E,,RENT,85312.0,Source Verified,home_improvement,13.4,1,673,72.7,Fully Paid,2026-05-08 23:00:00
10600,36 months,18.14,376.02,D,10+ years,RENT,40406.0,Source Verified,major_purchase,9.67,0,695,50.6,Fully Paid,2026-03-23 02:00:00
17900,36 months,9.89,547.72,A,10+ years,RENT,33483.0,Not Verified,credit_card,17.6,1,751,54.87,Fully Paid,2026-04-24 01:00:00
10500,60 months,11.35,230.13,B,6 years,MORTGAGE,138200.0,Verified,debt_consolidation,18.05,0,724,51.5,Fully Paid,2026-03-05 08:00:00
11600,36 months,16.01,396.52,C,3 years,RENT,54450.0,Not Verified,debt_consolidation,22.64,0,666,97.97,Fully Paid,2026-04-02 06:00:00
7800,36 months,13.98,257.14,C,10+ years,RENT,61992.0,Not Verified,debt_consolidation,13.05,1,711,82.73,Fully Paid,2026-04-09 11:00:00
14300,36 months,18.01,478.46,E,1 year,MORTGAGE,92808.0,Verified,debt_consolidation,32.07,0,682,57.63,Charged Off,2026-05-21 10:00:00
14000,36 months,11.66,456.09,B,7 years,MORTGAGE,58075.0,Not Verified,debt_consolidation,13.97,0,716,82.33,Fully Paid,2026-03-18 20:00:00
10400,36 months,10.28,329.65,B,10+ years,MORTGAGE,42844.0,Verified,debt_consolidation,35.57,0,694,15.2,Fully Paid,2026-03-26 03:00:00
16500,36 months,21.55,609.42,F,8 years,MORTGAGE,33825.0,Verified,credit_card,21.37,1,677,72.27,Fully Paid,2026-04-02 23:00:00
21100,60 months,23.75,538.68,D,2 years,RENT,71842.0,Not Verified,credit_card,28.12,1,704,74.43,Fully Paid,2026-05-23 08:00:00
5800,36 months,16.66,191.7,B,10+ years,MORTGAGE,46075.0,Verified,debt_consolidation,6.47,0,707,43.17,Fully Paid,2026-05-14 20:00:00
9400,60 months,13.57,216.63,D,2 years,MORTGAGE,97500.0,Not Verified,credit_card,33.99,1,656,47.5,Charged Off,2026-03-06 11:00:00
7800,36 months,12.61,257.62,B,2 years,RENT,73121.0,Not Verified,major_purchase,19.65,0,710,55.63,Charged Off,2026-03-21 20:00:00
10100,36 months,12.36,315.85,A,2 years,RENT,47369.0,Source Verified,debt_consolidation,20.65,0,757,53.8,Fully Paid,2026-05-10 22:00:00
40000,36 months,17.67,1439.48,D,9 years,MORTGAGE,19900.0,Not Verified,credit_card,18.09,0,691,84.2,Fully Paid,2026-03-02 18:00:00
21800,36 months,18.39,738.63,D,4 years,MORTGAGE,38554.0,Source Verified,debt_consolidation,20.18,1,678,74.27,Fully Paid,2026-05-15 23:00:00
8900,36 months,11.17,285.8,B,9 years,MORTGAGE,69375.0,Source Verified,debt_consolidation,17.44,1,713,46.2,Fully Paid,2026-03-24 13:00:00
13600,60 months,17.34,301.43,C,10+ years,MORTGAGE,39621.0,Source Verified,other,20.07,0,691,96.43,Charged Off,2026-05-19 09:00:00
11900,36 months,8.41,366.95,B,2 years,MORTGAGE,66375.0,Not Verified,debt_consolidation,11.32,2,770,82.1,Fully Paid,2026-03-28 13:00:00
13200,36 months,16.72,452.56,D,10+ years,MORTGAGE,55990.0,Source Verified,credit_card,26.48,0,716,17.13,Fully Paid,2026-04-06 11:00:00
17800,36 months,13.86,577.37,B,10+ years,RENT,59621.0,Source Verified,credit_card,22.16,0,729,62.67,Fully Paid,2026-04-25 22:00:00
27500,36 months,11.86,905.01,B,10+ years,MORTGAGE,66583.0,Not Verified,debt_consolidation,11.0,0,731,52.27,Fully Paid,2026-03-14 09:00:00
21100,36 months,10.45,655.86,B,10+ years,RENT,92750.0,Verified,credit_card,15.05,0,735,85.9,Fully Paid,2026-04-19 23:00:00
17800,60 months,16.29,407.65,C,8 years,RENT,23450.0,Not Verified,debt_consolidation,25.13,0,690,78.5,Fully Paid,2026-04-17 16:00:00
17700,36 months,26.09,672.22,F,7 years,MORTGAGE,29169.0,Verified,debt_consolidation,31.82,0,636,70.1,Charged Off,2026-05-10 02:00:00
7700,60 months,15.94,165.27,C,4 years,MORTGAGE,56271.0,Verified,medical,25.22,0,664,80.53,Fully Paid,2026-05-18 19:00:00
15000,36 months,13.79,486.05,B,3 years,RENT,23575.0,Verified,home_improvement,16.87,0,710,91.47,Fully Paid,2026-04-26 05:00:00
24800,60 months,12.17,529.0,C,7 years,RENT,63525.0,Verified,small_business,17.07,1,720,71.57,Fully Paid,2026-03-31 02:00:00
25200,36 months,14.37,841.46,C,4 years,MORTGAGE,78283.0,Not Verified,debt_consolidation,6.72,1,674,54.37,Charged Off,2026-04-01 04:00:00
35200,36 months,13.11,1145.91,B,1 year,OWN,132942.0,Verified,debt_consolidation,10.77,0,731,70.23,Fully Paid,2026-04-06 21:00:00
10300,60 months,12.71,209.88,A,3 years,MORTGAGE,50375.0,Source Verified,debt_consolidation,8.86,0,737,48.3,Fully Paid,2026-05-06 19:00:00
8300,36 months,8.95,257.99,B,4 years,MORTGAGE,73406.0,Source Verified,debt_consolidation,17.46,0,751,,Fully Paid,2026-03-28 05:00:00
16200,36 months,20.39,597.03,E,6 years,RENT,45425.0,Source Verified,debt_consolidation,10.57,0,659,65.53,Charged Off,2026-03-17 21:00:00
6400,36 months,12.47,207.93,C,,OWN,50783.0,Verified,debt_consolidation,28.76,0,694,31.37,Fully Paid,2026-04-04 18:00:00
6100,36 months,9.94,196.66,B,< 1 year,MORTGAGE,37300.0,Verified,credit_card,27.26,1,724,33.2,Fully Paid,2026-03-06 05:00:00
6200,36 months,14.2,211.0,C,5 years,MORTGAGE,14883.0,Source Verified,debt_consolidation,16.64,0,706,27.37,Fully Paid,2026-03-13 09:00:00
13400,36 months,12.21,443.22,B,10+ years,MORTGAGE,260262.0,Verified,debt_consolidation,8.1,2,710,36.17,Fully Paid,2026-03-15 13:00:00
6900,36 months,19.07,237.74,C,8 years,MORTGAGE,18931.0,Verified,debt_consolidation,26.9,0,705,105.1,Fully Paid,2026-05-07 00:00:00
7300,36 months,25.02,275.1,E,10+ years,MORTGAGE,39250.0,Not Verified,home_improvement,15.21,0,669,37.33,Fully Paid,2026-04-29 09:00:00
19000,60 months,25.9,523.68,E,10+ years,MORTGAGE,29250.0,Source Verified,debt_consolidation,22.08,1,682,87.43,Fully Paid,2026-05-03 23:00:00
12900,60 months,17.79,308.86,E,1 year,MORTGAGE,42462.0,Verified,credit_card,19.21,1,705,49.83,Fully Paid,2026-04-09 21:00:00
10100,36 months,16.82,339.43,C,10+ years,MORTGAGE,30333.0,Not Verified,debt_consolidation,17.16,0,703,75.03,Fully Paid,2026-05-01 07:00:00
36000,36 months,7.06,1104.35,A,10+ years,RENT,57673.0,Source Verified,debt_consolidation,9.23,1,742,60.87,Fully Paid,2026-03-11 01:00:00
6700,36 months,14.73,215.34,C,4 years,RENT,51300.0,Not Verified,credit_card,12.54,1,738,98.57,Charged Off,2026-05-12 12:00:00
23900,36 months,15.54,800.0,B,< 1 year,MORTGAGE,34562.0,Source Verified,debt_consolidation,7.77,0,732,44.6,Fully Paid,2026-04-14 04:00:00
10600,36 months,24.1,386.41,D,5 years,OWN,16650.0,Not Verified,debt_consolidation,29.12,0,672,103.73,Charged Off,2026-05-19 13:00:00
10200,60 months,11.66,222.59,B,10+ years,MORTGAGE,48958.0,Verified,home_improvement,23.19,0,729,31.37,Fully Paid,2026-03-10 08:00:00
21000,36 months,9.91,652.36,A,3 years,MORTGAGE,55452.0,Not Verified,credit_card,16.33,0,749,29.53,Fully Paid,2026-04-11 05:00:00
19200,36 months,11.18,594.42,B,10+ years,RENT,27000.0,Not Verified,debt_consolidation,17.57,0,742,47.03,Fully Paid,2026-04-27 09:00:00
26900,60 months,13.47,584.47,C,10+ years,MORTGAGE,124879.0,Not Verified,debt_consolidation,10.88,1,710,40.83,Fully Paid,2026-04-10 09:00:00
7600,36 months,24.35,289.66,F,5 years,RENT,32250.0,Source Verified,debt_consolidation,29.64,0,673,80.23,Fully Paid,2026-04-12 15:00:00
12500,36 months,9.73,398.84,B,4 years,MORTGAGE,63646.0,Source Verified,debt_consolidation,28.87,0,703,47.27,Fully Paid,2026-03-14 08:00:00
11800,36 months,15.22,398.84,C,9 years,MORTGAGE,62425.0,Source Verified,debt_consolidation,17.27,0,713,20.97,Fully Paid,2026-04-01 19:00:00
21600,36 months,12.8,715.37,C,< 1 year,RENT,33733.0,Verified,debt_consolidation,17.5,0,676,48.13,Fully Paid,2026-03-16 09:00:00
13300,36 months,13.99,444.87,C,10+ years,RENT,80156.0,Source Verified,debt_consolidation,18.3,0,692,70.4,Fully Paid,2026-03-28 20:00:00
8300,60 months,17.72,191.92,E,10+ years,MORTGAGE,36667.0,Source Verified,debt_consolidation,7.47,1,676,67.43,Fully Paid,2026-04-27 00:00:00
9000,36 months,13.33,289.69,C,2 years,MORTGAGE,72860.0,Verified,debt_consolidation,35.62,0,709,80.57,Fully Paid,2026-04-24 18:00:00
12800,60 months,18.26,302.9,C,9 years,RENT,47235.0,Source Verified,credit_card,11.61,0,707,30.57,Fully Paid,2026-04-24 16:00:00
29400,60 months,15.6,678.01,C,8 years,RENT,105417.0,Not Verified,debt_consolidation,23.76,0,696,42.07,Charged Off,2026-03-31 08:00:00
10400,60 months,18.71,237.75,C,9 years,RENT,32683.0,Source Verified,debt_consolidation,8.84,0,689,74.13,Fully Paid,2026-05-23 04:00:00
25000,36 months,10.73,809.38,B,< 1 year,RENT,88908.0,Not Verified,credit_card,20.93,1,729,63.67,Fully Paid,2026-03-10 05:00:00
25700,36 months,19.75,925.9,D,< 1 year,RENT,66550.0,Not Verified,credit_card,12.65,1,682,29.57,Fully Paid,2026-03-31 13:00:00
6700,60 months,6.43,129.31,A,< 1 year,RENT,39754.0,Verified,credit_card,13.32,0,759,10.57,Fully Paid,2026-03-14 16:00:00
25300,36 months,16.73,873.69,E,7 years,OWN,36300.0,Not Verified,debt_consolidation,25.25,0,683,60.67,Fully Paid,2026-04-05 20:00:00
5400,60 months,15.21,113.97,B,10+ years,RENT,93810.0,Not Verified,debt_consolidation,28.65,0,721,61.23,Charged Off,2026-05-19 20:00:00
16300,36 months,11.42,521.53,B,2 years,MORTGAGE,35658.0,Source Verified,credit_card,19.14,2,710,76.37,Charged Off,2026-04-05 10:00:00
26400,60 months,23.36,675.57,E,10+ years,RENT,55021.0,Source Verified,credit_card,12.92,0,675,55.97,Fully Paid,2026-05-17 09:00:00
11600,60 months,19.89,290.73,D,5 years,RENT,78475.0,Not Verified,debt_consolidation,32.75,0,671,49.13,Charged Off,2026-04-11 09:00:00
8800,36 months,14.13,284.49,B,< 1 year,MORTGAGE,47500.0,Source Verified,debt_consolidation,6.69,0,718,63.63,Fully Paid,2026-04-27 23:00:00
12100,36 months,9.31,372.56,A,8 years,RENT,96392.0,Not Verified,debt_consolidation,12.35,1,752,72.13,Fully Paid,2026-04-08 02:00:00
11700,36 months,15.01,397.1,C,10+ years,RENT,79875.0,Not Verified,debt_consolidation,32.49,0,697,50.0,Fully Paid,2026-03-27 17:00:00
25100,36 months,17.93,850.93,D,7 years,MORTGAGE,106031.0,Verified,major_purchase,28.31,0,712,80.7,Fully Paid,2026-05-10 23:00:00
10500,36 months,23.25,378.28,F,,MORTGAGE,23665.0,Source Verified,credit_card,17.43,0,680,99.43,Fully Paid,2026-05-23 16:00:00
20000,60 months,8.41,395.18,B,9 years,RENT,35062.0,Not Verified,credit_card,23.18,0,740,37.4,Fully Paid,2026-03-25 22:00:00
11200,36 months,18.38,382.14,D,4 years,MORTGAGE,37212.0,Not Verified,credit_card,3.99,1,716,76.7,Fully Paid,2026-05-05 15:00:00
4700,36 months,18.52,167.61,D,10+ years,OWN,76500.0,Verified,debt_consolidation,12.01,0,702,82.1,Charged Off,2026-03-29 17:00:00
10800,60 months,34.0,349.42,G,10+ years,MORTGAGE,89000.0,Verified,credit_card,14.21,0,652,48.93,Charged Off,2026-04-28 22:00:00
17800,36 months,17.27,597.78,C,6 years,OWN,76375.0,Verified,debt_consolidation,10.83,0,697,65.5,Fully Paid,2026-05-06 09:00:00
29800,36 months,8.64,908.47,A,10+ years,RENT,73010.0,Verified,debt_consolidation,15.24,0,720,36.63,Fully Paid,2026-04-12 18:00:00
15900,36 months,20.79,565.22,E,7 years,MORTGAGE,16583.0,Not Verified,debt_consolidation,18.09,0,677,41.23,Fully Paid,2026-04-30 22:00:00
6200,36 months,18.08,219.75,D,6 years,OWN,23531.0,Source Verified,debt_consolidation,20.67,0,684,40.6,Fully Paid,2026-03-24 20:00:00
11400,36 months,8.04,357.44,A,6 years,MORTGAGE,38500.0,Source Verified,debt_consolidation,22.55,1,728,22.2,Fully Paid,2026-03-02 00:00:00
14300,36 months,13.83,484.1,D,7 years,MORTGAGE,116912.0,Not Verified,debt_consolidation,11.3,1,694,69.87,Fully Paid,2026-03-12 00:00:00
13200,36 months,18.64,464.99,E,10+ years,RENT,66560.0,Source Verified,credit_card,40.59,1,684,33.83,Charged Off,2026-04-12 21:00:00
10900,36 months,17.12,362.66,C,2 years,OWN,12350.0,Not Verified,small_business,22.22,0,715,96.87,Fully Paid,2026-05-14 00:00:00
8700,36 months,18.44,314.26,D,1 year,RENT,270935.0,Verified,debt_consolidation,20.99,0,673,38.47,Fully Paid,2026-03-13 21:00:00
40000,36 months,19.95,1435.08,E,10+ years,MORTGAGE,50435.0,Not Verified,debt_consolidation,16.41,0,672,57.43,Charged Off,2026-04-07 18:00:00
9500,36 months,16.92,319.73,C,< 1 year,MORTGAGE,81583.0,Not Verified,small_business,11.24,0,703,34.33,Fully Paid,2026-05-02 10:00:00
6900,36 months,16.05,239.36,C,8 years,RENT,174512.0,Not Verified,debt_consolidation,23.15,0,720,71.43,Fully Paid,2026-03-21 10:00:00
12300,36 months,14.34,398.85,C,2 years,MORTGAGE,31083.0,Source Verified,debt_consolidation,11.31,0,709,40.63,Fully Paid,2026-05-01 06:00:00
9800,60 months,15.24,226.71,C,3 years,MORTGAGE,102562.0,Not Verified,credit_card,14.17,1,710,59.0,Fully Paid,2026-03-28 09:00:00
14000,36 months,12.58,439.23,A,2 years,MORTGAGE,47531.0,Not Verified,debt_consolidation,24.29,1,760,82.7,Fully Paid,2026-05-08 01:00:00
6000,36 months,18.51,209.49,D,10+ years,MORTGAGE,165025.0,Verified,debt_consolidation,5.62,1,693,21.7,Fully Paid,2026-04-15 15:00:00
7100,36 months,14.4,233.79,B,1 year,RENT,56262.0,Not Verified,debt_consolidation,16.9,0,695,67.0,Fully Paid,2026-04-18 03:00:00
13400,36 months,14.58,455.25,D,10+ years,MORTGAGE,66412.0,Source Verified,debt_consolidation,31.68,0,683,7.43,Fully Paid,2026-03-21 20:00:00
20100,36 months,9.46,620.26,A,10+ years,MORTGAGE,18723.0,Source Verified,debt_consolidation,20.96,1,772,88.03,Fully Paid,2026-04-11 21:00:00
11300,36 months,16.52,372.74,C,10+ years,MORTGAGE,28500.0,Not Verified,debt_consolidation,19.98,0,729,50.27,Fully Paid,2026-05-12 11:00:00
35700,60 months,11.2,779.77,C,7 years,MORTGAGE,65800.0,Verified,debt_consolidation,43.01,0,698,38.6,Charged Off,2026-03-06 17:00:00
18900,36 months,17.01,632.36,D,10+ years,MORTGAGE,21856.0,Verified,small_business,13.12,0,707,84.5,Charged Off,2026-05-04 00:00:00
6300,60 months,12.09,132.59,C,10+ years,RENT,27233.0,Not Verified,home_improvement,20.04,0,722,27.13,Fully Paid,2026-04-10 00:00:00
16300,36 months,15.43,536.97,C,10+ years,OWN,47417.0,Verified,debt_consolidation,44.58,1,726,62.93,Fully Paid,2026-04-30 23:00:00
24000,36 months,17.23,817.12,C,6 years,MORTGAGE,45185.0,Source Verified,debt_consolidation,11.23,0,712,77.67,Fully Paid,2026-04-22 13:00:00
24200,36 months,32.36,1025.47,G,3 years,MORTGAGE,89942.0,Source Verified,debt_consolidation,18.72,0,650,60.33,Charged Off,2026-04-12 23:00:00
13300,60 months,8.36,262.48,A,4 years,RENT,72469.0,Verified,medical,13.47,0,734,53.6,Fully Paid,2026-03-29 04:00:00
10600,36 months,14.85,348.79,B,3 years,MORTGAGE,83452.0,Not Verified,debt_consolidation,13.75,0,713,78.57,Charged Off,2026-04-20 06:00:00
19100,36 months,19.59,701.0,D,9 years,OWN,85188.0,Not Verified,car,17.28,0,690,33.17,Charged Off,2026-03-10 11:00:00
4300,60 months,14.17,92.79,B,2 years,OWN,34338.0,Source Verified,debt_consolidation,11.83,0,715,23.47,Fully Paid,2026-04-21 10:00:00
18600,36 months,7.94,578.06,A,7 years,MORTGAGE,36229.0,Not Verified,credit_card,14.44,0,724,50.47,Fully Paid,2026-03-15 06:00:00
6100,36 months,19.13,213.35,D,3 years,MORTGAGE,66198.0,Not Verified,debt_consolidation,16.5,0,700,53.47,Fully Paid,2026-04-23 15:00:00
12600,60 months,13.22,265.98,C,3 years,MORTGAGE,33996.0,Not Verified,debt_consolidation,15.2,0,712,37.57,Fully Paid,2026-04-25 02:00:00
11400,60 months,28.36,353.99,F,,MORTGAGE,131502.0,Verified,debt_consolidation,37.58,0,631,68.07,Charged Off,2026-03-14 16:00:00
24500,60 months,13.05,503.25,C,10+ years,MORTGAGE,61262.0,Source Verified,debt_consolidation,14.27,0,722,32.1,Fully Paid,2026-05-09 08:00:00
6300,60 months,23.73,173.03,F,8 years,MORTGAGE,33917.0,Not Verified,debt_consolidation,13.06,1,658,57.67,Charged Off,2026-03-30 14:00:00
15700,36 months,16.03,517.95,B,2 years,RENT,52569.0,Verified,debt_consolidation,29.54,0,722,50.7,Fully Paid,2026-05-04 23:00:00
14300,36 months,15.35,498.17,D,10+ years,MORTGAGE,50300.0,Not Verified,home_improvement,15.11,0,687,68.0,Charged Off,2026-03-04 18:00:00
8000,36 months,10.86,257.61,B,8 years,RENT,33925.0,Not Verified,debt_consolidation,20.3,0,710,40.43,Fully Paid,2026-03-18 08:00:00
20300,36 months,12.54,655.41,B,9 years,RENT,64231.0,Not Verified,debt_consolidation,18.6,0,724,83.13,Fully Paid,2026-04-11 05:00:00
6900,36 months,15.15,236.33,C,10+ years,MORTGAGE,111838.0,Not Verified,debt_consolidation,28.55,0,693,74.93,Fully Paid,2026-03-17 02:00:00
7100,36 months,11.39,228.73,B,1 year,MORTGAGE,58031.0,Not Verified,debt_consolidation,16.13,0,706,90.7,Charged Off,2026-03-25 14:00:00
12000,36 months,17.05,407.51,D,10+ years,RENT,90627.0,Not Verified,medical,16.75,1,695,52.77,Fully Paid,2026-04-21 15:00:00
21600,60 months,20.26,569.39,E,< 1 year,RENT,43573.0,Not Verified,debt_consolidation,18.1,0,653,56.47,Charged Off,2026-03-10 07:00:00
13800,36 months,10.03,420.01,B,< 1 year,RENT,78417.0,Source Verified,debt_consolidation,11.9,1,735,87.93,Fully Paid,2026-04-28 05:00:00
8400,60 months,12.48,186.77,B,10+ years,MORTGAGE,120633.0,Not Verified,debt_consolidation,20.89,0,711,83.17,Fully Paid,2026-03-10 08:00:00
22100,36 months,11.43,717.57,B,2 years,RENT,55871.0,Not Verified,debt_consolidation,14.37,0,737,31.43,Fully Paid,2026-03-19 22:00:00
11300,36 months,15.78,376.83,D,10+ years,MORTGAGE,34508.0,Verified,debt_consolidation,16.18,0,676,90.77,Fully Paid,2026-04-22 20:00:00
5000,36 months,12.52,156.73,B,10+ years,RENT,28275.0,Source Verified,credit_card,24.41,1,736,60.3,Fully Paid,2026-05-07 01:00:00
5400,60 months,7.88,106.62,A,10+ years,MORTGAGE,29612.0,Verified,debt_consolidation,21.79,0,751,36.33,Fully Paid,2026-03-19 08:00:00
2700,60 months,16.62,64.4,D,4 years,RENT,26812.0,Not Verified,home_improvement,28.31,0,690,90.8,Fully Paid,2026-03-28 04:00:00
12900,36 months,21.29,452.19,D,10+ years,RENT,33531.0,Not Verified,debt_consolidation,8.08,2,695,80.63,Fully Paid,2026-05-24 00:00:00
18000,36 months,18.64,607.71,D,10+ years,OWN,79858.0,Source Verified,debt_consolidation,34.22,0,702,81.63,Charged Off,2026-05-21 16:00:00
5500,60 months,12.85,116.45,C,10+ years,RENT,29488.0,Source Verified,debt_consolidation,14.05,0,720,33.6,Fully Paid,2026-04-17 11:00:00
13900,60 months,12.0,291.93,C,1 year,MORTGAGE,81252.0,Source Verified,credit_card,30.94,0,704,42.53,Fully Paid,2026-04-11 04:00:00
5000,36 months,20.74,182.62,D,1 year,RENT,164175.0,Verified,debt_consolidation,9.21,0,713,52.67,Fully Paid,2026-04-03 19:00:00
5700,36 months,12.74,181.9,B,4 years,MORTGAGE,44075.0,Source Verified,debt_consolidation,35.91,0,721,92.57,Charged Off,2026-04-20 22:00:00
14000,60 months,15.14,308.88,C,10+ years,RENT,94983.0,Verified,debt_consolidation,15.94,0,713,70.07,Fully Paid,2026-04-26 21:00:00
15300,36 months,15.92,526.04,D,5 years,RENT,57938.0,Source Verified,debt_consolidation,12.25,0,700,61.6,Fully Paid,2026-03-24 03:00:00
21100,36 months,6.28,644.58,A,7 years,RENT,65400.0,Source Verified,debt_consolidation,20.51,0,745,44.2,Fully Paid,2026-03-04 21:00:00
11300,36 months,11.4,369.41,B,10+ years,RENT,37502.0,Source Verified,debt_consolidation,50.0,0,715,72.37,Charged Off,2026-03-13 13:00:00
11800,60 months,15.92,253.16,B,1 year,MORTGAGE,60896.0,Verified,debt_consolidation,14.83,0,716,63.73,Fully Paid,2026-05-20 19:00:00
18900,36 months,13.57,619.39,B,7 years,MORTGAGE,60200.0,Verified,credit_card,44.15,1,703,73.93,Charged Off,2026-04-07 16:00:00
9900,36 months,9.91,307.54,A,10+ years,MORTGAGE,52138.0,Verified,other,16.31,0,750,,Fully Paid,2026-04-12 11:00:00
7900,36 months,19.47,281.54,D,10+ years,MORTGAGE,96481.0,Verified,debt_consolidation,6.21,0,702,46.53,Charged Off,2026-04-06 12:00:00
13600,36 months,20.31,476.86,D,< 1 year,MORTGAGE,116675.0,Verified,debt_consolidation,13.23,1,702,30.1,Fully Paid,2026-05-05 17:00:00
14700,36 months,9.87,473.43,B,2 years,MORTGAGE,55100.0,Not Verified,credit_card,24.24,1,718,32.1,Fully Paid,2026-03-08 22:00:00
9100,36 months,17.79,328.03,D,10+ years,MORTGAGE,108900.0,Verified,credit_card,21.95,0,686,60.3,Fully Paid,2026-03-07 02:00:00
25100,36 months,13.43,832.84,B,9 years,MORTGAGE,85781.0,Not Verified,debt_consolidation,12.0,0,716,36.8,Fully Paid,2026-03-23 14:00:00
34200,36 months,19.16,1213.54,E,10+ years,MORTGAGE,167969.0,Source Verified,debt_consolidation,24.37,1,688,84.33,Charged Off,2026-04-11 06:00:00
22400,36 months,18.4,769.94,D,8 years,MORTGAGE,65167.0,Not Verified,credit_card,5.0,0,690,52.63,Fully Paid,2026-05-03 18:00:00
3200,36 months,7.79,96.32,B,,RENT,24904.0,Not Verified,debt_consolidation,13.16,1,765,52.33,Fully Paid,2026-04-06 16:00:00
5800,36 months,12.04,185.9,C,2 years,RENT,137958.0,Not Verified,debt_consolidation,17.49,0,723,73.33,Fully Paid,2026-04-08 21:00:00
34300,36 months,18.04,1148.12,B,2 years,OWN,91190.0,Verified,major_purchase,32.22,0,721,47.23,Fully Paid,2026-05-21 06:00:00
6400,60 months,8.31,129.19,A,3 years,MORTGAGE,89888.0,Source Verified,debt_consolidation,27.46,0,742,68.07,Fully Paid,2026-03-09 22:00:00
21400,60 months,15.89,485.71,C,9 years,MORTGAGE,76562.0,Source Verified,debt_consolidation,14.13,0,689,58.0,Fully Paid,2026-04-14 09:00:00
5000,36 months,16.88,170.6,D,,RENT,86362.0,Not Verified,debt_consolidation,30.85,0,668,23.9,Fully Paid,2026-04-14 05:00:00
6600,60 months,13.85,144.65,B,8 years,OWN,62440.0,Verified,small_business,22.41,0,722,62.33,Fully Paid,2026-04-07 07:00:00
8900,36 months,25.18,333.85,F,2 years,MORTGAGE,17388.0,Source Verified,debt_consolidation,8.56,0,667,63.8,Fully Paid,2026-05-06 19:00:00
16700,60 months,14.41,379.21,C,2 years,MORTGAGE,98250.0,Source Verified,other,10.79,0,684,49.8,Fully Paid,2026-03-26 05:00:00
40000,60 months,21.46,971.87,D,10+ years,RENT,83867.0,Verified,medical,9.84,0,690,55.43,Fully Paid,2026-05-19 15:00:00
7000,36 months,15.5,239.24,C,< 1 year,RENT,97688.0,Not Verified,debt_consolidation,17.92,0,713,67.8,Fully Paid,2026-03-25 00:00:00
12800,60 months,10.29,255.21,A,10+ years,MORTGAGE,60112.0,Not Verified,debt_consolidation,19.34,0,743,69.5,Fully Paid,2026-04-14 08:00:00
8300,36 months,16.8,282.87,C,10+ years,MORTGAGE,69300.0,Not Verified,debt_consolidation,14.8,1,723,103.3,Charged Off,2026-04-18 13:00:00
33300,60 months,18.21,761.26,C,4 years,MORTGAGE,23908.0,Not Verified,credit_card,5.9,0,720,41.97,Fully Paid,2026-05-12 11:00:00
11700,60 months,20.44,296.72,D,1 year,MORTGAGE,43269.0,Verified,debt_consolidation,9.55,0,675,61.83,Fully Paid,2026-04-12 08:00:00
13800,36 months,12.95,454.74,B,10+ years,RENT,59906.0,Not Verified,credit_card,12.81,0,703,72.8,Fully Paid,2026-03-26 18:00:00
5900,36 months,13.93,201.45,C,10+ years,RENT,57000.0,Not Verified,debt_consolidation,16.94,1,688,2.6,Fully Paid,2026-03-07 14:00:00
17300,36 months,9.86,541.0,A,10+ years,RENT,94692.0,Verified,other,25.39,1,734,39.27,Fully Paid,2026-04-03 10:00:00
8000,36 months,15.3,261.15,C,1 year,RENT,45256.0,Verified,credit_card,7.92,0,712,68.6,Fully Paid,2026-05-05 20:00:00
9500,36 months,14.21,325.66,C,10+ years,RENT,100700.0,Not Verified,credit_card,21.19,0,711,54.6,Fully Paid,2026-03-06 05:00:00
4900,60 months,23.89,126.81,D,5 years,MORTGAGE,33646.0,Source Verified,debt_consolidation,7.64,1,674,65.77,Fully Paid,2026-05-12 22:00:00
26500,36 months,9.82,816.06,A,< 1 year,RENT,33950.0,Not Verified,home_improvement,16.71,0,769,62.3,Fully Paid,2026-04-13 19:00:00
5600,36 months,17.93,200.86,D,1 year,OWN,88223.0,Not Verified,credit_card,13.6,0,694,45.97,Fully Paid,2026-03-10 18:00:00
20800,36 months,18.56,742.2,E,3 years,RENT,76312.0,Source Verified,credit_card,38.43,1,697,62.4,Fully Paid,2026-03-24 22:00:00
11700,36 months,22.83,433.8,F,7 years,RENT,104038.0,Verified,debt_consolidation,13.3,0,676,29.7,Fully Paid,2026-04-13 22:00:00
11300,36 months,20.19,412.44,D,3 years,RENT,54281.0,Verified,debt_consolidation,22.55,0,675,34.3,Fully Paid,2026-03-23 03:00:00
10800,36 months,12.01,356.19,B,10+ years,MORTGAGE,130131.0,Verified,credit_card,37.15,0,708,55.57,Fully Paid,2026-03-15 14:00:00
6000,60 months,19.88,147.12,D,10+ years,MORTGAGE,29981.0,Source Verified,debt_consolidation,17.92,0,671,44.27,Fully Paid,2026-04-23 14:00:00
13600,36 months,11.86,425.3,A,7 years,RENT,102167.0,Verified,small_business,7.29,0,742,48.43,Fully Paid,2026-04-29 19:00:00
20800,36 months,11.02,676.25,B,2 years,MORTGAGE,62765.0,Not Verified,debt_consolidation,36.86,0,716,62.87,Charged Off,2026-03-15 12:00:00
3600,36 months,13.46,119.5,C,7 years,RENT,48000.0,Not Verified,debt_consolidation,10.63,0,706,53.0,Fully Paid,2026-03-24 13:00:00
18100,60 months,15.5,425.86,C,7 years,MORTGAGE,47533.0,Source Verified,debt_consolidation,11.12,0,704,51.33,Fully Paid,2026-03-18 19:00:00
13700,36 months,12.48,435.53,C,5 years,OWN,119156.0,Not Verified,medical,18.03,0,720,90.47,Fully Paid,2026-04-25 22:00:00
25300,36 months,18.43,869.99,C,1 year,RENT,60333.0,Verified,debt_consolidation,21.06,0,697,89.83,Fully Paid,2026-05-01 10:00:00
20500,60 months,19.61,494.28,E,4 years,RENT,72167.0,Source Verified,home_improvement,20.51,0,695,86.23,Fully Paid,2026-04-29 19:00:00
15700,36 months,27.7,601.22,G,1 year,MORTGAGE,59585.0,Source Verified,debt_consolidation,20.04,0,671,82.63,Charged Off,2026-05-19 18:00:00
11800,60 months,14.69,251.82,C,1 year,RENT,47044.0,Source Verified,home_improvement,13.75,0,733,86.9,Fully Paid,2026-05-04 05:00:00
6700,36 months,13.14,221.39,C,1 year,RENT,137812.0,Source Verified,debt_consolidation,11.78,0,715,29.6,Fully Paid,2026-03-23 14:00:00
33100,60 months,12.55,737.13,B,10+ years,MORTGAGE,89985.0,Source Verified,medical,15.75,0,697,36.37,Fully Paid,2026-03-10 03:00:00
24100,60 months,19.2,582.23,C,2 years,RENT,13154.0,Not Verified,credit_card,17.18,2,700,43.17,Fully Paid,2026-04-25 12:00:00
7800,36 months,15.41,253.19,B,1 year,RENT,45600.0,Source Verified,debt_consolidation,36.94,0,711,23.27,Fully Paid,2026-05-15 11:00:00
13300,60 months,21.0,319.91,C,,MORTGAGE,17498.0,Not Verified,debt_consolidation,28.69,0,700,,Charged Off,2026-05-21 00:00:00
22600,36 months,22.05,852.04,E,1 year,RENT,15142.0,Source Verified,debt_consolidation,14.69,0,662,51.33,Charged Off,2026-03-21 11:00:00
40000,36 months,16.37,1393.87,C,2 years,RENT,57692.0,Not Verified,debt_consolidation,37.02,0,720,51.03,Fully Paid,2026-03-17 03:00:00
14600,36 months,16.01,513.36,D,1 year,MORTGAGE,58200.0,Not Verified,debt_consolidation,18.99,1,690,59.8,Fully Paid,2026-03-03 11:00:00
9600,36 months,13.54,323.65,C,10+ years,MORTGAGE,42006.0,Source Verified,debt_consolidation,14.74,0,668,40.47,Charged Off,2026-03-11 17:00:00
6100,60 months,15.9,138.48,D,4 years,RENT,192412.0,Not Verified,debt_consolidation,19.94,2,707,77.9,Fully Paid,2026-04-19 10:00:00
10100,36 months,24.5,383.12,E,5 years,OWN,65538.0,Source Verified,credit_card,16.14,0,651,36.5,Charged Off,2026-04-17 07:00:00
40000,36 months,15.22,1352.0,C,10+ years,RENT,47758.0,Verified,debt_consolidation,23.78,0,663,44.07,Fully Paid,2026-04-04 22:00:00
11900,36 months,13.05,392.7,D,6 years,RENT,43875.0,Not Verified,debt_consolidation,13.18,0,692,26.3,Fully Paid,2026-03-24 17:00:00
12800,36 months,17.81,433.2,E,10+ years,RENT,78488.0,Not Verified,debt_consolidation,19.28,1,694,50.3,Fully Paid,2026-05-09 22:00:00
7700,60 months,15.11,173.67,C,10+ years,RENT,30817.0,Verified,other,20.29,0,703,47.23,Charged Off,2026-04-06 12:00:00
10400,36 months,18.42,355.04,D,10+ years,MORTGAGE,32256.0,Source Verified,home_improvement,28.07,1,694,24.2,Fully Paid,2026-05-05 14:00:00
14300,36 months,17.51,475.03,B,10+ years,RENT,43321.0,Not Verified,debt_consolidation,7.91,1,729,68.43,Fully Paid,2026-05-21 15:00:00
22900,36 months,28.48,934.65,G,5 years,RENT,82500.0,Source Verified,credit_card,8.47,1,648,30.9,Fully Paid,2026-03-23 08:00:00
10100,36 months,19.43,367.32,D,10+ years,MORTGAGE,26833.0,Verified,debt_consolidation,12.33,0,691,48.93,Charged Off,2026-03-22 00:00:00
28900,36 months,12.38,890.76,A,10+ years,OTHER,132044.0,Verified,car,6.04,0,735,72.93,Fully Paid,2026-05-24 01:00:00
7600,36 months,16.36,255.56,C,10+ years,MORTGAGE,130858.0,Verified,debt_consolidation,9.92,0,716,48.67,Fully Paid,2026-04-23 18:00:00
22100,60 months,15.0,508.52,C,2 years,RENT,68438.0,Source Verified,debt_consolidation,23.09,1,709,88.8,Charged Off,2026-03-25 03:00:00
15100,36 months,22.89,556.49,F,< 1 year,RENT,77473.0,Verified,debt_consolidation,12.17,1,676,51.17,Fully Paid,2026-04-20 16:00:00
10500,60 months,15.25,234.9,D,10+ years,OWN,125125.0,Source Verified,major_purchase,20.26,2,695,77.6,Charged Off,2026-04-17 07:00:00
27300,60 months,16.23,596.7,B,1 year,MORTGAGE,22562.0,Verified,major_purchase,14.08,0,711,97.37,Fully Paid,2026-05-14 18:00:00
36100,36 months,10.47,1147.47,A,6 years,RENT,32906.0,Source Verified,medical,13.27,0,731,65.1,Fully Paid,2026-03-28 07:00:00
23900,60 months,29.67,689.91,F,3 years,MORTGAGE,29369.0,Not Verified,debt_consolidation,11.89,0,665,63.03,Fully Paid,2026-05-22 05:00:00
11400,36 months,17.11,376.52,B,1 year,MORTGAGE,42088.0,Not Verified,other,25.55,0,707,44.43,Fully Paid,2026-05-18 21:00:00
20100,36 months,16.25,699.24,C,4 years,MORTGAGE,32200.0,Source Verified,debt_consolidation,6.93,0,693,42.03,Fully Paid,2026-03-16 20:00:00
10200,36 months,12.85,340.49,C,3 years,RENT,73340.0,Verified,major_purchase,17.84,0,692,62.37,Fully Paid,2026-03-14 11:00:00
7100,60 months,14.63,156.61,C,,RENT,35175.0,Source Verified,debt_consolidation,13.71,0,723,41.7,Fully Paid,2026-04-14 02:00:00
3000,36 months,13.76,102.18,C,10+ years,RENT,36800.0,Source Verified,home_improvement,18.05,0,720,29.4,Fully Paid,2026-03-08 13:00:00
7900,60 months,8.21,155.35,B,5 years,MORTGAGE,94125.0,Verified,debt_consolidation,13.82,0,753,26.1,Fully Paid,2026-03-23 17:00:00
11500,60 months,11.19,236.99,B,10+ years,RENT,46494.0,Not Verified,debt_consolidation,11.35,0,733,30.43,Fully Paid,2026-04-11 02:00:00
12100,36 months,19.65,414.43,C,2 years,MORTGAGE,54806.0,Not Verified,debt_consolidation,4.51,0,702,49.23,Fully Paid,2026-05-24 19:00:00
17800,36 months,22.97,638.79,E,6 years,MORTGAGE,37077.0,Not Verified,credit_card,16.22,2,690,68.63,Charged Off,2026-05-21 02:00:00
13400,36 months,13.75,453.11,C,6 years,MORTGAGE,72850.0,Not Verified,debt_consolidation,19.61,0,690,32.77,Fully Paid,2026-03-09 09:00:00
4500,36 months,12.45,139.87,A,4 years,MORTGAGE,60246.0,Not Verified,credit_card,25.86,0,744,105.47,Fully Paid,2026-05-17 03:00:00
7100,60 months,14.2,164.1,C,,MORTGAGE,43181.0,Source Verified,credit_card,21.87,0,694,27.67,Charged Off,2026-03-10 07:00:00
4900,60 months,9.48,93.55,A,10+ years,MORTGAGE,29000.0,Verified,debt_consolidation,20.94,0,746,89.33,Fully Paid,2026-04-30 16:00:00
7000,36 months,14.16,223.12,C,10+ years,MORTGAGE,69508.0,Not Verified,debt_consolidation,30.11,0,699,62.77,Fully Paid,2026-05-17 21:00:00
21000,60 months,11.64,412.27,B,5 years,MORTGAGE,32458.0,Not Verified,debt_consolidation,11.46,0,738,79.67,Fully Paid,2026-05-16 05:00:00
12600,36 months,13.28,420.19,C,,MORTGAGE,83950.0,Verified,major_purchase,34.59,0,685,66.03,Charged Off,2026-03-16 07:00:00
19100,36 months,22.5,685.73,D,10+ years,MORTGAGE,95475.0,Source Verified,credit_card,18.87,0,649,51.17,Fully Paid,2026-05-16 17:00:00
21500,60 months,14.47,499.93,C,10+ years,RENT,114562.0,Verified,debt_consolidation,9.66,0,691,82.77,Charged Off,2026-03-10 03:00:00
4900,36 months,16.74,166.85,C,10+ years,RENT,34825.0,Source Verified,debt_consolidation,16.18,2,699,51.8,Fully Paid,2026-04-18 05:00:00
11200,36 months,16.74,384.1,C,10+ years,MORTGAGE,150410.0,Source Verified,credit_card,24.76,0,711,79.83,Fully Paid,2026-04-10 08:00:00
12800,36 months,15.12,435.11,C,4 years,MORTGAGE,20812.0,Source Verified,debt_consolidation,14.17,0,710,44.4,Fully Paid,2026-03-25 00:00:00
9300,60 months,13.03,211.75,B,5 years,RENT,48500.0,Verified,debt_consolidation,17.01,2,717,49.6,Fully Paid,2026-03-04 23:00:00
5100,36 months,17.66,172.23,C,8 years,MORTGAGE,155675.0,Source Verified,other,26.15,0,687,81.8,Fully Paid,2026-05-04 19:00:00
5400,36 months,12.28,174.95,B,10+ years,RENT,68567.0,Source Verified,credit_card,30.41,1,709,73.77,Fully Paid,2026-04-05 21:00:00
24400,36 months,16.21,818.73,D,< 1 year,MORTGAGE,132396.0,Verified,credit_card,25.34,0,707,65.97,Fully Paid,2026-04-21 16:00:00
9100,60 months,13.31,199.27,B,10+ years,MORTGAGE,80300.0,Verified,debt_consolidation,13.89,0,737,39.57,Fully Paid,2026-04-01 03:00:00
27300,36 months,15.53,926.83,D,2 years,RENT,103400.0,Source Verified,debt_consolidation,22.33,0,697,96.87,Fully Paid,2026-04-02 12:00:00
19200,36 months,20.83,673.4,C,3 years,MORTGAGE,82096.0,Not Verified,credit_card,41.17,1,698,70.17,Charged Off,2026-05-15 16:00:00
21400,36 months,7.61,661.85,A,8 years,MORTGAGE,41027.0,Source Verified,credit_card,21.37,0,739,55.87,Fully Paid,2026-03-12 12:00:00
16300,60 months,13.36,341.22,B,3 years,MORTGAGE,49583.0,Source Verified,home_improvement,35.22,0,731,48.53,Fully Paid,2026-04-30 12:00:00
10400,60 months,10.63,204.12,A,2 years,MORTGAGE,87917.0,Not Verified,home_improvement,29.62,0,745,38.33,Fully Paid,2026-05-01 01:00:00
6400,60 months,10.51,131.34,A,6 years,MORTGAGE,32450.0,Not Verified,small_business,12.35,0,765,61.17,Fully Paid,2026-04-05 00:00:00
10800,36 months,20.99,398.57,D,6 years,RENT,137062.0,Not Verified,debt_consolidation,14.66,0,688,101.6,Fully Paid,2026-03-25 18:00:00
12800,36 months,11.72,423.43,C,10+ years,RENT,48700.0,Source Verified,car,17.83,0,696,35.1,Fully Paid,2026-03-07 19:00:00
15300,36 months,15.6,494.41,B,4 years,RENT,69298.0,Not Verified,debt_consolidation,34.6,0,713,65.73,Fully Paid,2026-05-23 12:00:00
7300,60 months,16.72,159.52,B,5 years,MORTGAGE,37771.0,Verified,major_purchase,10.89,0,716,44.53,Fully Paid,2026-05-24 17:00:00
19400,36 months,17.74,689.16,D,6 years,MORTGAGE,40921.0,Verified,debt_consolidation,27.26,1,693,82.53,Fully Paid,2026-03-22 09:00:00
16600,60 months,12.25,371.36,B,,MORTGAGE,36500.0,Source Verified,major_purchase,18.71,0,705,38.6,Fully Paid,2026-03-07 14:00:00
5800,36 months,6.76,177.13,A,< 1 year,MORTGAGE,34858.0,Verified,major_purchase,24.82,0,758,14.47,Fully Paid,2026-03-10 17:00:00
7800,60 months,9.64,164.35,B,3 years,MORTGAGE,71800.0,Not Verified,debt_consolidation,10.26,0,728,74.1,Charged Off,2026-03-07 10:00:00
11200,60 months,12.18,225.38,A,10+ years,RENT,83362.0,Verified,credit_card,13.18,0,744,55.9,Fully Paid,2026-05-09 03:00:00
11000,60 months,18.07,250.68,B,10+ years,OWN,48292.0,Source Verified,debt_consolidation,14.92,2,717,50.87,Fully Paid,2026-05-13 00:00:00
18500,36 months,10.07,593.22,B,2 years,MORTGAGE,66877.0,Verified,debt_consolidation,22.08,0,738,82.17,Fully Paid,2026-03-13 17:00:00
3700,60 months,15.15,80.72,C,10+ years,MORTGAGE,46250.0,Not Verified,debt_consolidation,10.02,0,732,84.13,Fully Paid,2026-04-28 18:00:00
13600,36 months,13.17,452.82,B,2 years,RENT,86346.0,Verified,debt_consolidation,14.37,0,716,73.23,Fully Paid,2026-03-19 15:00:00
12300,36 months,10.48,388.17,A,< 1 year,RENT,25392.0,Verified,debt_consolidation,18.88,0,740,91.67,Fully Paid,2026-04-04 13:00:00
32900,36 months,11.5,1030.97,B,8 years,MORTGAGE,68675.0,Verified,debt_consolidation,16.12,0,768,34.67,Fully Paid,2026-04-21 07:00:00
9000,36 months,17.92,307.25,C,< 1 year,OWN,51583.0,Not Verified,other,26.87,0,712,68.53,Fully Paid,2026-04-29 08:00:00
9000,36 months,19.93,311.68,C,< 1 year,MORTGAGE,61750.0,Not Verified,credit_card,6.37,0,689,100.27,Fully Paid,2026-05-16 13:00:00
14800,36 months,9.45,473.74,B,10+ years,RENT,93200.0,Verified,debt_consolidation,18.07,4,718,58.4,Fully Paid,2026-03-05 04:00:00
19300,36 months,15.15,661.04,C,1 year,MORTGAGE,63633.0,Source Verified,debt_consolidation,36.15,0,698,59.53,Charged Off,2026-03-22 17:00:00
6100,36 months,20.3,222.99,D,10+ years,RENT,72094.0,Source Verified,medical,4.91,0,696,32.9,Fully Paid,2026-03-23 01:00:00
11800,36 months,7.57,359.35,A,2 years,MORTGAGE,92438.0,Not Verified,debt_consolidation,10.89,0,746,45.4,Fully Paid,2026-03-28 01:00:00
11100,60 months,16.06,238.91,C,5 years,MORTGAGE,21121.0,Verified,debt_consolidation,7.52,1,723,49.73,Charged Off,2026-05-23 16:00:00
4700,60 months,12.49,95.28,A,10+ years,MORTGAGE,41356.0,Source Verified,debt_consolidation,22.05,0,755,59.7,Fully Paid,2026-05-10 10:00:00
8900,36 months,8.31,274.03,A,2 years,OWN,45000.0,Not Verified,major_purchase,15.56,1,742,38.9,Fully Paid,2026-03-24 02:00:00
2400,36 months,16.07,78.09,B,< 1 year,OWN,35998.0,Not Verified,car,15.65,0,716,104.73,Fully Paid,2026-05-24 21:00:00
11400,36 months,20.28,410.88,E,10+ years,RENT,52406.0,Source Verified,small_business,20.26,0,675,39.63,Charged Off,2026-04-08 17:00:00
15600,36 months,16.93,532.64,C,8 years,RENT,57575.0,Not Verified,credit_card,27.04,0,706,41.0,Fully Paid,2026-04-15 11:00:00
6100,36 months,14.28,201.97,C,10+ years,MORTGAGE,26158.0,Verified,major_purchase,9.77,1,704,35.73,Fully Paid,2026-04-08 11:00:00
6000,60 months,12.06,132.14,B,< 1 year,OTHER,42888.0,Not Verified,debt_consolidation,15.84,0,737,59.47,Fully Paid,2026-03-13 11:00:00
6800,60 months,12.37,134.23,A,10+ years,RENT,36769.0,Not Verified,debt_consolidation,15.71,0,767,80.43,Fully Paid,2026-05-22 14:00:00
10900,60 months,15.69,263.27,D,10+ years,MORTGAGE,42500.0,Verified,debt_consolidation,13.54,1,685,35.1,Charged Off,2026-03-05 07:00:00
10900,60 months,7.92,215.42,A,10+ years,RENT,78967.0,Source Verified,credit_card,28.87,0,739,89.23,Charged Off,2026-03-16 11:00:00
7800,60 months,10.45,163.62,B,,OWN,119025.0,Not Verified,credit_card,21.06,0,733,62.23,Fully Paid,2026-03-22 21:00:00
9500,36 months,15.72,325.7,C,10+ years,MORTGAGE,124875.0,Verified,debt_consolidation,8.04,0,723,46.7,Fully Paid,2026-03-24 13:00:00
8400,36 months,13.6,283.43,C,3 years,OWN,71871.0,Not Verified,medical,25.17,0,713,29.77,Fully Paid,2026-03-09 15:00:00
9400,36 months,12.19,313.07,D,10+ years,RENT,57200.0,Not Verified,debt_consolidation,23.91,0,696,38.5,Fully Paid,2026-03-06 04:00:00
30100,36 months,26.79,1161.87,F,9 years,MORTGAGE,56000.0,Not Verified,debt_consolidation,11.09,0,677,65.03,Fully Paid,2026-04-29 21:00:00
11600,36 months,14.5,368.88,B,9 years,RENT,50027.0,Verified,debt_consolidation,32.65,1,699,75.83,Fully Paid,2026-05-22 07:00:00
12700,36 months,12.76,423.4,C,3 years,OWN,58652.0,Not Verified,home_improvement,16.47,0,709,29.77,Fully Paid,2026-03-15 03:00:00
5000,36 months,12.12,162.8,C,7 years,RENT,95438.0,Not Verified,debt_consolidation,33.08,0,717,72.4,Charged Off,2026-03-23 16:00:00
5100,36 months,13.67,166.17,B,10+ years,RENT,77350.0,Source Verified,debt_consolidation,20.72,0,719,95.9,Charged Off,2026-04-14 23:00:00
40000,36 months,19.37,1364.58,C,10+ years,RENT,69992.0,Not Verified,credit_card,25.57,0,712,78.93,Charged Off,2026-05-21 14:00:00
32300,36 months,18.64,1114.0,C,10+ years,MORTGAGE,150000.0,Verified,credit_card,8.16,0,704,85.53,Fully Paid,2026-05-02 12:00:00
9000,60 months,18.52,209.51,D,,RENT,33394.0,Verified,debt_consolidation,6.67,1,696,69.0,Fully Paid,2026-05-08 04:00:00
12800,36 months,21.22,464.16,D,4 years,MORTGAGE,76912.0,Verified,debt_consolidation,24.48,0,675,72.3,Charged Off,2026-04-15 16:00:00
5700,36 months,14.52,189.38,D,8 years,RENT,313094.0,Source Verified,debt_consolidation,29.49,0,722,39.23,Fully Paid,2026-04-10 06:00:00
12100,36 months,13.4,404.21,C,4 years,MORTGAGE,74558.0,Not Verified,debt_consolidation,7.78,0,706,89.63,Fully Paid,2026-03-22 20:00:00
6400,36 months,12.63,199.46,B,10+ years,OWN,80592.0,Verified,debt_consolidation,19.2,1,741,53.57,Fully Paid,2026-05-14 08:00:00
14300,36 months,14.71,462.83,B,1 year,RENT,210438.0,Verified,debt_consolidation,36.38,0,689,35.4,Fully Paid,2026-05-10 04:00:00
7700,60 months,7.91,155.8,A,3 years,MORTGAGE,26300.0,Source Verified,debt_consolidation,34.63,2,737,33.1,Charged Off,2026-03-07 11:00:00
13000,36 months,16.59,435.46,C,10+ years,MORTGAGE,35083.0,Source Verified,debt_consolidation,25.7,1,712,54.83,Fully Paid,2026-04-29 02:00:00
6900,36 months,8.19,215.24,A,2 years,MORTGAGE,32606.0,Verified,credit_card,15.0,0,748,40.37,Fully Paid,2026-03-10 17:00:00
6500,60 months,22.13,165.52,E,< 1 year,RENT,87667.0,Source Verified,debt_consolidation,15.33,0,675,45.23,Fully Paid,2026-05-02 09:00:00
10700,36 months,23.28,391.03,D,10+ years,MORTGAGE,39650.0,Verified,debt_consolidation,41.47,0,663,87.8,Fully Paid,2026-05-05 10:00:00
8900,60 months,7.1,174.56,A,10+ years,RENT,119165.0,Not Verified,debt_consolidation,34.48,0,743,31.87,Fully Paid,2026-03-11 08:00:00
6800,60 months,14.6,151.61,D,< 1 year,RENT,84925.0,Not Verified,other,14.45,0,705,61.93,Fully Paid,2026-04-07 15:00:00
17700,36 months,6.82,541.04,A,4 years,MORTGAGE,52288.0,Not Verified,credit_card,17.92,0,748,23.27,Fully Paid,2026-03-13 05:00:00
14300,36 months,17.71,493.69,C,1 year,MORTGAGE,26512.0,Verified,debt_consolidation,14.38,0,695,18.8,Fully Paid,2026-04-15 01:00:00
9300,60 months,18.0,209.23,D,< 1 year,RENT,46173.0,Not Verified,debt_consolidation,25.09,0,710,53.63,Charged Off,2026-05-22 14:00:00
4900,60 months,10.61,105.59,C,9 years,MORTGAGE,63400.0,Source Verified,debt_consolidation,4.44,0,706,78.3,Fully Paid,2026-03-08 13:00:00
40000,60 months,16.6,943.22,C,4 years,RENT,165092.0,Not Verified,debt_consolidation,13.6,0,704,37.97,Charged Off,2026-04-04 19:00:00
15300,36 months,27.04,580.68,F,10+ years,MORTGAGE,48562.0,Verified,credit_card,21.31,0,667,54.33,Fully Paid,2026-05-24 15:00:00
11700,60 months,17.16,282.41,D,4 years,MORTGAGE,64406.0,Verified,credit_card,18.3,0,681,59.5,Fully Paid,2026-03-23 04:00:00
8300,36 months,7.9,257.8,B,9 years,RENT,22717.0,Not Verified,debt_consolidation,18.62,0,743,34.57,Fully Paid,2026-03-12 04:00:00
6900,36 months,8.53,210.01,A,4 years,RENT,104006.0,Not Verified,car,23.86,0,731,53.93,Fully Paid,2026-04-07 12:00:00
4200,36 months,18.44,146.5,D,10+ years,MORTGAGE,55125.0,Source Verified,home_improvement,21.8,0,705,33.8,Fully Paid,2026-04-19 10:00:00
21600,36 months,16.25,725.19,C,5 years,RENT,55521.0,Verified,debt_consolidation,14.08,0,701,93.87,Fully Paid,2026-04-24 23:00:00
10300,36 months,29.28,424.82,F,5 years,RENT,41531.0,Not Verified,debt_consolidation,4.73,0,639,63.2,Fully Paid,2026-03-25 05:00:00
4800,36 months,19.88,164.94,C,7 years,RENT,79088.0,Verified,debt_consolidation,17.43,0,716,49.93,Fully Paid,2026-05-21 22:00:00
10300,60 months,17.12,240.3,D,6 years,MORTGAGE,38938.0,Not Verified,debt_consolidation,11.76,0,686,87.6,Fully Paid,2026-04-17 05:00:00
30200,60 months,6.64,571.85,A,1 year,RENT,64406.0,Source Verified,other,14.71,0,759,13.7,Fully Paid,2026-03-26 11:00:00
18600,36 months,18.97,630.93,C,8 years,RENT,34148.0,Not Verified,debt_consolidation,10.28,0,711,39.33,Fully Paid,2026-05-21 07:00:00
12300,36 months,12.37,379.06,A,1 year,RENT,85023.0,Not Verified,home_improvement,29.45,0,741,56.13,Fully Paid,2026-05-18 09:00:00
8200,36 months,12.29,263.78,C,2 years,MORTGAGE,18902.0,Source Verified,debt_consolidation,8.93,0,728,56.03,Fully Paid,2026-04-09 04:00:00
5100,36 months,11.25,167.57,C,7 years,RENT,97200.0,Source Verified,debt_consolidation,27.19,0,715,11.3,Fully Paid,2026-03-04 10:00:00
15500,36 months,13.91,503.13,B,10+ years,RENT,43050.0,Source Verified,debt_consolidation,7.79,0,722,86.67,Fully Paid,2026-04-25 17:00:00
39600,60 months,11.32,809.02,B,3 years,OWN,50662.0,Verified,credit_card,14.7,1,716,49.6,Fully Paid,2026-04-19 01:00:00
10200,36 months,12.46,338.59,C,3 years,RENT,158821.0,Not Verified,debt_consolidation,18.86,1,688,94.37,Fully Paid,2026-03-14 06:00:00
8200,36 months,13.74,265.52,B,3 years,MORTGAGE,92933.0,Verified,debt_consolidation,21.93,0,715,98.17,Fully Paid,2026-04-20 05:00:00
11700,36 months,15.55,380.55,C,10+ years,MORTGAGE,43621.0,Source Verified,debt_consolidation,17.41,0,708,46.67,Fully Paid,2026-05-16 21:00:00
15400,60 months,11.93,338.15,B,2 years,MORTGAGE,90573.0,Verified,credit_card,21.55,1,700,98.57,Fully Paid,2026-03-11 18:00:00
5500,36 months,10.72,169.12,A,10+ years,MORTGAGE,31917.0,Verified,major_purchase,18.7,1,745,61.53,Fully Paid,2026-04-29 21:00:00
17100,36 months,11.39,558.94,B,3 years,MORTGAGE,38383.0,Verified,other,17.39,0,712,60.27,Fully Paid,2026-03-15 14:00:00
13500,36 months,15.34,444.15,C,3 years,MORTGAGE,59167.0,Verified,debt_consolidation,8.58,0,709,96.83,Fully Paid,2026-05-03 01:00:00
20400,60 months,19.39,505.79,D,8 years,RENT,39596.0,Source Verified,debt_consolidation,22.44,2,694,31.73,Fully Paid,2026-04-06 08:00:00
4500,60 months,6.44,87.92,A,8 years,MORTGAGE,55600.0,Verified,home_improvement,11.9,1,757,33.8,Fully Paid,2026-03-04 12:00:00
8300,60 months,16.02,178.48,B,,RENT,150081.0,Source Verified,debt_consolidation,26.14,0,728,74.63,Fully Paid,2026-05-23 05:00:00
21500,60 months,6.45,415.16,A,7 years,RENT,101931.0,Not Verified,debt_consolidation,16.41,0,739,61.27,Fully Paid,2026-03-12 18:00:00
11700,36 months,16.28,392.98,C,10+ years,MORTGAGE,67479.0,Source Verified,debt_consolidation,25.55,0,720,24.87,Fully Paid,2026-04-21 19:00:00
13900,36 months,14.92,474.53,C,7 years,RENT,131004.0,Not Verified,debt_consolidation,15.64,0,714,54.93,Fully Paid,2026-03-19 16:00:00
13900,36 months,21.55,489.03,D,4 years,RENT,63285.0,Verified,debt_consolidation,8.82,0,690,41.93,Charged Off,2026-05-24 01:00:00
9800,36 months,24.07,364.55,D,5 years,MORTGAGE,49250.0,Source Verified,debt_consolidation,11.7,1,695,95.33,Charged Off,2026-04-28 13:00:00
13500,60 months,14.8,288.83,B,10+ years,RENT,69794.0,Source Verified,other,14.96,0,694,56.5,Fully Paid,2026-05-09 05:00:00
16500,36 months,14.93,551.43,C,8 years,RENT,40492.0,Not Verified,credit_card,11.42,0,688,51.53,Fully Paid,2026-04-11 03:00:00
15000,36 months,10.21,468.04,A,5 years,RENT,48554.0,Source Verified,debt_consolidation,5.78,0,760,89.03,Fully Paid,2026-04-12 04:00:00
10600,60 months,13.96,227.63,B,< 1 year,MORTGAGE,38352.0,Source Verified,debt_consolidation,11.78,1,717,28.67,Fully Paid,2026-04-22 02:00:00
11700,36 months,11.68,362.23,A,5 years,RENT,43388.0,Verified,debt_consolidation,11.23,1,737,66.0,Fully Paid,2026-05-05 12:00:00
20600,36 months,25.37,769.46,E,6 years,RENT,50746.0,Source Verified,debt_consolidation,20.57,0,664,62.27,Fully Paid,2026-05-14 20:00:00
11400,36 months,21.65,433.31,E,3 years,RENT,66000.0,Not Verified,debt_consolidation,27.2,0,682,65.2,Charged Off,2026-03-05 17:00:00
11200,36 months,18.25,386.88,C,10+ years,RENT,38950.0,Not Verified,major_purchase,16.49,0,681,69.07,Fully Paid,2026-04-22 20:00:00
5100,36 months,10.67,164.97,B,2 years,MORTGAGE,60415.0,Not Verified,credit_card,8.92,1,724,34.27,Fully Paid,2026-03-14 10:00:00
22500,36 months,15.2,765.72,C,7 years,MORTGAGE,59062.0,Source Verified,debt_consolidation,12.76,1,702,59.1,Charged Off,2026-03-28 14:00:00
11700,36 months,33.3,489.02,F,10+ years,MORTGAGE,112206.0,Source Verified,debt_consolidation,20.41,0,641,105.9,Fully Paid,2026-05-05 17:00:00
14400,36 months,16.26,497.49,C,8 years,RENT,196031.0,Not Verified,debt_consolidation,4.38,0,683,32.6,Fully Paid,2026-03-28 13:00:00
11500,36 months,23.28,420.27,E,8 years,RENT,54519.0,Source Verified,debt_consolidation,32.18,1,663,40.4,Charged Off,2026-05-05 14:00:00
15200,36 months,9.5,469.33,A,7 years,RENT,16662.0,Not Verified,debt_consolidation,17.89,0,752,24.03,Fully Paid,2026-04-08 20:00:00
7400,60 months,17.17,180.62,D,5 years,RENT,25492.0,Source Verified,debt_consolidation,7.49,1,707,58.43,Fully Paid,2026-03-16 04:00:00
10400,36 months,17.38,362.46,D,2 years,MORTGAGE,74433.0,Verified,credit_card,9.19,1,717,15.47,Fully Paid,2026-04-01 09:00:00
17200,60 months,12.08,357.71,B,5 years,MORTGAGE,81112.0,Source Verified,debt_consolidation,23.54,0,717,64.6,Fully Paid,2026-04-19 17:00:00
3900,36 months,14.25,125.38,C,10+ years,RENT,46556.0,Verified,credit_card,3.46,0,727,105.3,Fully Paid,2026-05-07 02:00:00
4100,36 months,10.12,125.88,A,5 years,MORTGAGE,157167.0,Verified,home_improvement,20.81,0,739,45.07,Fully Paid,2026-04-24 23:00:00
29500,36 months,12.0,904.15,A,10+ years,MORTGAGE,48177.0,Source Verified,debt_consolidation,35.23,1,744,85.83,Fully Paid,2026-05-18 18:00:00
9500,60 months,18.04,216.35,D,8 years,MORTGAGE,76000.0,Verified,major_purchase,19.99,0,693,90.17,Charged Off,2026-05-15 10:00:00
14600,36 months,10.12,441.65,A,8 years,OWN,46150.0,Not Verified,debt_consolidation,45.72,0,737,24.1,Fully Paid,2026-05-06 14:00:00
37400,36 months,14.47,1223.9,C,9 years,MORTGAGE,53300.0,Source Verified,credit_card,19.87,0,691,78.47,Fully Paid,2026-04-25 04:00:00
16000,60 months,16.02,376.62,D,4 years,MORTGAGE,84844.0,Source Verified,home_improvement,15.74,0,694,47.2,Fully Paid,2026-03-29 11:00:00
5700,36 months,12.41,185.02,B,8 years,MORTGAGE,13292.0,Verified,debt_consolidation,6.54,1,717,78.47,Fully Paid,2026-04-02 17:00:00
15400,36 months,12.03,508.05,B,< 1 year,MORTGAGE,96644.0,Not Verified,debt_consolidation,21.78,0,708,49.07,Fully Paid,2026-03-09 17:00:00
3200,36 months,9.45,99.47,A,3 years,MORTGAGE,41433.0,Not Verified,credit_card,11.75,0,728,56.37,Fully Paid,2026-04-02 07:00:00
3800,36 months,20.68,132.06,D,4 years,MORTGAGE,66677.0,Source Verified,credit_card,21.58,0,702,50.93,Charged Off,2026-05-18 20:00:00
8000,36 months,9.24,246.07,A,8 years,RENT,88240.0,Source Verified,debt_consolidation,21.5,0,752,70.43,Fully Paid,2026-04-09 03:00:00
31700,36 months,14.89,1089.45,C,3 years,RENT,23010.0,Verified,credit_card,15.12,0,685,60.67,Charged Off,2026-03-09 10:00:00
20000,36 months,16.67,675.52,C,10+ years,RENT,25796.0,Source Verified,debt_consolidation,18.42,2,705,42.57,Fully Paid,2026-04-24 11:00:00
6100,36 months,18.33,205.03,C,2 years,MORTGAGE,78779.0,Not Verified,debt_consolidation,17.72,0,716,76.23,Fully Paid,2026-05-20 04:00:00
17300,36 months,12.93,541.56,A,10+ years,MORTGAGE,69192.0,Verified,credit_card,13.24,0,743,56.07,Fully Paid,2026-05-12 09:00:00
3800,36 months,16.34,131.43,D,9 years,RENT,48094.0,Verified,home_improvement,17.7,0,671,29.8,Fully Paid,2026-03-23 02:00:00
11100,36 months,17.23,383.32,C,10+ years,MORTGAGE,153815.0,Source Verified,debt_consolidation,19.98,0,690,52.53,Fully Paid,2026-04-12 05:00:00
3700,36 months,10.02,114.28,A,2 years,MORTGAGE,60025.0,Not Verified,credit_card,16.44,0,741,79.2,Fully Paid,2026-04-18 20:00:00
27600,60 months,8.02,546.77,A,10+ years,RENT,49833.0,Not Verified,debt_consolidation,30.95,0,725,71.53,Fully Paid,2026-03-21 16:00:00
40000,36 months,16.14,1379.57,D,10+ years,MORTGAGE,106781.0,Not Verified,debt_consolidation,25.01,0,688,49.4,Charged Off,2026-03-23 09:00:00
19800,36 months,12.97,657.36,C,10+ years,MORTGAGE,58267.0,Source Verified,small_business,14.68,0,702,76.13,Charged Off,2026-03-18 10:00:00
23400,60 months,17.5,520.52,B,2 years,OWN,27827.0,Source Verified,credit_card,5.68,0,708,56.13,Fully Paid,2026-05-24 19:00:00
5000,60 months,10.28,97.32,A,1 year,RENT,69583.0,Source Verified,debt_consolidation,16.54,0,744,71.83,Fully Paid,2026-05-01 01:00:00
9100,60 months,15.76,196.77,B,9 years,MORTGAGE,70933.0,Not Verified,credit_card,17.61,0,714,74.27,Fully Paid,2026-05-11 21:00:00
11300,36 months,25.84,427.7,E,10+ years,RENT,51025.0,Not Verified,major_purchase,17.54,0,672,56.1,Charged Off,2026-05-04 23:00:00
12200,36 months,15.2,391.94,B,10+ years,MORTGAGE,52802.0,Not Verified,home_improvement,11.39,0,720,29.53,Fully Paid,2026-05-19 20:00:00
11100,36 months,9.46,352.77,B,10+ years,RENT,171844.0,Not Verified,debt_consolidation,40.13,0,712,85.77,Fully Paid,2026-03-15 19:00:00
18700,60 months,14.89,396.31,B,10+ years,MORTGAGE,22246.0,Not Verified,debt_consolidation,12.05,0,716,35.67,Fully Paid,2026-05-12 04:00:00
10800,36 months,14.63,372.43,C,2 years,MORTGAGE,21800.0,Not Verified,debt_consolidation,13.13,0,704,74.7,Fully Paid,2026-03-08 07:00:00
8600,36 months,12.33,276.81,B,7 years,OWN,186512.0,Verified,credit_card,28.34,0,728,40.83,Charged Off,2026-04-10 17:00:00
6800,36 months,14.83,223.69,B,5 years,MORTGAGE,39377.0,Source Verified,credit_card,16.5,1,710,44.77,Fully Paid,2026-04-26 10:00:00
19900,36 months,8.3,608.11,A,10+ years,MORTGAGE,119350.0,Not Verified,credit_card,47.06,0,740,41.87,Fully Paid,2026-04-04 18:00:00
10100,36 months,11.08,328.66,B,7 years,MORTGAGE,44160.0,Source Verified,debt_consolidation,10.86,1,724,60.97,Fully Paid,2026-03-11 07:00:00
4700,36 months,15.67,162.17,C,4 years,MORTGAGE,66029.0,Verified,credit_card,7.66,0,682,18.63,Fully Paid,2026-03-21 19:00:00
5500,36 months,24.57,204.6,E,2 years,RENT,14788.0,Verified,credit_card,25.87,0,650,85.4,Fully Paid,2026-05-05 04:00:00
25800,36 months,8.63,798.16,A,3 years,RENT,69938.0,Source Verified,debt_consolidation,22.86,1,742,50.8,Fully Paid,2026-03-25 00:00:00
13400,36 months,7.21,405.9,A,4 years,RENT,121312.0,Verified,debt_consolidation,11.18,0,748,92.8,Fully Paid,2026-03-24 11:00:00
18400,36 months,18.62,621.03,D,10+ years,RENT,45402.0,Verified,major_purchase,26.24,0,699,93.83,Fully Paid,2026-05-18 22:00:00
10600,36 months,15.88,369.43,D,7 years,MORTGAGE,117500.0,Not Verified,debt_consolidation,18.8,0,705,56.67,Charged Off,2026-03-09 15:00:00
10700,36 months,17.99,360.47,C,8 years,RENT,75129.0,Verified,car,18.49,1,691,59.37,Charged Off,2026-05-12 07:00:00
11700,36 months,19.17,398.01,C,10+ years,RENT,54960.0,Source Verified,debt_consolidation,23.88,1,700,70.93,Fully Paid,2026-05-18 20:00:00
6700,60 months,10.63,133.08,B,,MORTGAGE,76704.0,Source Verified,debt_consolidation,12.1,2,759,30.07,Fully Paid,2026-04-22 15:00:00
18300,60 months,12.23,404.58,D,5 years,RENT,30844.0,Not Verified,credit_card,6.5,0,683,58.07,Fully Paid,2026-03-09 11:00:00
16600,36 months,15.27,573.58,C,1 year,MORTGAGE,144427.0,Source Verified,credit_card,14.68,0,708,32.77,Fully Paid,2026-03-09 10:00:00
12500,60 months,15.9,293.45,C,10+ years,RENT,75281.0,Not Verified,small_business,14.03,0,697,29.4,Fully Paid,2026-03-29 22:00:00
7600,36 months,27.19,298.93,E,3 years,MORTGAGE,33250.0,Verified,debt_consolidation,23.68,1,675,80.4,Fully Paid,2026-04-13 14:00:00
19500,36 months,16.0,680.76,C,2 years,MORTGAGE,75102.0,Verified,credit_card,30.68,0,690,48.67,Fully Paid,2026-03-09 12:00:00
23800,36 months,13.45,778.62,B,< 1 year,MORTGAGE,27860.0,Not Verified,small_business,15.57,0,719,86.53,Fully Paid,2026-04-06 05:00:00
5800,36 months,13.01,194.06,B,10+ years,MORTGAGE,27612.0,Not Verified,home_improvement,26.2,0,703,59.57,Charged Off,2026-03-09 22:00:00
13200,60 months,12.54,277.48,C,< 1 year,RENT,50225.0,Source Verified,debt_consolidation,26.58,0,715,95.1,Fully Paid,2026-04-16 16:00:00
40000,36 months,9.8,1286.93,B,3 years,MORTGAGE,30000.0,Not Verified,credit_card,19.96,1,694,51.4,Fully Paid,2026-03-07 18:00:00
18100,36 months,17.09,610.65,B,7 years,RENT,68667.0,Source Verified,debt_consolidation,7.84,0,735,79.03,Fully Paid,2026-05-02 03:00:00
5800,36 months,13.85,197.81,D,10+ years,RENT,74600.0,Source Verified,debt_consolidation,11.45,0,695,40.7,Fully Paid,2026-03-06 01:00:00
4500,60 months,17.92,111.64,D,10+ years,MORTGAGE,64879.0,Not Verified,credit_card,43.71,0,685,50.93,Charged Off,2026-03-16 14:00:00
6300,36 months,8.02,194.58,A,1 year,RENT,48779.0,Not Verified,debt_consolidation,11.74,0,751,37.73,Fully Paid,2026-03-21 10:00:00
24100,36 months,19.1,830.72,D,2 years,RENT,29088.0,Verified,credit_card,18.6,0,679,53.6,Fully Paid,2026-05-04 06:00:00
16400,36 months,8.86,520.45,B,< 1 year,OTHER,236300.0,Not Verified,debt_consolidation,8.2,0,713,41.5,Fully Paid,2026-03-06 09:00:00
8100,36 months,12.97,263.16,B,5 years,OWN,155875.0,Not Verified,credit_card,19.55,0,721,48.73,Fully Paid,2026-04-08 20:00:00
19800,36 months,17.1,672.88,C,< 1 year,RENT,42025.0,Not Verified,debt_consolidation,12.55,0,697,39.67,Fully Paid,2026-04-26 04:00:00
9300,36 months,9.26,284.02,B,10+ years,MORTGAGE,50838.0,Not Verified,major_purchase,18.14,0,751,42.5,Fully Paid,2026-04-15 03:00:00
9600,36 months,16.85,322.77,C,1 year,RENT,28417.0,Verified,home_improvement,7.42,0,701,79.93,Fully Paid,2026-05-01 11:00:00
20300,36 months,17.73,686.24,C,10+ years,MORTGAGE,37212.0,Source Verified,debt_consolidation,19.91,0,698,70.3,Fully Paid,2026-05-07 01:00:00
6400,36 months,20.63,233.4,D,10+ years,MORTGAGE,78650.0,Not Verified,debt_consolidation,24.32,0,698,35.87,Fully Paid,2026-04-02 15:00:00
13200,36 months,27.93,513.93,F,3 years,MORTGAGE,18769.0,Source Verified,credit_card,23.3,0,636,78.2,Charged Off,2026-05-10 13:00:00
15600,36 months,9.92,491.88,A,2 years,RENT,105562.0,Not Verified,credit_card,21.21,1,743,76.1,Fully Paid,2026-03-27 23:00:00
13900,36 months,20.01,478.52,D,10+ years,MORTGAGE,89494.0,Not Verified,debt_consolidation,20.58,0,687,92.53,Fully Paid,2026-05-20 21:00:00
4000,36 months,17.27,137.24,C,5 years,MORTGAGE,49875.0,Source Verified,major_purchase,10.34,0,710,62.7,Fully Paid,2026-04-16 03:00:00
40000,60 months,14.86,866.91,B,8 years,MORTGAGE,97417.0,Verified,debt_consolidation,20.41,0,704,59.03,Fully Paid,2026-05-01 22:00:00
10500,60 months,26.85,289.1,F,10+ years,MORTGAGE,41008.0,Source Verified,credit_card,14.3,0,673,78.97,Fully Paid,2026-05-13 10:00:00
5300,36 months,12.08,165.06,A,5 years,MORTGAGE,88644.0,Verified,debt_consolidation,8.49,1,737,98.7,Fully Paid,2026-05-05 04:00:00
7400,60 months,27.32,205.73,E,3 years,RENT,108696.0,Source Verified,major_purchase,25.98,0,661,41.27,Charged Off,2026-05-14 06:00:00
15900,60 months,13.81,344.2,B,8 years,MORTGAGE,93888.0,Verified,home_improvement,4.2,0,699,35.1,Fully Paid,2026-04-13 11:00:00
12100,36 months,14.16,414.49,C,7 years,MORTGAGE,43000.0,Source Verified,debt_consolidation,3.78,0,703,80.3,Fully Paid,2026-03-03 04:00:00
7900,36 months,16.69,270.73,D,7 years,MORTGAGE,131419.0,Verified,home_improvement,11.47,1,696,18.13,Charged Off,2026-04-08 22:00:00
14200,36 months,12.29,466.84,B,4 years,RENT,135125.0,Verified,debt_consolidation,20.02,0,751,46.13,Fully Paid,2026-03-21 13:00:00
11500,36 months,21.73,408.46,D,< 1 year,MORTGAGE,76000.0,Not Verified,debt_consolidation,13.87,0,670,85.97,Charged Off,2026-05-16 11:00:00
8000,36 months,20.81,296.53,E,,MORTGAGE,124200.0,Verified,debt_consolidation,21.38,0,664,49.23,Fully Paid,2026-03-17 19:00:00
30000,36 months,25.38,1182.98,F,10+ years,MORTGAGE,98133.0,Verified,debt_consolidation,17.97,1,670,35.23,Fully Paid,2026-03-18 22:00:00
9300,36 months,20.99,345.57,E,10+ years,RENT,180838.0,Not Verified,car,20.1,0,668,24.13,Charged Off,2026-03-17 01:00:00
8800,36 months,13.56,284.2,B,10+ years,MORTGAGE,14435.0,Verified,debt_consolidation,32.96,0,735,44.97,Fully Paid,2026-04-25 06:00:00
20100,36 months,13.05,649.04,B,10+ years,RENT,25025.0,Not Verified,debt_consolidation,20.33,0,698,44.2,Charged Off,2026-04-14 17:00:00
40000,36 months,16.47,1308.98,B,6 years,RENT,116858.0,Verified,home_improvement,22.13,0,712,74.93,Fully Paid,2026-05-23 14:00:00
20100,60 months,9.25,400.38,B,9 years,MORTGAGE,34283.0,Verified,debt_consolidation,15.34,0,741,72.07,Fully Paid,2026-04-04 21:00:00
4900,36 months,16.69,170.32,D,1 year,RENT,19969.0,Source Verified,debt_consolidation,21.71,0,683,55.5,Charged Off,2026-03-27 19:00:00
4700,60 months,13.1,107.18,C,8 years,MORTGAGE,86000.0,Source Verified,major_purchase,50.0,1,735,82.9,Charged Off,2026-03-04 07:00:00
10800,36 months,15.23,375.6,D,1 year,MORTGAGE,88200.0,Source Verified,credit_card,23.13,0,687,22.1,Fully Paid,2026-03-08 16:00:00
21000,36 months,11.24,670.14,B,10+ years,MORTGAGE,78100.0,Not Verified,credit_card,26.26,0,731,28.27,Fully Paid,2026-04-03 19:00:00
9600,36 months,10.98,289.79,A,1 year,MORTGAGE,92654.0,Verified,home_improvement,31.36,0,735,72.63,Fully Paid,2026-05-22 12:00:00
10000,36 months,10.59,311.48,A,4 years,MORTGAGE,62475.0,Not Verified,debt_consolidation,19.07,0,755,42.0,Fully Paid,2026-04-18 23:00:00
30000,60 months,11.06,580.82,A,7 years,RENT,65788.0,Not Verified,medical,13.36,0,746,63.07,Fully Paid,2026-05-17 04:00:00
30200,36 months,13.33,1015.09,C,10+ years,MORTGAGE,22129.0,Not Verified,debt_consolidation,37.37,0,716,35.77,Charged Off,2026-03-09 13:00:00
20700,36 months,11.06,673.39,B,10+ years,MORTGAGE,42300.0,Source Verified,credit_card,30.91,0,704,29.07,Charged Off,2026-03-15 04:00:00
18400,60 months,13.89,380.97,A,9 years,RENT,45600.0,Source Verified,other,5.02,1,742,51.67,Fully Paid,2026-05-16 08:00:00
19700,36 months,9.99,630.96,B,10+ years,MORTGAGE,42692.0,Verified,debt_consolidation,8.65,0,721,44.87,Fully Paid,2026-03-10 10:00:00
3200,36 months,16.6,113.45,D,10+ years,RENT,61900.0,Verified,debt_consolidation,12.42,0,696,40.0,Fully Paid,2026-03-04 03:00:00
17000,60 months,16.45,399.54,C,5 years,MORTGAGE,26583.0,Verified,small_business,20.74,0,704,58.97,Fully Paid,2026-04-04 06:00:00
10500,36 months,19.9,360.91,C,1 year,MORTGAGE,29292.0,Not Verified,credit_card,13.55,0,690,51.93,Fully Paid,2026-05-19 12:00:00
13800,60 months,15.86,306.0,B,7 years,MORTGAGE,48917.0,Verified,debt_consolidation,20.85,0,709,53.43,Fully Paid,2026-04-30 04:00:00
11200,36 months,11.84,368.48,B,10+ years,RENT,173019.0,Verified,car,13.05,1,720,41.87,Fully Paid,2026-03-13 19:00:00
11400,60 months,15.12,242.89,B,10+ years,RENT,43067.0,Not Verified,debt_consolidation,15.05,1,724,44.87,Fully Paid,2026-05-15 13:00:00
4600,36 months,15.94,150.47,C,5 years,OTHER,55179.0,Verified,debt_consolidation,2.81,0,718,104.47,Fully Paid,2026-05-17 08:00:00
11900,60 months,18.1,274.43,C,2 years,MORTGAGE,118381.0,Verified,credit_card,20.19,0,708,53.1,Fully Paid,2026-05-04 18:00:00
10300,60 months,19.92,244.6,D,4 years,RENT,120808.0,Not Verified,debt_consolidation,23.98,0,701,37.47,Fully Paid,2026-05-13 01:00:00
15500,36 months,8.62,483.0,A,4 years,MORTGAGE,31625.0,Not Verified,debt_consolidation,14.64,0,739,41.53,Fully Paid,2026-03-22 21:00:00
20300,36 months,21.17,710.38,E,10+ years,RENT,50335.0,Source Verified,credit_card,29.82,1,669,84.33,Fully Paid,2026-05-21 23:00:00
7500,36 months,14.36,252.2,D,2 years,MORTGAGE,65438.0,Not Verified,debt_consolidation,24.56,0,725,65.8,Fully Paid,2026-03-24 17:00:00
13400,36 months,11.79,415.53,A,2 years,MORTGAGE,67925.0,Source Verified,debt_consolidation,14.4,0,734,59.2,Fully Paid,2026-05-06 00:00:00
16800,36 months,9.9,517.97,A,3 years,RENT,36750.0,Verified,debt_consolidation,50.0,0,731,38.0,Fully Paid,2026-04-15 08:00:00
8100,36 months,18.9,278.42,D,5 years,RENT,56306.0,Not Verified,credit_card,32.22,0,700,58.3,Fully Paid,2026-05-07 21:00:00
8600,36 months,14.97,283.47,B,2 years,RENT,53129.0,Source Verified,debt_consolidation,21.58,0,720,46.27,Fully Paid,2026-04-21 23:00:00
3500,60 months,21.0,87.93,D,10+ years,RENT,138119.0,Verified,debt_consolidation,13.8,1,677,44.47,Fully Paid,2026-04-24 08:00:00
19500,36 months,16.92,660.98,D,10+ years,RENT,86612.0,Verified,debt_consolidation,24.56,0,691,58.67,Fully Paid,2026-04-23 02:00:00
40000,36 months,16.98,1337.76,D,3 years,RENT,20394.0,Not Verified,debt_consolidation,21.82,0,706,69.7,Fully Paid,2026-05-08 06:00:00
34500,36 months,16.76,1158.46,C,2 years,MORTGAGE,47917.0,Source Verified,credit_card,43.11,1,711,73.53,Charged Off,2026-04-28 02:00:00
14800,36 months,12.4,490.87,B,8 years,MORTGAGE,131208.0,Not Verified,car,20.78,0,706,40.27,Fully Paid,2026-03-13 08:00:00
34300,36 months,25.76,1296.84,E,2 years,MORTGAGE,38838.0,Not Verified,debt_consolidation,19.59,1,686,89.5,Charged Off,2026-05-10 11:00:00
6500,60 months,22.64,170.91,E,10+ years,MORTGAGE,55125.0,Not Verified,home_improvement,11.66,1,700,77.7,Charged Off,2026-04-13 22:00:00
9500,36 months,9.18,296.3,A,< 1 year,MORTGAGE,71438.0,Verified,debt_consolidation,16.01,0,734,35.9,Fully Paid,2026-03-25 07:00:00
32700,60 months,12.99,694.62,C,10+ years,MORTGAGE,58800.0,Not Verified,debt_consolidation,8.6,0,703,69.6,Fully Paid,2026-04-17 20:00:00
10400,60 months,17.44,231.03,D,6 years,MORTGAGE,85408.0,Source Verified,debt_consolidation,24.16,0,692,28.93,Charged Off,2026-05-22 07:00:00
9500,36 months,19.09,325.1,D,< 1 year,RENT,102917.0,Not Verified,debt_consolidation,20.97,1,701,70.77,Charged Off,2026-05-15 17:00:00
19500,60 months,22.97,494.85,E,10+ years,MORTGAGE,59771.0,Not Verified,debt_consolidation,16.78,0,680,36.67,Fully Paid,2026-05-14 22:00:00
6900,36 months,15.0,230.83,C,4 years,MORTGAGE,46852.0,Not Verified,major_purchase,12.69,0,699,96.83,Fully Paid,2026-04-10 18:00:00
9700,36 months,10.77,296.28,A,8 years,MORTGAGE,25838.0,Source Verified,debt_consolidation,14.35,0,748,56.6,Fully Paid,2026-05-08 06:00:00
5800,36 months,20.38,210.79,E,8 years,MORTGAGE,45833.0,Not Verified,debt_consolidation,15.05,0,651,73.47,Fully Paid,2026-03-30 12:00:00
14500,36 months,13.41,463.87,B,1 year,MORTGAGE,78083.0,Source Verified,home_improvement,24.26,0,727,68.53,Charged Off,2026-05-02 06:00:00
13800,36 months,10.17,424.02,A,10+ years,MORTGAGE,49883.0,Verified,debt_consolidation,23.95,0,751,91.57,Fully Paid,2026-04-23 03:00:00
9400,36 months,11.98,307.65,C,3 years,RENT,224442.0,Source Verified,major_purchase,13.81,2,690,52.33,Fully Paid,2026-03-16 08:00:00
7200,60 months,8.35,142.06,A,4 years,RENT,31219.0,Verified,credit_card,25.04,1,734,36.3,Fully Paid,2026-03-25 20:00:00
6200,36 months,18.75,226.48,D,10+ years,MORTGAGE,122000.0,Not Verified,debt_consolidation,6.77,1,689,58.0,Fully Paid,2026-03-05 01:00:00
9900,36 months,6.76,302.34,A,3 years,RENT,26927.0,Not Verified,major_purchase,22.06,1,759,56.77,Charged Off,2026-03-09 14:00:00
21600,36 months,10.1,672.89,A,10+ years,RENT,42373.0,Source Verified,debt_consolidation,17.91,0,738,35.43,Fully Paid,2026-04-12 23:00:00
21100,36 months,9.85,654.89,A,10+ years,RENT,12631.0,Not Verified,debt_consolidation,13.23,0,736,37.03,Fully Paid,2026-04-07 13:00:00
9800,36 months,12.02,323.26,B,10+ years,OWN,30452.0,Not Verified,medical,20.87,0,696,44.17,Fully Paid,2026-03-11 07:00:00
10500,36 months,17.08,361.83,D,10+ years,OWN,21679.0,Not Verified,home_improvement,17.53,0,675,22.13,Fully Paid,2026-04-09 02:00:00
14400,60 months,17.39,334.24,C,< 1 year,OWN,81317.0,Not Verified,other,11.0,0,690,23.37,Fully Paid,2026-04-25 19:00:00
19600,36 months,14.81,668.07,C,5 years,MORTGAGE,26738.0,Source Verified,debt_consolidation,23.08,0,702,74.23,Fully Paid,2026-03-21 04:00:00
13800,36 months,21.07,506.34,E,10+ years,RENT,77733.0,Source Verified,major_purchase,14.25,1,660,64.37,Fully Paid,2026-04-04 09:00:00
20800,60 months,27.0,610.51,F,2 years,OWN,26858.0,Verified,debt_consolidation,34.7,0,647,47.97,Charged Off,2026-03-31 15:00:00
18100,60 months,20.47,454.42,D,5 years,RENT,58188.0,Not Verified,debt_consolidation,15.91,0,692,73.0,Fully Paid,2026-04-18 22:00:00
16500,60 months,14.66,372.56,C,10+ years,MORTGAGE,20533.0,Verified,debt_consolidation,22.6,0,699,29.47,Charged Off,2026-04-04 19:00:00
13400,36 months,14.8,437.43,C,,RENT,43917.0,Verified,medical,13.21,0,703,80.53,Fully Paid,2026-04-30 05:00:00
8000,36 months,15.37,272.92,C,6 years,MORTGAGE,18750.0,Not Verified,credit_card,28.66,1,699,21.0,Fully Paid,2026-03-26 19:00:00
11000,60 months,16.42,255.49,C,7 years,MORTGAGE,68890.0,Source Verified,major_purchase,25.36,1,699,69.33,Fully Paid,2026-04-06 06:00:00
31700,60 months,12.69,684.34,B,3 years,MORTGAGE,33092.0,Source Verified,debt_consolidation,26.21,0,726,70.97,Fully Paid,2026-04-04 07:00:00
11700,60 months,18.42,293.42,D,10+ years,RENT,33542.0,Not Verified,credit_card,13.98,0,688,98.63,Charged Off,2026-03-22 17:00:00
5100,36 months,24.57,191.02,F,10+ years,RENT,71750.0,Not Verified,debt_consolidation,22.51,1,675,45.63,Fully Paid,2026-04-30 07:00:00
28500,36 months,7.49,873.37,A,,MORTGAGE,14854.0,Verified,credit_card,25.22,0,731,30.23,Fully Paid,2026-03-19 18:00:00
12000,60 months,12.35,260.01,B,10+ years,RENT,45469.0,Source Verified,small_business,27.4,1,705,53.4,Fully Paid,2026-03-26 11:00:00
16200,60 months,18.16,374.1,C,< 1 year,OWN,100425.0,Verified,car,28.93,0,720,42.7,Fully Paid,2026-05-04 13:00:00
21200,36 months,19.35,723.02,C,6 years,RENT,27056.0,Source Verified,debt_consolidation,20.85,0,688,70.73,Charged Off,2026-05-22 08:00:00
7600,60 months,14.03,161.59,C,10+ years,MORTGAGE,45500.0,Not Verified,home_improvement,7.63,1,720,69.63,Fully Paid,2026-05-02 01:00:00
14000,36 months,15.64,455.96,C,5 years,OWN,126033.0,Verified,debt_consolidation,22.94,1,718,83.27,Charged Off,2026-05-17 11:00:00
3200,60 months,14.23,66.78,B,10+ years,RENT,48608.0,Source Verified,debt_consolidation,21.61,1,723,53.87,Fully Paid,2026-05-17 12:00:00
7100,36 months,15.42,238.95,C,8 years,MORTGAGE,85642.0,Verified,debt_consolidation,12.55,0,708,54.33,Fully Paid,2026-04-09 10:00:00
9900,60 months,10.76,192.59,B,9 years,RENT,24456.0,Not Verified,debt_consolidation,26.67,0,737,64.2,Fully Paid,2026-05-10 17:00:00
16700,36 months,13.71,556.36,C,7 years,MORTGAGE,54188.0,Verified,debt_consolidation,41.09,0,675,78.6,Charged Off,2026-03-26 16:00:00
12400,36 months,14.28,410.56,C,5 years,RENT,39327.0,Not Verified,debt_consolidation,11.88,2,709,54.73,Fully Paid,2026-04-10 11:00:00
17800,36 months,33.0,755.64,G,10+ years,OWN,48388.0,Verified,debt_consolidation,44.08,0,675,42.3,Fully Paid,2026-04-17 05:00:00
13300,36 months,19.68,455.73,D,9 years,MORTGAGE,55115.0,Verified,small_business,11.72,0,695,66.23,Fully Paid,2026-05-24 23:00:00
6500,36 months,21.68,230.71,D,3 years,RENT,26996.0,Verified,debt_consolidation,10.69,0,685,31.47,Fully Paid,2026-05-16 03:00:00
7500,60 months,14.76,167.82,C,1 year,MORTGAGE,14065.0,Not Verified,credit_card,27.22,0,710,56.43,Fully Paid,2026-04-06 20:00:00
16400,36 months,16.79,554.87,D,10+ years,RENT,57827.0,Verified,debt_consolidation,11.44,0,678,37.47,Fully Paid,2026-04-20 12:00:00
15100,60 months,14.43,346.9,C,10+ years,RENT,90754.0,Source Verified,debt_consolidation,11.11,0,694,,Charged Off,2026-03-18 20:00:00
4900,36 months,14.6,158.34,C,9 years,OWN,81250.0,Source Verified,credit_card,15.26,0,705,,Fully Paid,2026-05-07 14:00:00
11500,36 months,18.95,404.02,D,1 year,RENT,34212.0,Not Verified,debt_consolidation,9.85,0,703,69.1,Fully Paid,2026-04-17 16:00:00
9900,36 months,16.89,337.83,D,10+ years,RENT,102288.0,Not Verified,debt_consolidation,6.86,1,706,70.8,Fully Paid,2026-04-16 08:00:00
12000,36 months,12.27,374.76,B,10+ years,MORTGAGE,56306.0,Not Verified,credit_card,15.76,1,728,44.1,Fully Paid,2026-05-07 14:00:00
5200,36 months,15.15,171.85,B,6 years,MORTGAGE,85673.0,Not Verified,debt_consolidation,34.35,2,717,83.27,Fully Paid,2026-04-26 10:00:00
6300,36 months,11.23,206.94,C,2 years,MORTGAGE,52700.0,Source Verified,credit_card,18.35,1,712,39.5,Charged Off,2026-03-04 08:00:00
11500,36 months,14.21,385.88,D,2 years,OWN,18844.0,Source Verified,home_improvement,15.15,0,731,39.5,Fully Paid,2026-03-26 10:00:00
8600,60 months,22.53,235.23,F,< 1 year,RENT,73025.0,Source Verified,credit_card,7.55,0,641,58.13,Fully Paid,2026-03-19 21:00:00
13200,36 months,14.73,430.47,B,10+ years,RENT,57667.0,Not Verified,debt_consolidation,17.57,0,752,69.73,Fully Paid,2026-04-30 06:00:00
7800,36 months,8.46,246.08,B,9 years,OWN,36200.0,Verified,debt_consolidation,4.88,0,726,86.5,Fully Paid,2026-03-08 18:00:00
24700,36 months,8.18,764.7,A,7 years,MORTGAGE,109154.0,Source Verified,debt_consolidation,14.8,0,762,64.83,Fully Paid,2026-03-22 17:00:00
18600,60 months,17.55,433.27,D,2 years,MORTGAGE,165025.0,Verified,debt_consolidation,17.27,1,682,77.37,Fully Paid,2026-04-23 14:00:00
19400,36 months,11.99,607.84,A,10+ years,RENT,40583.0,Not Verified,debt_consolidation,16.08,0,762,33.03,Fully Paid,2026-04-30 03:00:00
11500,60 months,21.96,298.06,E,3 years,MORTGAGE,72538.0,Not Verified,debt_consolidation,10.33,0,682,57.6,Fully Paid,2026-04-17 02:00:00
9500,36 months,12.69,296.34,B,8 years,MORTGAGE,25650.0,Verified,small_business,12.98,1,749,55.87,Fully Paid,2026-05-12 06:00:00
7300,36 months,17.9,243.86,C,< 1 year,MORTGAGE,63440.0,Not Verified,home_improvement,22.65,0,720,86.93,Charged Off,2026-05-20 23:00:00
5100,36 months,11.26,166.39,B,10+ years,RENT,75494.0,Not Verified,debt_consolidation,12.07,1,720,72.57,Fully Paid,2026-03-10 12:00:00
31200,36 months,17.85,1041.51,D,< 1 year,MORTGAGE,37925.0,Source Verified,debt_consolidation,21.91,0,695,77.83,Fully Paid,2026-05-19 00:00:00
16000,60 months,13.01,336.11,B,2 years,RENT,56033.0,Not Verified,credit_card,17.79,0,704,71.07,Fully Paid,2026-04-20 15:00:00
29300,36 months,16.14,982.16,C,4 years,RENT,46723.0,Verified,credit_card,14.25,0,688,35.57,Fully Paid,2026-04-24 02:00:00
9700,36 months,14.56,331.81,C,9 years,MORTGAGE,93902.0,Verified,debt_consolidation,45.32,0,699,64.57,Fully Paid,2026-03-09 00:00:00
11800,36 months,32.15,492.24,G,2 years,MORTGAGE,88406.0,Not Verified,credit_card,7.49,0,647,68.57,Fully Paid,2026-04-24 12:00:00
14300,60 months,11.44,286.14,A,10+ years,MORTGAGE,43583.0,Not Verified,credit_card,15.93,0,734,47.83,Fully Paid,2026-04-30 00:00:00
4500,36 months,11.64,142.35,B,3 years,MORTGAGE,97912.0,Source Verified,debt_consolidation,29.13,0,724,52.1,Fully Paid,2026-04-15 13:00:00
22200,60 months,7.93,444.1,A,10+ years,OWN,104477.0,Not Verified,debt_consolidation,21.04,0,737,26.17,Fully Paid,2026-03-14 09:00:00
13800,60 months,13.54,296.89,B,6 years,MORTGAGE,53462.0,Verified,home_improvement,19.57,0,732,39.1,Fully Paid,2026-04-16 18:00:00
17700,36 months,18.32,594.85,D,4 years,MORTGAGE,63671.0,Source Verified,debt_consolidation,12.28,0,697,89.63,Fully Paid,2026-05-23 03:00:00
5100,36 months,18.08,174.5,C,3 years,MORTGAGE,96500.0,Verified,credit_card,9.95,0,704,38.83,Fully Paid,2026-05-01 23:00:00
4600,36 months,9.63,146.56,B,< 1 year,RENT,58260.0,Source Verified,debt_consolidation,11.6,0,716,40.07,Fully Paid,2026-03-09 05:00:00
9900,36 months,20.92,345.23,E,1 year,MORTGAGE,45788.0,Not Verified,home_improvement,18.02,0,675,106.63,Fully Paid,2026-05-19 12:00:00
13700,36 months,21.76,483.41,D,10+ years,MORTGAGE,96894.0,Not Verified,debt_consolidation,15.78,0,690,64.53,Charged Off,2026-05-21 23:00:00
20100,36 months,6.64,608.21,A,10+ years,RENT,25875.0,Not Verified,credit_card,39.8,0,724,67.43,Fully Paid,2026-03-22 19:00:00
8600,60 months,11.82,171.59,B,7 years,RENT,43631.0,Source Verified,debt_consolidation,24.65,0,771,49.8,Charged Off,2026-05-05 01:00:00
6200,36 months,8.59,190.28,A,10+ years,OWN,53350.0,Source Verified,debt_consolidation,5.37,0,744,31.77,Fully Paid,2026-03-30 17:00:00
7900,36 months,12.81,252.36,B,2 years,RENT,53898.0,Source Verified,credit_card,29.36,0,701,17.17,Fully Paid,2026-04-26 14:00:00
31200,60 months,12.0,655.26,B,5 years,MORTGAGE,55810.0,Not Verified,credit_card,17.45,1,721,22.83,Fully Paid,2026-04-12 18:00:00
5800,36 months,22.0,208.23,D,9 years,RENT,81250.0,Verified,credit_card,23.27,0,668,83.5,Fully Paid,2026-05-05 04:00:00
11700,36 months,16.22,381.49,C,3 years,OWN,41162.0,Verified,debt_consolidation,24.19,0,710,93.63,Charged Off,2026-05-20 19:00:00
8200,36 months,18.3,279.46,C,3 years,MORTGAGE,53138.0,Not Verified,debt_consolidation,31.72,0,686,39.4,Fully Paid,2026-05-08 09:00:00
9900,36 months,12.53,305.82,B,10+ years,MORTGAGE,60588.0,Not Verified,car,17.85,0,739,101.53,Fully Paid,2026-05-19 08:00:00
9200,60 months,16.51,200.08,B,8 years,RENT,64133.0,Source Verified,credit_card,25.64,0,722,70.63,Fully Paid,2026-05-20 06:00:00
17500,36 months,13.69,591.25,C,4 years,RENT,51406.0,Source Verified,debt_consolidation,8.9,0,704,55.77,Fully Paid,2026-03-11 18:00:00
5200,36 months,11.81,168.55,B,10+ years,MORTGAGE,36094.0,Verified,debt_consolidation,13.24,1,709,35.2,Fully Paid,2026-03-27 11:00:00
6100,36 months,13.43,195.2,C,1 year,RENT,55833.0,Verified,debt_consolidation,12.59,0,703,80.43,Fully Paid,2026-04-29 03:00:00
12800,36 months,9.57,389.81,B,1 year,MORTGAGE,60304.0,Source Verified,other,20.58,0,753,81.67,Fully Paid,2026-04-22 21:00:00
10500,36 months,6.39,321.29,A,2 years,MORTGAGE,169400.0,Verified,debt_consolidation,16.11,0,740,39.0,Fully Paid,2026-03-04 00:00:00
8400,60 months,10.51,178.52,B,6 years,MORTGAGE,58554.0,Verified,debt_consolidation,7.88,0,729,69.27,Fully Paid,2026-03-14 07:00:00
3300,60 months,15.31,73.92,C,,MORTGAGE,32725.0,Not Verified,credit_card,6.9,0,697,46.0,Fully Paid,2026-04-14 01:00:00
7500,60 months,14.21,161.99,C,< 1 year,MORTGAGE,64575.0,Not Verified,debt_consolidation,25.6,1,711,65.27,Fully Paid,2026-04-21 14:00:00
4600,36 months,10.92,148.26,B,2 years,MORTGAGE,51462.0,Not Verified,debt_consolidation,17.48,0,710,57.93,Fully Paid,2026-03-17 17:00:00
22900,36 months,8.67,714.12,A,10+ years,MORTGAGE,46575.0,Not Verified,credit_card,34.79,2,735,48.73,Fully Paid,2026-03-22 08:00:00
8700,36 months,21.57,328.09,E,,MORTGAGE,147952.0,Verified,debt_consolidation,14.89,0,683,80.37,Fully Paid,2026-03-15 14:00:00
22300,36 months,10.36,692.24,B,4 years,RENT,31412.0,Verified,credit_card,21.05,0,743,80.0,Fully Paid,2026-04-16 12:00:00
6800,36 months,12.29,226.8,B,8 years,RENT,67000.0,Verified,credit_card,23.28,0,698,27.9,Fully Paid,2026-03-03 02:00:00
12900,36 months,23.43,482.24,E,< 1 year,RENT,88462.0,Source Verified,other,7.03,0,673,94.1,Charged Off,2026-04-18 07:00:00
13400,36 months,9.12,411.43,A,,RENT,66650.0,Not Verified,debt_consolidation,25.97,0,745,44.83,Fully Paid,2026-04-09 10:00:00
18600,60 months,13.57,405.06,B,1 year,RENT,75608.0,Verified,debt_consolidation,25.8,0,703,80.53,Fully Paid,2026-04-11 22:00:00
23700,36 months,12.16,744.42,A,10+ years,MORTGAGE,45333.0,Not Verified,debt_consolidation,9.5,0,750,85.63,Fully Paid,2026-04-29 12:00:00
5600,36 months,16.48,189.98,C,4 years,MORTGAGE,91000.0,Source Verified,debt_consolidation,14.79,0,694,36.8,Fully Paid,2026-04-19 23:00:00
11600,36 months,17.43,393.26,C,9 years,RENT,46333.0,Verified,debt_consolidation,15.29,1,691,26.53,Fully Paid,2026-05-02 15:00:00
31100,36 months,19.28,1074.74,C,2 years,RENT,117162.0,Not Verified,debt_consolidation,6.0,0,719,64.4,Fully Paid,2026-05-05 13:00:00
10300,36 months,17.24,340.83,C,10+ years,MORTGAGE,63979.0,Not Verified,debt_consolidation,19.84,0,684,44.23,Charged Off,2026-05-23 01:00:00
15100,36 months,13.03,476.88,B,10+ years,RENT,25188.0,Verified,debt_consolidation,11.26,0,730,36.2,Fully Paid,2026-05-06 00:00:00
6000,36 months,14.01,196.46,B,1 year,MORTGAGE,26512.0,Source Verified,debt_consolidation,7.24,0,709,68.7,Fully Paid,2026-04-15 10:00:00
12600,36 months,16.3,429.42,C,10+ years,MORTGAGE,33325.0,Not Verified,debt_consolidation,20.36,0,721,39.83,Fully Paid,2026-04-07 18:00:00
18400,36 months,14.34,622.99,C,1 year,MORTGAGE,130429.0,Not Verified,home_improvement,11.86,0,692,32.03,Fully Paid,2026-03-20 18:00:00
19800,60 months,14.79,433.37,B,7 years,MORTGAGE,106600.0,Not Verified,credit_card,15.77,1,714,20.17,Fully Paid,2026-04-21 20:00:00
15800,36 months,16.44,555.01,D,3 years,OWN,65800.0,Verified,debt_consolidation,23.14,2,664,14.47,Charged Off,2026-03-13 11:00:00
22000,36 months,26.02,823.44,E,8 years,RENT,68604.0,Not Verified,debt_consolidation,26.94,0,677,76.33,Charged Off,2026-05-22 01:00:00
3700,36 months,17.39,123.58,C,9 years,MORTGAGE,55575.0,Verified,debt_consolidation,14.04,0,698,97.37,Fully Paid,2026-05-16 06:00:00
19500,60 months,9.84,408.01,B,8 years,MORTGAGE,133460.0,Verified,major_purchase,9.52,0,713,56.37,Fully Paid,2026-03-15 22:00:00
13700,36 months,28.75,539.29,F,< 1 year,OWN,44688.0,Verified,debt_consolidation,5.84,2,690,64.5,Fully Paid,2026-05-04 01:00:00
19900,36 months,13.64,671.85,C,10+ years,MORTGAGE,51406.0,Source Verified,credit_card,14.01,0,712,13.57,Fully Paid,2026-03-15 22:00:00
6700,36 months,22.08,242.49,D,2 years,RENT,53667.0,Verified,credit_card,8.65,0,683,69.33,Fully Paid,2026-04-27 18:00:00
5900,36 months,15.16,203.54,C,7 years,OWN,54638.0,Verified,debt_consolidation,18.6,0,691,91.57,Fully Paid,2026-03-12 16:00:00
7700,60 months,10.03,154.4,A,10+ years,RENT,27412.0,Source Verified,credit_card,14.28,0,741,62.63,Fully Paid,2026-04-08 09:00:00
4900,36 months,10.58,151.48,A,10+ years,RENT,113860.0,Source Verified,debt_consolidation,6.49,1,756,86.87,Fully Paid,2026-04-24 11:00:00
26700,36 months,16.85,897.7,C,10+ years,RENT,26500.0,Verified,debt_consolidation,10.47,1,704,,Fully Paid,2026-05-02 01:00:00
11600,36 months,13.31,378.73,B,10+ years,RENT,57871.0,Verified,credit_card,11.22,0,739,62.03,Fully Paid,2026-04-12 00:00:00
14400,36 months,20.84,501.58,D,10+ years,RENT,38388.0,Verified,credit_card,24.48,1,678,103.53,Charged Off,2026-05-20 19:00:00
20000,36 months,12.55,627.19,B,8 years,MORTGAGE,28356.0,Source Verified,small_business,12.3,0,708,75.7,Fully Paid,2026-05-10 12:00:00
8800,36 months,14.7,299.48,C,3 years,RENT,43221.0,Source Verified,debt_consolidation,10.23,1,710,82.73,Charged Off,2026-03-18 06:00:00
9800,36 months,24.3,365.7,E,10+ years,MORTGAGE,25333.0,Not Verified,debt_consolidation,21.46,0,680,58.73,Fully Paid,2026-04-28 10:00:00
10500,36 months,22.47,382.08,E,1 year,MORTGAGE,129167.0,Source Verified,credit_card,15.97,0,681,27.43,Fully Paid,2026-04-29 15:00:00
15700,36 months,16.82,542.86,C,8 years,MORTGAGE,53350.0,Not Verified,debt_consolidation,17.17,0,705,36.77,Fully Paid,2026-04-02 16:00:00
15300,36 months,13.62,490.96,B,5 years,RENT,52583.0,Verified,debt_consolidation,10.93,0,712,100.13,Fully Paid,2026-05-01 16:00:00
4900,36 months,18.39,166.02,C,6 years,OTHER,49400.0,Not Verified,debt_consolidation,12.12,0,681,70.97,Fully Paid,2026-05-16 19:00:00
21000,36 months,18.72,719.98,D,3 years,RENT,24862.0,Not Verified,debt_consolidation,17.49,1,673,57.2,Fully Paid,2026-05-05 13:00:00
6400,36 months,17.9,216.88,D,3 years,OTHER,45662.0,Verified,car,16.12,0,701,90.1,Fully Paid,2026-05-06 02:00:00
8300,36 months,16.94,281.42,C,7 years,MORTGAGE,28188.0,Not Verified,home_improvement,21.15,0,681,91.57,Fully Paid,2026-04-26 13:00:00
7400,36 months,21.98,276.82,E,10+ years,OWN,79406.0,Not Verified,debt_consolidation,29.72,0,661,88.4,Charged Off,2026-03-26 01:00:00
9600,36 months,28.58,377.04,F,10+ years,OWN,31444.0,Source Verified,credit_card,13.4,0,660,56.2,Fully Paid,2026-05-05 16:00:00
16500,36 months,17.18,573.43,C,3 years,MORTGAGE,73242.0,Not Verified,debt_consolidation,34.73,0,701,60.37,Charged Off,2026-04-05 21:00:00
8300,36 months,12.76,266.88,B,,OTHER,66500.0,Verified,credit_card,13.91,0,720,60.8,Fully Paid,2026-04-16 03:00:00
26600,60 months,15.71,621.84,C,,OWN,29156.0,Not Verified,small_business,15.26,0,688,83.1,Charged Off,2026-03-29 21:00:00
17900,60 months,20.92,468.48,E,10+ years,MORTGAGE,93656.0,Not Verified,debt_consolidation,29.85,0,649,87.0,Fully Paid,2026-03-29 10:00:00
5100,36 months,14.78,175.0,D,4 years,RENT,39558.0,Verified,debt_consolidation,31.01,0,687,48.27,Charged Off,2026-03-15 08:00:00
9000,36 months,12.73,278.84,B,< 1 year,MORTGAGE,47406.0,Verified,debt_consolidation,11.11,0,755,80.83,Fully Paid,2026-05-22 01:00:00
7000,36 months,7.71,216.81,A,< 1 year,MORTGAGE,103498.0,Source Verified,credit_card,26.27,1,730,28.27,Charged Off,2026-03-14 14:00:00
11200,36 months,29.82,471.3,G,< 1 year,RENT,36817.0,Verified,credit_card,19.01,1,659,60.57,Fully Paid,2026-03-15 17:00:00
6500,36 months,16.65,213.26,C,10+ years,RENT,82865.0,Not Verified,home_improvement,21.93,0,713,90.73,Fully Paid,2026-05-19 21:00:00
8100,36 months,22.48,298.88,E,8 years,RENT,55650.0,Verified,debt_consolidation,10.92,0,684,56.8,Fully Paid,2026-04-13 06:00:00
11500,36 months,10.67,361.27,A,< 1 year,RENT,160533.0,Not Verified,debt_consolidation,20.08,1,742,72.93,Fully Paid,2026-04-08 05:00:00
14600,60 months,13.85,309.13,C,10+ years,RENT,37917.0,Not Verified,other,30.81,0,734,61.23,Charged Off,2026-05-01 10:00:00
9500,36 months,17.45,331.42,D,10+ years,OWN,39417.0,Not Verified,credit_card,12.09,1,681,21.37,Fully Paid,2026-04-02 19:00:00
5300,36 months,18.47,191.53,E,4 years,MORTGAGE,33879.0,Verified,credit_card,7.42,1,680,44.67,Fully Paid,2026-03-09 13:00:00
11300,36 months,23.54,417.3,F,5 years,MORTGAGE,48667.0,Verified,credit_card,12.73,0,671,59.83,Fully Paid,2026-04-30 22:00:00
11500,60 months,20.71,302.83,E,< 1 year,RENT,63633.0,Verified,debt_consolidation,18.99,1,662,61.43,Charged Off,2026-03-17 05:00:00
23600,36 months,11.43,744.23,A,2 years,MORTGAGE,61250.0,Verified,home_improvement,7.81,0,751,58.7,Fully Paid,2026-04-16 12:00:00
29400,60 months,20.05,692.5,D,6 years,MORTGAGE,131812.0,Verified,credit_card,11.72,0,718,57.73,Fully Paid,2026-05-22 00:00:00
14600,36 months,19.73,500.63,D,1 year,RENT,92577.0,Source Verified,debt_consolidation,27.87,0,714,82.73,Fully Paid,2026-05-22 10:00:00
25900,36 months,7.68,784.18,B,9 years,OWN,40517.0,Verified,debt_consolidation,22.47,0,750,22.57,Fully Paid,2026-04-01 21:00:00
30700,36 months,18.64,1051.34,D,2 years,RENT,87750.0,Not Verified,debt_consolidation,20.94,1,691,39.4,Fully Paid,2026-05-06 20:00:00
24900,36 months,18.44,862.44,C,10+ years,MORTGAGE,36046.0,Not Verified,debt_consolidation,17.42,0,691,59.57,Charged Off,2026-04-24 18:00:00
16200,36 months,14.17,535.52,B,2 years,OWN,17827.0,Source Verified,debt_consolidation,25.92,1,723,73.43,Fully Paid,2026-04-11 05:00:00
6700,60 months,18.0,168.32,E,2 years,MORTGAGE,64331.0,Not Verified,credit_card,6.53,0,678,15.37,Fully Paid,2026-03-14 15:00:00
6300,36 months,9.26,195.28,A,7 years,MORTGAGE,45375.0,Source Verified,home_improvement,17.73,1,768,34.67,Fully Paid,2026-04-01 08:00:00
14300,36 months,18.62,496.55,D,10+ years,RENT,84819.0,Not Verified,debt_consolidation,29.67,2,671,37.97,Fully Paid,2026-04-22 23:00:00
6900,36 months,16.24,225.05,B,4 years,OWN,35227.0,Verified,credit_card,10.32,1,706,97.53,Fully Paid,2026-05-20 07:00:00
17600,36 months,16.88,626.44,D,10+ years,RENT,172300.0,Source Verified,debt_consolidation,18.38,0,673,63.4,Fully Paid,2026-03-05 16:00:00
9300,36 months,21.2,332.5,D,9 years,MORTGAGE,57000.0,Verified,debt_consolidation,7.97,0,676,63.13,Fully Paid,2026-04-27 21:00:00
13300,36 months,23.86,486.58,E,10+ years,MORTGAGE,20900.0,Not Verified,credit_card,10.35,1,681,52.97,Fully Paid,2026-05-14 00:00:00
10000,36 months,21.32,350.68,C,1 year,RENT,113929.0,Source Verified,credit_card,9.07,0,702,93.83,Fully Paid,2026-05-19 07:00:00
39700,60 months,10.98,814.12,A,2 years,OWN,49898.0,Not Verified,debt_consolidation,31.79,0,758,63.83,Fully Paid,2026-04-09 17:00:00
23800,60 months,7.87,475.43,A,1 year,RENT,67367.0,Verified,credit_card,16.51,0,739,57.67,Fully Paid,2026-03-14 22:00:00
14200,36 months,14.07,475.52,C,10+ years,RENT,87469.0,Not Verified,debt_consolidation,40.56,2,704,81.6,Charged Off,2026-03-29 21:00:00
9700,60 months,16.93,215.43,B,2 years,MORTGAGE,37842.0,Not Verified,credit_card,15.09,1,727,86.07,Fully Paid,2026-05-14 02:00:00
5300,36 months,21.03,186.41,E,8 years,MORTGAGE,31033.0,Verified,debt_consolidation,13.21,0,683,49.47,Fully Paid,2026-05-11 09:00:00
12200,36 months,17.17,415.01,C,10+ years,MORTGAGE,107198.0,Source Verified,debt_consolidation,37.08,1,692,60.87,Charged Off,2026-04-21 14:00:00
3600,36 months,17.34,128.06,D,5 years,OWN,89692.0,Source Verified,debt_consolidation,9.2,1,674,85.57,Fully Paid,2026-03-09 17:00:00
27500,36 months,11.17,896.02,B,10+ years,RENT,23990.0,Verified,debt_consolidation,9.07,0,710,57.77,Fully Paid,2026-03-14 07:00:00
9400,36 months,15.21,315.41,C,9 years,RENT,73279.0,Not Verified,credit_card,32.55,0,704,89.43,Fully Paid,2026-04-12 21:00:00
12400,60 months,18.52,295.13,D,10+ years,RENT,70383.0,Verified,debt_consolidation,7.21,0,700,80.27,Fully Paid,2026-04-23 21:00:00
14500,36 months,9.0,461.1,B,1 year,RENT,82100.0,Verified,debt_consolidation,17.16,1,716,67.3,Fully Paid,2026-03-03 05:00:00
13000,36 months,21.91,469.39,E,3 years,RENT,39000.0,Verified,debt_consolidation,18.21,0,694,45.23,Fully Paid,2026-04-27 03:00:00
12600,36 months,11.52,397.87,A,3 years,MORTGAGE,49350.0,Verified,debt_consolidation,16.4,0,742,47.9,Fully Paid,2026-04-19 19:00:00
8400,36 months,13.73,285.99,C,6 years,OWN,44800.0,Verified,credit_card,10.85,0,695,39.1,Fully Paid,2026-03-04 05:00:00
8200,36 months,12.2,271.18,B,10+ years,OWN,109960.0,Not Verified,credit_card,10.83,0,705,30.67,Fully Paid,2026-03-09 18:00:00
10000,36 months,12.49,322.62,B,10+ years,MORTGAGE,100512.0,Not Verified,small_business,13.04,0,718,66.53,Fully Paid,2026-04-07 05:00:00
13900,36 months,14.0,448.51,C,10+ years,RENT,123250.0,Not Verified,credit_card,14.46,1,705,46.33,Fully Paid,2026-04-28 18:00:00
7900,60 months,17.92,181.45,D,10+ years,RENT,60369.0,Source Verified,debt_consolidation,21.45,1,717,47.7,Fully Paid,2026-05-08 14:00:00
20900,60 months,15.09,471.16,B,6 years,MORTGAGE,79729.0,Verified,debt_consolidation,19.19,1,720,68.43,Fully Paid,2026-04-12 05:00:00
15100,36 months,20.54,553.81,E,< 1 year,RENT,157219.0,Source Verified,debt_consolidation,43.32,0,658,44.1,Fully Paid,2026-03-24 22:00:00
11700,60 months,18.76,267.77,C,10+ years,MORTGAGE,19502.0,Source Verified,major_purchase,18.78,0,707,108.83,Fully Paid,2026-05-22 19:00:00
12300,36 months,13.27,401.35,B,6 years,OWN,86090.0,Verified,debt_consolidation,11.96,1,731,76.33,Fully Paid,2026-04-06 10:00:00
11600,36 months,11.52,374.41,B,< 1 year,MORTGAGE,17531.0,Verified,debt_consolidation,7.85,0,716,40.9,Fully Paid,2026-03-23 01:00:00
12400,36 months,10.48,388.46,A,,MORTGAGE,81073.0,Verified,debt_consolidation,20.75,0,740,80.33,Fully Paid,2026-04-06 09:00:00
1900,36 months,11.06,62.26,B,7 years,MORTGAGE,52900.0,Not Verified,debt_consolidation,12.32,0,722,57.9,Fully Paid,2026-03-08 11:00:00
8300,36 months,10.38,263.47,A,10+ years,MORTGAGE,38156.0,Source Verified,credit_card,26.82,1,742,33.6,Fully Paid,2026-03-27 01:00:00
20000,60 months,8.89,385.63,A,7 years,RENT,57225.0,Verified,debt_consolidation,20.9,0,751,61.4,Fully Paid,2026-04-18 15:00:00
17500,36 months,15.34,563.36,C,10+ years,MORTGAGE,59431.0,Source Verified,major_purchase,21.16,0,705,97.43,Charged Off,2026-05-18 03:00:00
16800,60 months,18.55,395.71,E,7 years,MORTGAGE,34667.0,Source Verified,car,11.92,0,656,88.93,Charged Off,2026-04-27 03:00:00
9900,36 months,13.02,312.61,C,9 years,MORTGAGE,17712.0,Source Verified,credit_card,16.53,0,717,93.0,Charged Off,2026-05-09 22:00:00
15000,36 months,15.63,502.74,C,3 years,RENT,103775.0,Source Verified,credit_card,25.99,0,687,77.7,Charged Off,2026-04-13 17:00:00
13000,60 months,25.54,381.87,F,10+ years,RENT,37796.0,Source Verified,debt_consolidation,34.16,1,667,36.07,Fully Paid,2026-03-10 02:00:00
40000,36 months,17.2,1390.53,D,4 years,MORTGAGE,31258.0,Verified,debt_consolidation,14.22,0,667,17.57,Fully Paid,2026-04-02 15:00:00
14000,60 months,15.16,295.12,B,2 years,OWN,58969.0,Verified,debt_consolidation,13.99,0,729,62.03,Fully Paid,2026-05-22 05:00:00
20700,36 months,13.6,703.46,C,10+ years,MORTGAGE,41500.0,Not Verified,debt_consolidation,10.31,1,705,54.1,Fully Paid,2026-03-03 14:00:00
10400,36 months,19.39,357.42,D,10+ years,RENT,45758.0,Not Verified,major_purchase,17.25,0,697,91.87,Charged Off,2026-05-14 02:00:00
17300,36 months,12.76,548.21,B,4 years,MORTGAGE,29750.0,Not Verified,debt_consolidation,20.46,0,721,62.93,Fully Paid,2026-05-01 17:00:00
12000,36 months,13.49,398.51,C,10+ years,RENT,83906.0,Not Verified,debt_consolidation,9.52,1,714,53.0,Charged Off,2026-03-26 02:00:00
7600,36 months,22.5,274.76,D,10+ years,MORTGAGE,26731.0,Not Verified,credit_card,17.33,2,680,72.8,Fully Paid,2026-05-06 16:00:00
12200,36 months,16.47,402.13,C,10+ years,MORTGAGE,68321.0,Source Verified,debt_consolidation,21.96,0,722,19.27,Fully Paid,2026-05-11 12:00:00
40000,60 months,14.29,936.75,C,10+ years,MORTGAGE,214900.0,Verified,credit_card,17.23,0,721,,Charged Off,2026-03-05 03:00:00
10900,60 months,13.53,248.18,C,9 years,MORTGAGE,105260.0,Verified,debt_consolidation,14.24,0,706,60.27,Fully Paid,2026-03-14 14:00:00
4100,60 months,14.24,88.61,B,1 year,MORTGAGE,29810.0,Verified,debt_consolidation,10.49,1,707,89.47,Fully Paid,2026-04-24 09:00:00
6800,36 months,30.14,269.07,F,8 years,RENT,90573.0,Not Verified,home_improvement,10.66,0,667,103.23,Charged Off,2026-05-24 06:00:00
13700,36 months,17.3,490.49,D,10+ years,OWN,32900.0,Source Verified,debt_consolidation,15.57,0,675,37.8,Fully Paid,2026-03-02 21:00:00
38800,36 months,10.62,1200.16,A,7 years,MORTGAGE,67565.0,Not Verified,credit_card,8.84,0,737,43.27,Fully Paid,2026-04-20 01:00:00
11900,36 months,10.81,385.71,B,6 years,RENT,85971.0,Verified,debt_consolidation,26.73,0,719,48.67,Fully Paid,2026-03-12 20:00:00
13900,36 months,20.9,498.34,E,7 years,OWN,54581.0,Not Verified,debt_consolidation,5.81,0,684,86.87,Charged Off,2026-04-21 06:00:00
6500,36 months,15.08,214.59,B,3 years,RENT,44502.0,Source Verified,small_business,24.75,0,713,52.47,Fully Paid,2026-04-24 03:00:00
22200,36 months,5.93,669.65,A,10+ years,RENT,95469.0,Not Verified,debt_consolidation,17.6,0,744,59.87,Fully Paid,2026-03-15 07:00:00
11500,36 months,17.48,390.14,D,8 years,RENT,133833.0,Not Verified,credit_card,17.85,0,709,86.43,Fully Paid,2026-04-29 08:00:00
29300,36 months,12.48,911.14,B,10+ years,RENT,32300.0,Not Verified,credit_card,7.48,1,735,74.97,Fully Paid,2026-05-14 20:00:00
21400,36 months,20.34,745.41,C,10+ years,MORTGAGE,104975.0,Verified,debt_consolidation,12.48,0,704,47.77,Fully Paid,2026-05-15 18:00:00
13000,36 months,14.0,444.31,C,3 years,MORTGAGE,54200.0,Verified,medical,18.14,1,703,67.9,Charged Off,2026-03-03 01:00:00
10900,36 months,14.58,370.32,C,7 years,RENT,29325.0,Not Verified,debt_consolidation,26.81,0,725,59.83,Fully Paid,2026-03-22 06:00:00
18000,36 months,29.6,750.39,G,9 years,MORTGAGE,71588.0,Source Verified,debt_consolidation,12.77,0,655,78.53,Charged Off,2026-03-17 10:00:00
6500,36 months,19.76,232.58,D,< 1 year,RENT,60200.0,Verified,debt_consolidation,15.05,0,676,21.53,Fully Paid,2026-04-11 15:00:00
12200,60 months,13.1,275.1,C,1 year,RENT,89104.0,Verified,debt_consolidation,16.78,0,699,45.27,Fully Paid,2026-03-13 14:00:00
10600,36 months,17.33,353.74,C,3 years,MORTGAGE,108142.0,Source Verified,credit_card,4.1,0,722,30.97,Fully Paid,2026-05-11 23:00:00
11200,36 months,11.51,345.87,A,2 years,OWN,149094.0,Source Verified,home_improvement,13.53,0,741,73.6,Fully Paid,2026-05-09 01:00:00
17900,60 months,27.16,501.12,E,9 years,RENT,46231.0,Verified,debt_consolidation,24.01,0,668,84.4,Fully Paid,2026-05-05 09:00:00
12400,36 months,15.89,429.18,D,2 years,MORTGAGE,72258.0,Verified,debt_consolidation,14.02,0,708,55.33,Fully Paid,2026-03-20 04:00:00
7000,60 months,14.15,163.42,C,10+ years,RENT,24800.0,Source Verified,debt_consolidation,14.3,1,707,47.9,Fully Paid,2026-03-08 17:00:00
16300,36 months,15.09,526.64,C,7 years,RENT,76000.0,Not Verified,small_business,14.83,0,710,53.47,Fully Paid,2026-05-17 16:00:00
17800,36 months,12.63,583.85,B,2 years,OTHER,166031.0,Verified,debt_consolidation,15.7,0,713,86.6,Fully Paid,2026-03-29 02:00:00
25500,36 months,10.77,790.52,A,6 years,RENT,80804.0,Not Verified,debt_consolidation,25.42,0,742,67.57,Fully Paid,2026-04-23 11:00:00
10800,36 months,22.01,385.1,D,2 years,MORTGAGE,80196.0,Source Verified,other,5.92,1,671,87.47,Fully Paid,2026-05-14 22:00:00
12800,60 months,15.42,307.34,C,5 years,MORTGAGE,59400.0,Source Verified,debt_consolidation,23.98,0,701,40.5,Fully Paid,2026-03-04 02:00:00
9500,36 months,21.76,361.63,E,3 years,MORTGAGE,35800.0,Verified,debt_consolidation,16.16,1,648,50.9,Fully Paid,2026-03-08 10:00:00
13200,60 months,22.11,365.4,E,6 years,MORTGAGE,144300.0,Source Verified,small_business,11.69,0,675,79.7,Charged Off,2026-03-05 08:00:00
12200,60 months,17.23,301.43,D,1 year,OWN,65408.0,Not Verified,debt_consolidation,33.63,0,673,36.87,Charged Off,2026-03-14 09:00:00
10100,36 months,16.97,359.94,D,5 years,MORTGAGE,65200.0,Source Verified,credit_card,12.1,0,683,80.0,Charged Off,2026-03-04 12:00:00
9000,36 months,18.43,307.29,D,9 years,MORTGAGE,51350.0,Source Verified,debt_consolidation,13.34,1,702,48.3,Fully Paid,2026-05-09 04:00:00
9700,36 months,20.55,346.07,E,10+ years,OWN,28956.0,Source Verified,debt_consolidation,9.42,1,692,52.37,Fully Paid,2026-04-21 13:00:00
12500,36 months,24.1,455.68,F,10+ years,RENT,44940.0,Not Verified,debt_consolidation,7.14,1,680,83.13,Fully Paid,2026-05-23 03:00:00
30500,36 months,11.14,936.74,B,10+ years,RENT,122769.0,Not Verified,credit_card,24.39,0,740,21.4,Fully Paid,2026-05-04 07:00:00
11800,36 months,19.61,403.93,D,10+ years,RENT,80860.0,Not Verified,credit_card,20.93,0,717,96.33,Fully Paid,2026-05-18 17:00:00
20300,36 months,19.95,743.6,E,4 years,RENT,31529.0,Not Verified,major_purchase,13.98,1,679,48.83,Fully Paid,2026-03-18 11:00:00
11200,36 months,12.75,368.0,B,4 years,MORTGAGE,62625.0,Not Verified,debt_consolidation,16.68,1,722,40.4,Fully Paid,2026-03-26 08:00:00
10200,60 months,23.11,259.62,E,10+ years,RENT,82096.0,Source Verified,debt_consolidation,17.08,2,661,58.57,Fully Paid,2026-05-15 23:00:00
14200,36 months,10.89,457.46,B,10+ years,MORTGAGE,123338.0,Not Verified,debt_consolidation,25.19,1,724,41.33,Fully Paid,2026-03-18 12:00:00
34500,36 months,24.24,1357.88,F,< 1 year,MORTGAGE,43100.0,Not Verified,debt_consolidation,23.72,0,671,33.3,Fully Paid,2026-03-02 03:00:00
14000,60 months,17.94,325.32,C,7 years,RENT,51000.0,Verified,debt_consolidation,8.43,0,706,79.43,Fully Paid,2026-04-29 06:00:00
7500,60 months,15.93,164.68,C,10+ years,RENT,38269.0,Source Verified,other,27.06,1,729,51.7,Fully Paid,2026-05-07 01:00:00
17000,36 months,20.83,592.06,D,8 years,RENT,80475.0,Verified,debt_consolidation,23.85,0,695,47.83,Charged Off,2026-05-21 19:00:00
4800,36 months,15.96,155.92,C,10+ years,MORTGAGE,124644.0,Verified,small_business,14.99,1,730,75.73,Charged Off,2026-05-22 12:00:00
38100,36 months,24.75,1499.78,F,8 years,MORTGAGE,170865.0,Source Verified,debt_consolidation,29.25,0,658,71.77,Charged Off,2026-03-10 17:00:00
14800,36 months,11.28,455.49,B,5 years,RENT,130325.0,Not Verified,credit_card,11.95,1,736,64.4,Fully Paid,2026-05-08 06:00:00
21100,36 months,20.11,732.58,C,10+ years,MORTGAGE,95950.0,Source Verified,credit_card,16.5,0,676,94.87,Charged Off,2026-05-15 10:00:00
7100,36 months,22.48,258.39,E,10+ years,MORTGAGE,52833.0,Source Verified,major_purchase,21.12,0,684,71.53,Charged Off,2026-05-02 10:00:00
8200,36 months,14.68,265.28,B,10+ years,MORTGAGE,70769.0,Not Verified,major_purchase,7.97,0,724,56.0,Fully Paid,2026-05-07 15:00:00
23200,36 months,17.63,777.57,D,1 year,MORTGAGE,26125.0,Verified,credit_card,14.01,0,674,67.27,Fully Paid,2026-05-16 16:00:00
8200,60 months,19.07,201.9,D,10+ years,MORTGAGE,95138.0,Not Verified,debt_consolidation,19.31,1,688,36.63,Fully Paid,2026-04-07 13:00:00
15900,60 months,10.53,341.99,B,4 years,RENT,88900.0,Source Verified,debt_consolidation,13.16,0,719,51.6,Fully Paid,2026-03-06 23:00:00
36500,36 months,16.87,1254.05,C,5 years,RENT,40044.0,Verified,debt_consolidation,10.03,0,702,42.53,Fully Paid,2026-04-06 07:00:00
8800,60 months,20.99,233.1,F,< 1 year,MORTGAGE,81938.0,Not Verified,debt_consolidation,5.62,0,643,39.23,Fully Paid,2026-03-16 17:00:00
11100,36 months,26.32,446.16,G,10+ years,RENT,42104.0,Not Verified,debt_consolidation,18.29,1,668,49.97,Charged Off,2026-03-15 01:00:00
7500,60 months,16.06,180.64,D,3 years,RENT,42496.0,Verified,credit_card,18.22,1,689,,Fully Paid,2026-03-12 07:00:00
17500,36 months,23.25,643.69,E,10+ years,RENT,22917.0,Verified,other,35.37,0,652,40.33,Charged Off,2026-05-01 08:00:00
40000,36 months,21.68,1459.78,D,10+ years,MORTGAGE,72362.0,Verified,debt_consolidation,11.98,0,680,66.4,Fully Paid,2026-04-17 05:00:00
40000,36 months,19.67,1419.55,E,6 years,MORTGAGE,56700.0,Not Verified,debt_consolidation,14.23,0,697,58.6,Fully Paid,2026-04-17 20:00:00
14600,36 months,25.56,554.26,E,10+ years,MORTGAGE,29000.0,Source Verified,credit_card,19.19,0,681,54.33,Charged Off,2026-04-28 17:00:00
14100,60 months,20.54,354.53,E,,MORTGAGE,79012.0,Verified,debt_consolidation,10.7,1,684,57.0,Fully Paid,2026-04-14 05:00:00
21700,36 months,13.27,697.86,B,10+ years,RENT,56033.0,Verified,debt_consolidation,17.35,2,719,50.47,Fully Paid,2026-04-20 07:00:00
10200,36 months,5.76,306.9,A,10+ years,MORTGAGE,166360.0,Verified,debt_consolidation,21.6,0,741,63.27,Fully Paid,2026-03-15 01:00:00
16500,36 months,15.58,536.91,B,10+ years,MORTGAGE,55100.0,Source Verified,credit_card,31.03,2,723,,Charged Off,2026-05-12 13:00:00
8800,60 months,16.03,202.62,C,4 years,OWN,50077.0,Not Verified,other,7.76,0,698,67.23,Fully Paid,2026-04-10 00:00:00
8100,36 months,6.06,244.81,A,10+ years,OWN,84698.0,Source Verified,debt_consolidation,9.35,0,739,76.17,Fully Paid,2026-03-12 04:00:00
13800,36 months,15.49,451.73,B,2 years,MORTGAGE,110744.0,Not Verified,debt_consolidation,10.28,0,706,35.3,Fully Paid,2026-05-05 03:00:00
10100,60 months,12.87,209.02,B,6 years,MORTGAGE,27083.0,Source Verified,credit_card,10.96,1,761,95.53,Fully Paid,2026-04-29 21:00:00
3200,60 months,12.08,71.31,B,10+ years,OTHER,62800.0,Not Verified,debt_consolidation,9.65,0,699,12.3,Fully Paid,2026-03-02 13:00:00
7700,60 months,25.05,221.74,E,3 years,RENT,128512.0,Not Verified,debt_consolidation,13.0,0,655,80.73,Fully Paid,2026-03-17 05:00:00
20700,60 months,29.16,659.07,F,10+ years,RENT,19700.0,Not Verified,debt_consolidation,26.64,0,663,73.3,Charged Off,2026-03-02 23:00:00
11800,36 months,17.61,415.49,D,9 years,MORTGAGE,87000.0,Not Verified,other,19.1,0,676,34.3,Fully Paid,2026-03-28 18:00:00
16500,60 months,13.48,375.26,C,3 years,RENT,44944.0,Verified,small_business,21.46,0,687,27.67,Fully Paid,2026-03-12 23:00:00
9900,36 months,15.38,325.9,B,9 years,RENT,62833.0,Not Verified,car,30.57,1,734,59.13,Charged Off,2026-05-03 11:00:00
16700,60 months,13.57,359.53,B,2 years,RENT,16100.0,Not Verified,debt_consolidation,8.19,0,714,98.3,Fully Paid,2026-04-16 01:00:00
8000,36 months,17.2,264.57,B,7 years,MORTGAGE,72921.0,Source Verified,debt_consolidation,32.94,0,730,50.93,Fully Paid,2026-05-19 09:00:00
17800,60 months,11.93,360.32,A,3 years,MORTGAGE,73417.0,Verified,debt_consolidation,8.24,0,738,41.33,Fully Paid,2026-05-01 06:00:00
12700,36 months,10.16,390.17,A,3 years,MORTGAGE,27419.0,Verified,car,9.24,0,740,87.17,Fully Paid,2026-04-26 12:00:00
9300,36 months,11.83,295.0,B,5 years,RENT,28525.0,Not Verified,debt_consolidation,12.26,0,706,83.9,Fully Paid,2026-04-16 17:00:00
15800,36 months,7.5,491.48,A,10+ years,RENT,71000.0,Source Verified,credit_card,45.95,0,723,29.1,Fully Paid,2026-03-02 03:00:00
18100,60 months,15.17,432.21,D,10+ years,MORTGAGE,39700.0,Source Verified,debt_consolidation,8.24,0,686,43.4,Fully Paid,2026-03-04 03:00:00
15500,60 months,18.92,372.17,E,3 years,RENT,14692.0,Not Verified,other,21.58,1,689,84.57,Charged Off,2026-04-26 11:00:00
12800,36 months,12.9,430.67,B,,MORTGAGE,88300.0,Source Verified,debt_consolidation,17.16,0,715,35.7,Fully Paid,2026-03-05 15:00:00
10900,60 months,20.21,290.06,E,10+ years,MORTGAGE,25600.0,Source Verified,debt_consolidation,5.34,1,644,64.6,Fully Paid,2026-03-08 15:00:00
6700,36 months,10.87,215.78,B,10+ years,OWN,79638.0,Verified,debt_consolidation,16.91,0,698,29.73,Fully Paid,2026-03-19 13:00:00
21900,36 months,17.74,735.16,C,10+ years,RENT,97692.0,Verified,major_purchase,4.91,0,694,56.07,Fully Paid,2026-05-11 02:00:00
4800,36 months,9.18,147.51,A,8 years,MORTGAGE,131419.0,Verified,debt_consolidation,24.05,1,758,95.23,Fully Paid,2026-04-12 02:00:00
8700,36 months,19.49,303.68,D,4 years,MORTGAGE,58000.0,Verified,debt_consolidation,11.18,0,682,78.13,Charged Off,2026-05-02 08:00:00
4600,36 months,8.29,140.55,A,7 years,RENT,47025.0,Source Verified,debt_consolidation,6.8,0,745,75.87,Fully Paid,2026-04-04 00:00:00
40000,36 months,13.15,1331.44,C,3 years,RENT,83279.0,Not Verified,debt_consolidation,20.06,0,704,50.43,Fully Paid,2026-03-22 18:00:00
8000,36 months,9.01,247.05,A,< 1 year,RENT,48767.0,Source Verified,debt_consolidation,37.88,0,748,35.77,Fully Paid,2026-03-31 08:00:00
12100,36 months,12.02,399.12,B,10+ years,MORTGAGE,179383.0,Not Verified,credit_card,19.89,0,717,95.47,Fully Paid,2026-03-15 08:00:00
8400,36 months,18.51,287.13,C,10+ years,RENT,93519.0,Not Verified,credit_card,11.46,1,679,89.4,Fully Paid,2026-05-05 15:00:00
19700,36 months,15.72,680.21,D,10+ years,MORTGAGE,102254.0,Not Verified,debt_consolidation,20.92,0,698,66.13,Fully Paid,2026-03-22 19:00:00
24200,60 months,12.97,525.8,B,8 years,RENT,53442.0,Verified,credit_card,21.11,0,718,91.97,Fully Paid,2026-03-31 08:00:00
14300,36 months,19.44,488.32,D,10+ years,OTHER,78779.0,Verified,debt_consolidation,10.57,0,706,43.83,Fully Paid,2026-05-21 20:00:00
11300,60 months,16.71,258.33,C,10+ years,MORTGAGE,46210.0,Not Verified,debt_consolidation,18.33,1,692,50.17,Charged Off,2026-04-25 12:00:00
9100,36 months,12.91,295.39,B,2 years,MORTGAGE,39417.0,Source Verified,debt_consolidation,26.78,0,719,58.53,Fully Paid,2026-04-06 13:00:00
27300,36 months,14.88,905.19,C,4 years,MORTGAGE,110950.0,Verified,credit_card,18.96,0,726,33.8,Fully Paid,2026-04-13 11:00:00
15400,36 months,20.47,541.19,D,10+ years,MORTGAGE,54112.0,Verified,debt_consolidation,25.42,0,679,91.9,Fully Paid,2026-05-09 22:00:00
15900,36 months,11.41,512.38,B,5 years,MORTGAGE,56719.0,Source Verified,medical,30.58,0,718,58.4,Fully Paid,2026-03-23 10:00:00
40000,36 months,9.69,1220.32,A,2 years,MORTGAGE,119156.0,Not Verified,debt_consolidation,18.38,1,765,56.37,Fully Paid,2026-04-24 07:00:00
14600,60 months,18.19,333.62,D,4 years,MORTGAGE,34754.0,Verified,other,20.22,0,709,83.27,Fully Paid,2026-05-17 13:00:00
14500,36 months,10.3,449.71,A,1 year,RENT,41912.0,Not Verified,car,10.87,1,755,92.9,Fully Paid,2026-04-17 07:00:00
6600,60 months,8.24,126.8,A,4 years,MORTGAGE,47838.0,Not Verified,debt_consolidation,20.19,1,749,52.63,Fully Paid,2026-04-09 08:00:00
12500,36 months,15.86,435.52,D,10+ years,OWN,42104.0,Verified,small_business,8.31,2,682,62.07,Fully Paid,2026-03-11 22:00:00
17400,36 months,7.74,535.2,A,8 years,MORTGAGE,123338.0,Not Verified,credit_card,26.97,2,739,72.23,Fully Paid,2026-03-20 11:00:00
11300,36 months,31.95,458.0,F,10+ years,MORTGAGE,49025.0,Verified,car,10.92,0,655,65.63,Charged Off,2026-05-22 00:00:00
17100,36 months,30.06,698.66,F,,MORTGAGE,81288.0,Source Verified,credit_card,14.69,0,652,31.9,Charged Off,2026-04-16 12:00:00
23200,60 months,7.77,451.44,A,10+ years,RENT,66844.0,Not Verified,debt_consolidation,18.38,0,742,48.7,Fully Paid,2026-03-24 01:00:00
10900,60 months,8.92,212.86,B,10+ years,RENT,97825.0,Source Verified,debt_consolidation,14.01,0,772,62.13,Fully Paid,2026-04-10 15:00:00
9000,36 months,11.36,283.52,B,7 years,RENT,53900.0,Not Verified,debt_consolidation,22.18,1,712,40.2,Fully Paid,2026-04-18 04:00:00
7300,36 months,10.86,228.28,A,10+ years,RENT,61950.0,Source Verified,debt_consolidation,18.06,1,743,19.6,Fully Paid,2026-04-17 23:00:00
19200,36 months,15.49,633.05,B,1 year,MORTGAGE,74500.0,Verified,debt_consolidation,19.51,0,733,67.83,Fully Paid,2026-04-27 12:00:00
26300,36 months,13.37,871.9,C,2 years,MORTGAGE,82031.0,Not Verified,debt_consolidation,15.03,0,700,,Fully Paid,2026-03-27 22:00:00
9100,36 months,14.31,297.1,C,10+ years,RENT,40829.0,Not Verified,debt_consolidation,20.26,1,693,78.57,Fully Paid,2026-04-25 02:00:00
6100,36 months,23.02,228.32,E,1 year,RENT,35027.0,Not Verified,credit_card,24.9,0,673,26.13,Charged Off,2026-04-07 06:00:00
9700,36 months,21.14,339.3,D,3 years,OTHER,49642.0,Source Verified,debt_consolidation,17.34,0,697,68.73,Fully Paid,2026-05-23 22:00:00
15300,60 months,11.85,335.34,C,< 1 year,MORTGAGE,53952.0,Not Verified,debt_consolidation,15.16,0,707,20.37,Fully Paid,2026-03-12 16:00:00
10000,36 months,14.03,339.5,C,10+ years,RENT,84404.0,Source Verified,major_purchase,21.32,0,694,50.27,Fully Paid,2026-03-12 07:00:00
15100,36 months,9.7,467.63,A,10+ years,MORTGAGE,90658.0,Verified,other,8.57,0,729,33.83,Fully Paid,2026-04-11 01:00:00
6600,60 months,9.37,128.74,B,1 year,OWN,109550.0,Verified,debt_consolidation,46.28,0,746,79.4,Charged Off,2026-04-16 13:00:00
8200,36 months,14.04,264.74,C,10+ years,OWN,107917.0,Verified,credit_card,10.41,0,702,53.83,Fully Paid,2026-04-30 19:00:00
13500,36 months,17.55,471.63,D,7 years,RENT,67192.0,Not Verified,debt_consolidation,8.86,0,695,58.17,Fully Paid,2026-04-01 04:00:00
20400,36 months,11.82,628.22,B,10+ years,MORTGAGE,136483.0,Source Verified,major_purchase,9.04,0,745,85.97,Fully Paid,2026-05-17 11:00:00
5400,36 months,21.8,198.76,D,8 years,RENT,58050.0,Not Verified,small_business,19.09,0,697,47.63,Fully Paid,2026-04-12 18:00:00
16200,36 months,7.61,501.02,A,10+ years,MORTGAGE,55421.0,Not Verified,debt_consolidation,9.54,1,759,43.77,Fully Paid,2026-03-09 21:00:00
6900,36 months,18.17,248.31,D,1 year,RENT,88810.0,Not Verified,debt_consolidation,17.24,0,681,36.27,Charged Off,2026-03-14 03:00:00
10400,60 months,20.55,247.69,E,10+ years,MORTGAGE,17575.0,Not Verified,debt_consolidation,15.94,0,684,84.33,Fully Paid,2026-05-18 03:00:00
27500,60 months,12.16,607.01,B,10+ years,RENT,89888.0,Source Verified,credit_card,7.44,0,736,47.87,Fully Paid,2026-03-11 13:00:00
11700,36 months,18.7,395.35,C,,RENT,43629.0,Not Verified,debt_consolidation,17.51,1,710,39.03,Fully Paid,2026-05-24 18:00:00
11400,36 months,10.72,363.69,B,10+ years,RENT,328219.0,Not Verified,car,15.78,1,724,62.1,Fully Paid,2026-03-24 05:00:00
7200,36 months,13.16,241.42,D,5 years,MORTGAGE,81956.0,Verified,debt_consolidation,23.5,0,693,85.07,Charged Off,2026-03-11 15:00:00
8800,36 months,17.29,308.47,D,7 years,MORTGAGE,53156.0,Not Verified,small_business,16.77,1,688,39.8,Fully Paid,2026-03-24 12:00:00
17900,36 months,15.84,597.45,C,6 years,MORTGAGE,49712.0,Not Verified,debt_consolidation,18.79,0,712,48.97,Fully Paid,2026-04-25 02:00:00
14100,36 months,16.23,480.06,C,10+ years,MORTGAGE,68621.0,Source Verified,debt_consolidation,32.51,0,694,62.53,Fully Paid,2026-04-09 05:00:00
7700,36 months,14.7,249.18,C,7 years,MORTGAGE,32988.0,Not Verified,credit_card,40.06,1,717,73.4,Fully Paid,2026-05-08 03:00:00
18500,36 months,14.77,608.03,B,5 years,RENT,69188.0,Source Verified,debt_consolidation,25.9,0,713,46.57,Fully Paid,2026-04-26 14:00:00
11500,36 months,16.06,393.38,C,10+ years,RENT,27408.0,Not Verified,credit_card,25.87,0,680,68.77,Fully Paid,2026-04-02 15:00:00
19000,36 months,15.53,631.34,C,10+ years,RENT,85075.0,Source Verified,debt_consolidation,23.45,0,700,74.07,Charged Off,2026-04-25 03:00:00
13200,60 months,18.85,302.71,D,6 years,RENT,38233.0,Source Verified,small_business,17.42,0,687,94.53,Charged Off,2026-05-18 16:00:00
13500,36 months,9.76,421.55,A,< 1 year,RENT,49500.0,Source Verified,car,25.03,0,712,50.07,Fully Paid,2026-03-31 12:00:00
14000,36 months,14.53,478.69,C,7 years,RENT,47881.0,Verified,credit_card,20.62,0,694,29.77,Fully Paid,2026-03-15 15:00:00
25700,60 months,11.18,535.74,C,10+ years,MORTGAGE,58483.0,Source Verified,other,16.7,0,703,44.67,Fully Paid,2026-04-05 00:00:00
24300,36 months,17.53,813.27,C,10+ years,MORTGAGE,79088.0,Not Verified,credit_card,12.56,0,710,77.87,Fully Paid,2026-05-15 14:00:00
20700,60 months,9.86,428.29,B,2 years,RENT,82992.0,Not Verified,debt_consolidation,6.25,1,715,40.23,Fully Paid,2026-03-18 15:00:00
12500,36 months,13.28,390.44,B,7 years,MORTGAGE,31142.0,Source Verified,debt_consolidation,25.79,1,753,39.33,Fully Paid,2026-05-19 09:00:00
13500,36 months,14.89,444.47,C,10+ years,MORTGAGE,26394.0,Not Verified,debt_consolidation,17.1,0,706,78.77,Fully Paid,2026-04-25 23:00:00
21400,36 months,12.93,684.81,B,2 years,MORTGAGE,29212.0,Source Verified,debt_consolidation,16.73,0,720,80.07,Fully Paid,2026-04-25 11:00:00
23500,36 months,9.37,735.0,A,< 1 year,MORTGAGE,102562.0,Verified,credit_card,21.03,0,743,73.0,Fully Paid,2026-03-24 16:00:00
22300,36 months,21.24,781.14,E,5 years,RENT,24744.0,Verified,debt_consolidation,24.76,2,684,80.73,Fully Paid,2026-05-22 03:00:00
27100,36 months,12.98,912.85,C,10+ years,MORTGAGE,56000.0,Source Verified,credit_card,24.98,1,695,36.8,Fully Paid,2026-03-06 07:00:00
9300,36 months,21.66,346.38,E,5 years,MORTGAGE,140250.0,Not Verified,debt_consolidation,3.52,0,683,92.2,Fully Paid,2026-03-26 08:00:00
6000,36 months,15.75,202.89,D,1 year,MORTGAGE,73727.0,Source Verified,small_business,17.58,0,694,32.13,Fully Paid,2026-04-12 11:00:00
8600,36 months,11.17,272.16,A,10+ years,OWN,145931.0,Not Verified,car,21.41,0,757,72.73,Fully Paid,2026-04-06 20:00:00
8900,36 months,14.55,295.82,D,4 years,RENT,64052.0,Source Verified,medical,14.3,1,718,62.43,Fully Paid,2026-04-07 19:00:00
30200,36 months,10.49,974.33,B,10+ years,MORTGAGE,40048.0,Source Verified,debt_consolidation,14.62,0,707,46.17,Fully Paid,2026-03-09 15:00:00
28700,36 months,20.58,1060.46,E,< 1 year,RENT,48779.0,Source Verified,home_improvement,26.01,1,662,94.63,Fully Paid,2026-03-20 20:00:00
12900,36 months,14.99,443.97,C,8 years,OWN,128760.0,Not Verified,car,9.37,0,695,62.97,Fully Paid,2026-03-13 12:00:00
11700,36 months,20.44,419.7,E,4 years,OWN,92312.0,Source Verified,debt_consolidation,18.64,1,695,30.1,Fully Paid,2026-04-19 21:00:00
10400,36 months,9.32,322.65,A,7 years,RENT,97167.0,Source Verified,debt_consolidation,30.9,0,753,87.17,Fully Paid,2026-04-02 19:00:00
17900,36 months,19.47,633.47,D,3 years,MORTGAGE,91088.0,Source Verified,credit_card,9.43,0,701,79.8,Fully Paid,2026-04-14 01:00:00
6500,36 months,17.38,221.78,D,10+ years,MORTGAGE,136496.0,Not Verified,credit_card,14.78,1,709,78.67,Fully Paid,2026-04-23 03:00:00
10000,36 months,14.59,325.45,B,9 years,MORTGAGE,24833.0,Not Verified,credit_card,17.34,0,710,95.33,Charged Off,2026-04-27 14:00:00
12200,36 months,10.16,377.59,A,4 years,MORTGAGE,88112.0,Source Verified,other,18.85,0,763,62.8,Fully Paid,2026-04-17 16:00:00
16200,36 months,13.39,521.89,C,10+ years,MORTGAGE,55777.0,Not Verified,other,19.41,0,719,62.87,Fully Paid,2026-04-24 17:00:00
25400,36 months,15.77,846.92,B,5 years,MORTGAGE,43562.0,Verified,debt_consolidation,17.35,0,706,55.87,Fully Paid,2026-04-26 00:00:00
12600,36 months,20.35,448.28,E,8 years,OWN,39548.0,Verified,debt_consolidation,13.64,0,662,56.47,Fully Paid,2026-04-22 09:00:00
10100,60 months,11.47,204.65,B,10+ years,RENT,33227.0,Not Verified,debt_consolidation,32.82,2,741,70.97,Charged Off,2026-04-22 04:00:00
20000,36 months,16.59,694.19,D,10+ years,RENT,53531.0,Source Verified,debt_consolidation,29.97,0,679,20.3,Fully Paid,2026-03-23 11:00:00
13900,36 months,19.83,508.32,D,2 years,OWN,39388.0,Source Verified,debt_consolidation,11.69,1,679,24.73,Charged Off,2026-03-18 21:00:00
18400,36 months,20.94,650.89,C,10+ years,MORTGAGE,105950.0,Source Verified,debt_consolidation,20.51,0,694,36.6,Fully Paid,2026-05-07 07:00:00
6200,36 months,9.11,191.75,A,1 year,MORTGAGE,170500.0,Not Verified,debt_consolidation,9.91,0,743,80.87,Fully Paid,2026-04-04 06:00:00
24500,60 months,15.8,554.95,C,,MORTGAGE,73850.0,Not Verified,debt_consolidation,4.67,0,712,89.5,Fully Paid,2026-04-18 06:00:00
23100,60 months,31.0,747.36,G,4 years,RENT,102638.0,Verified,debt_consolidation,14.48,0,642,73.93,Fully Paid,2026-03-16 23:00:00
5800,36 months,12.28,186.55,B,10+ years,RENT,83312.0,Not Verified,credit_card,18.55,0,723,57.93,Fully Paid,2026-04-07 23:00:00
25200,36 months,12.75,810.18,C,2 years,RENT,60200.0,Not Verified,credit_card,19.48,0,703,56.4,Fully Paid,2026-04-16 13:00:00
13300,36 months,14.19,433.48,C,3 years,RENT,32373.0,Not Verified,credit_card,13.24,2,707,51.77,Fully Paid,2026-04-22 08:00:00
13700,36 months,16.69,466.17,C,9 years,MORTGAGE,144638.0,Not Verified,car,15.51,0,708,106.7,Fully Paid,2026-04-13 04:00:00
7900,36 months,13.44,260.29,B,8 years,MORTGAGE,32908.0,Verified,debt_consolidation,10.73,0,724,59.57,Fully Paid,2026-04-04 22:00:00
13400,36 months,19.33,456.87,D,2 years,MORTGAGE,50644.0,Verified,debt_consolidation,30.33,1,704,103.23,Fully Paid,2026-05-23 02:00:00
10600,60 months,17.93,251.78,D,9 years,MORTGAGE,66500.0,Verified,debt_consolidation,13.74,0,677,60.7,Charged Off,2026-04-16 15:00:00
11200,36 months,19.88,390.34,D,10+ years,OTHER,39650.0,Not Verified,debt_consolidation,10.42,0,691,70.3,Fully Paid,2026-05-06 05:00:00
5400,60 months,15.46,118.65,B,2 years,RENT,16750.0,Not Verified,debt_consolidation,8.99,1,723,47.53,Fully Paid,2026-05-02 21:00:00
16700,36 months,19.78,593.57,D,< 1 year,RENT,82862.0,Source Verified,debt_consolidation,4.78,1,695,48.1,Fully Paid,2026-04-13 05:00:00
11100,36 months,15.91,362.93,C,8 years,RENT,97771.0,Source Verified,home_improvement,23.18,0,722,72.27,Fully Paid,2026-05-14 02:00:00
9600,36 months,18.53,347.21,D,4 years,MORTGAGE,147267.0,Not Verified,home_improvement,25.76,1,683,71.67,Fully Paid,2026-03-14 14:00:00
24400,36 months,13.17,760.9,B,5 years,RENT,16419.0,Source Verified,debt_consolidation,9.69,0,751,52.83,Fully Paid,2026-05-24 16:00:00
12400,60 months,17.2,277.09,B,10+ years,RENT,30321.0,Verified,credit_card,5.3,1,724,72.27,Fully Paid,2026-05-12 18:00:00
18400,36 months,13.19,595.36,C,6 years,MORTGAGE,53900.0,Not Verified,home_improvement,19.03,2,709,92.8,Fully Paid,2026-04-17 13:00:00
7800,60 months,17.71,180.32,E,10+ years,OWN,30500.0,Not Verified,home_improvement,7.29,1,710,50.53,Fully Paid,2026-04-28 07:00:00
31000,36 months,14.18,1017.54,B,4 years,MORTGAGE,75688.0,Verified,debt_consolidation,17.94,1,721,41.6,Fully Paid,2026-04-13 19:00:00
10800,60 months,27.14,321.06,F,4 years,RENT,50344.0,Verified,debt_consolidation,18.01,0,650,40.5,Fully Paid,2026-03-25 11:00:00
8100,36 months,24.02,299.05,E,,MORTGAGE,119356.0,Verified,credit_card,13.94,0,671,62.7,Charged Off,2026-05-10 04:00:00
21700,60 months,15.82,514.19,C,2 years,MORTGAGE,92000.0,Not Verified,debt_consolidation,19.45,0,693,23.13,Charged Off,2026-03-20 19:00:00
6100,36 months,11.9,197.98,C,4 years,MORTGAGE,98531.0,Not Verified,debt_consolidation,12.29,0,720,32.8,Fully Paid,2026-03-26 10:00:00
13900,60 months,12.71,293.35,B,2 years,MORTGAGE,33425.0,Verified,medical,18.93,1,732,77.6,Fully Paid,2026-04-14 23:00:00
11300,36 months,19.12,386.87,D,10+ years,OWN,109250.0,Not Verified,credit_card,9.06,2,692,71.07,Fully Paid,2026-05-11 23:00:00
22000,36 months,17.22,765.01,D,2 years,MORTGAGE,63433.0,Not Verified,credit_card,24.97,0,705,80.37,Fully Paid,2026-03-31 21:00:00
14200,36 months,13.09,462.14,B,6 years,OWN,136794.0,Source Verified,car,16.11,0,722,47.63,Fully Paid,2026-04-07 01:00:00
22700,36 months,10.82,741.24,B,7 years,OWN,79900.0,Not Verified,debt_consolidation,10.3,0,737,62.8,Fully Paid,2026-03-03 07:00:00
15700,36 months,20.76,585.55,E,10+ years,MORTGAGE,94196.0,Not Verified,debt_consolidation,10.92,0,652,59.47,Fully Paid,2026-03-13 19:00:00
32700,36 months,5.84,992.43,A,9 years,MORTGAGE,57500.0,Not Verified,debt_consolidation,32.81,0,744,58.7,Fully Paid,2026-03-02 22:00:00
13900,36 months,14.46,478.18,C,< 1 year,MORTGAGE,94500.0,Verified,debt_consolidation,20.17,0,670,41.3,Fully Paid,2026-03-02 07:00:00
14900,36 months,17.41,497.82,D,10+ years,RENT,36496.0,Verified,home_improvement,25.56,0,723,63.27,Fully Paid,2026-05-14 19:00:00
14900,36 months,20.64,521.2,C,5 years,RENT,79088.0,Verified,credit_card,14.15,0,711,88.77,Fully Paid,2026-05-13 00:00:00
14700,36 months,17.99,498.78,C,10+ years,RENT,16331.0,Verified,debt_consolidation,12.03,0,722,98.1,Fully Paid,2026-05-07 04:00:00
27900,36 months,14.99,967.03,D,9 years,MORTGAGE,35100.0,Verified,debt_consolidation,19.36,0,677,64.5,Fully Paid,2026-03-02 23:00:00
7600,36 months,7.31,235.74,A,10+ years,MORTGAGE,28100.0,Not Verified,debt_consolidation,26.77,0,753,44.3,Fully Paid,2026-03-03 11:00:00
18200,36 months,15.74,624.16,C,10+ years,MORTGAGE,99375.0,Source Verified,other,14.33,1,691,54.0,Fully Paid,2026-03-26 02:00:00
18600,60 months,13.85,403.02,B,8 years,MORTGAGE,71488.0,Not Verified,debt_consolidation,11.06,0,729,90.2,Fully Paid,2026-04-17 19:00:00
7900,36 months,10.09,247.89,B,5 years,MORTGAGE,73150.0,Source Verified,debt_consolidation,22.23,0,726,39.77,Fully Paid,2026-04-01 21:00:00
18200,36 months,11.47,578.5,B,4 years,MORTGAGE,30996.0,Not Verified,debt_consolidation,18.64,0,709,42.73,Fully Paid,2026-04-09 19:00:00
27200,36 months,20.29,1001.04,E,10+ years,RENT,54146.0,Not Verified,credit_card,21.21,0,659,66.33,Fully Paid,2026-03-19 15:00:00
10600,60 months,10.79,208.84,A,10+ years,MORTGAGE,34667.0,Source Verified,debt_consolidation,25.69,1,750,72.73,Fully Paid,2026-04-28 21:00:00
19600,36 months,19.73,710.85,D,10+ years,RENT,108844.0,Not Verified,debt_consolidation,15.89,0,697,90.1,Fully Paid,2026-03-24 22:00:00
9500,60 months,21.9,261.84,E,10+ years,MORTGAGE,46500.0,Not Verified,debt_consolidation,15.7,0,666,88.8,Fully Paid,2026-03-04 23:00:00
17300,36 months,25.81,659.0,E,8 years,RENT,33667.0,Not Verified,debt_consolidation,8.42,0,682,36.33,Charged Off,2026-04-27 05:00:00
9600,36 months,20.41,334.72,E,< 1 year,MORTGAGE,80117.0,Verified,debt_consolidation,6.75,0,679,54.77,Fully Paid,2026-05-15 19:00:00
17500,60 months,10.51,376.23,B,10+ years,RENT,93600.0,Not Verified,other,34.83,0,698,48.6,Charged Off,2026-03-06 07:00:00
7500,36 months,15.13,251.37,C,2 years,RENT,31892.0,Not Verified,debt_consolidation,12.53,0,685,72.43,Fully Paid,2026-04-08 03:00:00
40000,36 months,16.0,1319.04,C,6 years,MORTGAGE,59312.0,Not Verified,credit_card,18.43,0,703,74.5,Fully Paid,2026-05-06 14:00:00
11500,60 months,16.5,258.73,C,10+ years,RENT,31917.0,Not Verified,debt_consolidation,31.02,0,725,,Fully Paid,2026-04-29 07:00:00
12300,60 months,35.0,397.95,G,7 years,MORTGAGE,54467.0,Verified,credit_card,9.82,0,630,77.57,Charged Off,2026-05-15 13:00:00
3500,60 months,16.39,82.15,D,10+ years,RENT,49408.0,Verified,debt_consolidation,12.09,2,695,82.77,Fully Paid,2026-04-04 07:00:00
11000,36 months,10.99,349.75,B,3 years,MORTGAGE,41433.0,Not Verified,debt_consolidation,15.62,0,704,33.37,Fully Paid,2026-03-30 18:00:00
9000,36 months,17.01,303.29,C,6 years,OTHER,77583.0,Not Verified,medical,15.75,1,695,81.23,Fully Paid,2026-04-29 21:00:00
12500,36 months,15.05,430.57,C,10+ years,RENT,58065.0,Source Verified,credit_card,9.29,0,699,64.47,Fully Paid,2026-03-09 02:00:00
10800,36 months,16.64,377.78,D,10+ years,OWN,88358.0,Source Verified,credit_card,23.55,0,681,13.63,Charged Off,2026-03-19 03:00:00
25700,36 months,10.17,789.67,B,7 years,MORTGAGE,57571.0,Not Verified,debt_consolidation,19.23,0,744,69.27,Fully Paid,2026-04-21 17:00:00
17300,36 months,11.65,539.33,A,,OTHER,30750.0,Verified,credit_card,13.73,0,772,84.63,Fully Paid,2026-04-29 08:00:00
22000,36 months,20.17,813.9,D,6 years,RENT,138552.0,Source Verified,debt_consolidation,12.55,0,700,76.97,Fully Paid,2026-03-12 04:00:00
13000,36 months,23.36,485.51,D,10+ years,RENT,48388.0,Not Verified,debt_consolidation,15.38,0,688,78.4,Fully Paid,2026-04-15 06:00:00
2600,60 months,15.26,59.5,C,5 years,RENT,64992.0,Not Verified,home_improvement,7.72,1,708,,Fully Paid,2026-04-01 18:00:00
17800,36 months,9.61,546.44,A,10+ years,RENT,63088.0,Source Verified,home_improvement,13.86,0,747,39.0,Fully Paid,2026-04-18 08:00:00
9400,36 months,16.05,305.74,C,2 years,MORTGAGE,25669.0,Source Verified,debt_consolidation,8.26,0,712,80.13,Fully Paid,2026-05-23 16:00:00
19500,36 months,6.99,602.01,A,2 years,MORTGAGE,41900.0,Not Verified,credit_card,11.41,0,759,49.3,Fully Paid,2026-03-02 00:00:00
16200,36 months,18.4,545.06,C,10+ years,MORTGAGE,50875.0,Verified,debt_consolidation,5.54,0,705,65.63,Fully Paid,2026-05-20 15:00:00
12400,36 months,19.6,442.71,D,1 year,RENT,31444.0,Not Verified,debt_consolidation,9.4,0,686,65.33,Fully Paid,2026-04-11 22:00:00
13100,36 months,15.61,429.56,B,10+ years,RENT,70444.0,Verified,medical,21.55,1,713,48.4,Fully Paid,2026-05-07 17:00:00
15700,36 months,16.53,536.82,C,10+ years,MORTGAGE,164385.0,Verified,debt_consolidation,24.58,0,715,,Fully Paid,2026-04-07 10:00:00
9600,36 months,8.24,295.28,A,10+ years,MORTGAGE,88688.0,Source Verified,debt_consolidation,17.04,0,756,60.3,Fully Paid,2026-03-27 03:00:00
10500,36 months,14.51,338.85,B,5 years,RENT,27706.0,Verified,credit_card,13.35,0,709,77.1,Fully Paid,2026-05-05 00:00:00
22200,36 months,22.21,804.92,D,10+ years,MORTGAGE,58667.0,Not Verified,credit_card,23.89,0,689,83.63,Charged Off,2026-04-27 03:00:00
10400,36 months,13.12,348.52,C,4 years,RENT,54442.0,Not Verified,credit_card,10.7,0,699,69.37,Fully Paid,2026-03-13 10:00:00
40000,60 months,23.47,1047.99,E,10+ years,MORTGAGE,144750.0,Not Verified,debt_consolidation,16.96,0,673,48.13,Charged Off,2026-04-30 14:00:00
21400,36 months,20.48,752.15,E,10+ years,OWN,25512.0,Not Verified,credit_card,4.7,0,706,58.9,Fully Paid,2026-05-09 07:00:00
13200,36 months,12.67,430.09,B,10+ years,RENT,60317.0,Verified,major_purchase,13.9,0,694,31.37,Fully Paid,2026-04-01 09:00:00
40000,36 months,28.44,1547.14,F,6 years,RENT,46944.0,Not Verified,debt_consolidation,8.12,1,674,63.73,Charged Off,2026-05-23 23:00:00
6700,60 months,15.21,148.06,B,< 1 year,MORTGAGE,95923.0,Verified,credit_card,7.14,2,696,50.97,Fully Paid,2026-04-22 22:00:00
29300,60 months,16.39,687.7,C,4 years,RENT,65633.0,Verified,debt_consolidation,18.28,0,717,41.67,Fully Paid,2026-04-04 03:00:00
21700,36 months,6.89,668.94,A,9 years,RENT,65100.0,Not Verified,small_business,9.49,0,751,75.9,Fully Paid,2026-03-02 16:00:00
17700,60 months,14.93,384.22,B,10+ years,RENT,43917.0,Not Verified,debt_consolidation,17.22,0,691,50.53,Fully Paid,2026-04-27 16:00:00
20500,36 months,17.92,730.06,D,1 year,RENT,150267.0,Not Verified,small_business,28.15,1,688,69.83,Fully Paid,2026-03-21 11:00:00
11200,60 months,19.8,268.21,C,6 years,RENT,63375.0,Not Verified,car,8.46,1,696,45.9,Fully Paid,2026-05-09 20:00:00
32300,36 months,9.86,995.26,B,10+ years,MORTGAGE,28350.0,Source Verified,debt_consolidation,21.51,1,739,80.9,Fully Paid,2026-04-19 14:00:00
25700,60 months,13.8,562.63,C,10+ years,MORTGAGE,125685.0,Source Verified,debt_consolidation,19.9,1,716,55.63,Fully Paid,2026-04-08 06:00:00
6300,36 months,12.78,210.09,C,7 years,RENT,63744.0,Source Verified,debt_consolidation,19.27,0,687,10.47,Fully Paid,2026-03-09 03:00:00
13700,60 months,15.9,304.06,C,10+ years,MORTGAGE,52667.0,Not Verified,home_improvement,29.02,0,698,35.13,Fully Paid,2026-05-03 20:00:00
11700,36 months,18.19,421.17,E,2 years,RENT,51896.0,Verified,other,11.07,0,700,60.97,Charged Off,2026-03-13 05:00:00
22200,36 months,19.94,796.36,F,1 year,RENT,93346.0,Source Verified,credit_card,24.85,0,665,62.03,Fully Paid,2026-04-07 17:00:00
11100,60 months,12.47,222.26,A,8 years,RENT,49479.0,Source Verified,debt_consolidation,13.72,1,729,87.97,Charged Off,2026-05-16 08:00:00
14600,60 months,15.78,312.22,C,2 years,MORTGAGE,45325.0,Source Verified,small_business,9.21,0,715,69.83,Fully Paid,2026-05-24 07:00:00
5800,36 months,22.64,207.19,E,4 years,RENT,82402.0,Not Verified,debt_consolidation,12.22,0,698,66.23,Fully Paid,2026-05-19 23:00:00
17800,36 months,15.14,571.35,B,10+ years,MORTGAGE,37771.0,Verified,credit_card,13.9,0,711,86.83,Charged Off,2026-05-23 09:00:00
6900,60 months,17.97,164.04,C,2 years,RENT,16188.0,Source Verified,debt_consolidation,39.63,0,704,75.2,Fully Paid,2026-04-18 12:00:00
5200,36 months,11.63,169.33,B,< 1 year,MORTGAGE,19454.0,Source Verified,credit_card,31.53,0,697,74.13,Fully Paid,2026-03-19 12:00:00
8200,60 months,22.2,204.67,D,6 years,MORTGAGE,34675.0,Not Verified,credit_card,8.83,0,676,90.37,Fully Paid,2026-05-15 10:00:00
7300,36 months,14.41,235.24,B,4 years,RENT,44200.0,Not Verified,credit_card,10.86,0,704,39.4,Fully Paid,2026-05-05 21:00:00
14400,36 months,15.2,462.62,B,5 years,RENT,100671.0,Not Verified,debt_consolidation,9.74,0,717,63.93,Fully Paid,2026-05-24 12:00:00
4700,36 months,12.38,149.2,C,6 years,RENT,69188.0,Not Verified,debt_consolidation,11.78,0,717,94.07,Fully Paid,2026-04-26 21:00:00
8900,36 months,15.78,309.74,D,10+ years,RENT,95860.0,Source Verified,credit_card,14.47,0,698,23.47,Fully Paid,2026-03-15 20:00:00
21000,60 months,20.54,528.02,E,3 years,MORTGAGE,65100.0,Not Verified,medical,8.55,1,678,41.8,Charged Off,2026-04-18 03:00:00
6100,36 months,15.26,204.83,B,3 years,RENT,75071.0,Not Verified,credit_card,14.89,0,722,69.13,Fully Paid,2026-04-06 07:00:00
21800,36 months,11.97,672.82,A,3 years,OWN,26283.0,Source Verified,debt_consolidation,30.3,1,762,97.17,Fully Paid,2026-05-13 13:00:00
25600,36 months,19.05,913.35,D,6 years,RENT,108808.0,Source Verified,debt_consolidation,12.43,0,678,64.87,Fully Paid,2026-04-02 02:00:00
3800,60 months,9.59,77.21,A,3 years,MORTGAGE,69656.0,Not Verified,debt_consolidation,32.51,0,761,56.3,Fully Paid,2026-03-29 17:00:00
6300,36 months,13.28,213.12,C,10+ years,MORTGAGE,74000.0,Not Verified,major_purchase,8.12,0,668,52.2,Fully Paid,2026-03-05 19:00:00
16500,36 months,16.6,544.89,B,7 years,MORTGAGE,47342.0,Source Verified,debt_consolidation,34.79,0,728,41.97,Charged Off,2026-05-14 18:00:00
28300,60 months,12.73,576.94,A,9 years,MORTGAGE,81331.0,Not Verified,debt_consolidation,25.07,0,735,,Fully Paid,2026-05-05 00:00:00
20600,36 months,10.62,670.72,B,2 years,OWN,42900.0,Not Verified,credit_card,11.83,1,720,45.6,Fully Paid,2026-03-07 13:00:00
21200,36 months,31.04,883.1,G,10+ years,RENT,71756.0,Verified,credit_card,12.1,1,640,,Charged Off,2026-04-08 08:00:00
33300,36 months,20.2,1198.87,D,10+ years,RENT,45240.0,Not Verified,credit_card,21.15,1,698,76.43,Charged Off,2026-04-06 15:00:00
5400,60 months,19.76,134.96,D,10+ years,RENT,135360.0,Verified,debt_consolidation,11.47,0,703,71.53,Fully Paid,2026-04-12 21:00:00
20200,36 months,24.37,739.12,D,,MORTGAGE,55192.0,Not Verified,debt_consolidation,19.6,1,705,31.23,Fully Paid,2026-05-19 07:00:00
13000,36 months,15.19,448.68,C,< 1 year,RENT,98210.0,Not Verified,debt_consolidation,16.58,0,699,57.07,Fully Paid,2026-03-09 02:00:00
10400,36 months,19.39,375.41,D,7 years,RENT,66375.0,Not Verified,debt_consolidation,12.91,1,687,60.9,Fully Paid,2026-03-23 13:00:00
12000,36 months,8.19,371.57,A,10+ years,MORTGAGE,48971.0,Verified,debt_consolidation,11.64,0,750,74.33,Fully Paid,2026-03-19 04:00:00
14000,36 months,15.38,481.07,C,< 1 year,RENT,57883.0,Verified,home_improvement,20.28,0,705,18.23,Fully Paid,2026-03-16 17:00:00
13500,36 months,17.85,453.89,C,10+ years,MORTGAGE,31429.0,Source Verified,debt_consolidation,7.13,1,695,56.77,Fully Paid,2026-05-16 21:00:00
9800,36 months,11.26,297.07,A,3 years,RENT,19888.0,Not Verified,debt_consolidation,24.98,0,748,41.63,Fully Paid,2026-05-21 14:00:00
3700,36 months,11.93,122.77,C,6 years,RENT,69500.0,Not Verified,credit_card,11.63,1,715,62.6,Fully Paid,2026-03-04 06:00:00
27500,36 months,16.42,925.52,C,1 year,RENT,75850.0,Verified,debt_consolidation,25.62,0,717,77.97,Charged Off,2026-04-20 00:00:00
8400,36 months,18.31,300.78,D,,MORTGAGE,68425.0,Source Verified,credit_card,34.4,0,675,41.23,Charged Off,2026-03-19 08:00:00
18700,36 months,18.64,672.68,D,8 years,MORTGAGE,95162.0,Not Verified,debt_consolidation,15.4,0,682,47.73,Charged Off,2026-03-17 01:00:00
37700,60 months,11.18,795.09,B,10+ years,RENT,67688.0,Verified,small_business,22.27,0,748,47.0,Fully Paid,2026-03-29 20:00:00
3500,36 months,7.54,107.34,A,5 years,RENT,27888.0,Source Verified,debt_consolidation,27.65,1,759,32.43,Fully Paid,2026-03-18 00:00:00
25400,36 months,16.66,870.09,C,< 1 year,OWN,118250.0,Not Verified,credit_card,37.11,0,705,32.03,Charged Off,2026-04-09 07:00:00
12300,36 months,15.23,395.33,B,10+ years,RENT,91575.0,Source Verified,home_improvement,16.92,0,714,24.23,Fully Paid,2026-05-18 03:00:00
6500,36 months,14.68,213.36,B,5 years,MORTGAGE,37327.0,Not Verified,car,16.04,0,701,103.57,Fully Paid,2026-04-20 21:00:00
15600,60 months,19.96,379.03,D,10+ years,MORTGAGE,90833.0,Source Verified,home_improvement,22.25,1,699,40.13,Fully Paid,2026-04-28 10:00:00
25900,60 months,17.2,612.09,C,7 years,RENT,82865.0,Not Verified,debt_consolidation,16.99,0,692,82.13,Charged Off,2026-04-06 08:00:00
12500,60 months,15.45,300.33,D,2 years,MORTGAGE,93700.0,Not Verified,credit_card,26.35,0,689,24.4,Fully Paid,2026-03-07 01:00:00
7700,36 months,10.8,249.54,B,6 years,MORTGAGE,22912.0,Source Verified,home_improvement,24.57,1,702,43.27,Fully Paid,2026-03-15 14:00:00
13400,36 months,17.05,468.13,D,2 years,MORTGAGE,125531.0,Not Verified,debt_consolidation,25.21,0,674,71.9,Fully Paid,2026-03-29 21:00:00
13900,36 months,14.09,468.95,D,6 years,MORTGAGE,44658.0,Not Verified,debt_consolidation,19.63,0,675,59.53,Fully Paid,2026-03-17 20:00:00
23900,60 months,19.04,556.61,C,1 year,RENT,26838.0,Not Verified,credit_card,10.28,1,709,31.27,Fully Paid,2026-05-16 12:00:00
13300,36 months,12.26,412.25,B,4 years,MORTGAGE,50192.0,Not Verified,debt_consolidation,28.43,0,759,65.37,Fully Paid,2026-05-14 12:00:00
5600,36 months,16.6,184.93,C,10+ years,MORTGAGE,99117.0,Verified,other,11.95,2,698,92.97,Fully Paid,2026-05-11 07:00:00
11700,60 months,8.56,221.12,A,10+ years,MORTGAGE,77046.0,Source Verified,debt_consolidation,13.51,1,741,55.07,Fully Paid,2026-04-20 15:00:00
4800,36 months,9.44,146.98,A,9 years,RENT,94938.0,Source Verified,debt_consolidation,11.87,1,740,91.6,Fully Paid,2026-04-16 20:00:00
11200,36 months,10.83,347.52,A,8 years,MORTGAGE,123171.0,Verified,credit_card,18.14,1,715,63.37,Fully Paid,2026-04-22 23:00:00
14200,36 months,11.31,453.61,B,< 1 year,OWN,48400.0,Not Verified,debt_consolidation,22.73,0,696,67.07,Fully Paid,2026-03-30 01:00:00
23700,36 months,12.54,748.59,A,10+ years,OTHER,67500.0,Not Verified,major_purchase,27.83,2,753,32.53,Fully Paid,2026-05-03 12:00:00
17900,36 months,14.12,574.39,B,< 1 year,RENT,103350.0,Not Verified,credit_card,18.7,1,711,37.6,Fully Paid,2026-05-09 02:00:00
6900,60 months,15.91,151.44,B,< 1 year,RENT,36969.0,Not Verified,debt_consolidation,23.2,0,727,75.6,Fully Paid,2026-05-07 12:00:00
9500,36 months,13.42,306.18,B,1 year,MORTGAGE,33483.0,Not Verified,debt_consolidation,17.14,1,704,57.47,Fully Paid,2026-04-26 21:00:00
14200,36 months,5.97,431.8,A,2 years,MORTGAGE,61100.0,Not Verified,home_improvement,22.22,0,751,33.9,Fully Paid,2026-03-08 19:00:00
16600,60 months,18.87,393.78,D,10+ years,RENT,18583.0,Verified,debt_consolidation,5.87,0,714,89.73,Fully Paid,2026-05-03 19:00:00
12900,60 months,12.2,275.36,B,10+ years,MORTGAGE,51517.0,Not Verified,home_improvement,14.2,1,695,33.77,Fully Paid,2026-03-31 19:00:00
16000,60 months,16.27,358.1,C,6 years,MORTGAGE,33417.0,Not Verified,credit_card,5.42,1,706,55.33,Fully Paid,2026-05-03 03:00:00
35000,36 months,13.55,1138.41,B,5 years,RENT,77788.0,Verified,debt_consolidation,11.91,0,700,79.3,Fully Paid,2026-04-16 12:00:00
9200,36 months,18.79,313.5,D,< 1 year,MORTGAGE,52092.0,Verified,debt_consolidation,8.05,0,706,80.67,Fully Paid,2026-05-16 01:00:00
11200,36 months,11.87,360.71,B,5 years,MORTGAGE,26400.0,Not Verified,credit_card,26.6,0,731,74.37,Fully Paid,2026-04-05 00:00:00
6500,60 months,15.4,137.79,C,10+ years,RENT,42242.0,Verified,debt_consolidation,10.26,0,705,79.93,Fully Paid,2026-05-19 03:00:00
9600,60 months,11.54,188.01,B,10+ years,RENT,43462.0,Not Verified,debt_consolidation,13.71,0,745,52.97,Charged Off,2026-05-14 03:00:00
18200,36 months,18.85,652.05,E,10+ years,RENT,38062.0,Source Verified,credit_card,16.11,2,641,79.4,Charged Off,2026-03-23 21:00:00
9000,60 months,15.99,207.04,C,10+ years,MORTGAGE,47748.0,Verified,credit_card,7.99,0,706,71.03,Fully Paid,2026-04-07 22:00:00
4700,36 months,17.72,162.28,D,9 years,RENT,41300.0,Source Verified,car,7.62,1,692,59.9,Fully Paid,2026-04-15 21:00:00
22000,36 months,11.91,683.43,A,8 years,MORTGAGE,59394.0,Source Verified,debt_consolidation,24.11,0,727,67.4,Fully Paid,2026-05-09 23:00:00
8600,36 months,28.76,340.84,G,5 years,MORTGAGE,87000.0,Verified,debt_consolidation,16.79,2,675,54.63,Charged Off,2026-05-03 00:00:00
7700,60 months,14.95,163.41,C,10+ years,RENT,34517.0,Source Verified,debt_consolidation,25.85,0,738,99.07,Fully Paid,2026-05-13 17:00:00
11700,60 months,12.93,253.98,B,1 year,RENT,53717.0,Source Verified,credit_card,11.0,0,710,20.47,Fully Paid,2026-04-01 07:00:00
4200,36 months,17.06,143.67,C,1 year,RENT,64138.0,Source Verified,credit_card,10.45,0,695,41.8,Fully Paid,2026-04-16 17:00:00
8200,36 months,10.61,257.37,A,6 years,RENT,31892.0,Source Verified,credit_card,5.43,0,752,26.63,Fully Paid,2026-04-12 09:00:00
10200,36 months,12.91,319.21,A,4 years,MORTGAGE,24779.0,Verified,other,11.3,0,719,104.37,Fully Paid,2026-05-17 20:00:00
28500,36 months,19.21,1026.2,D,5 years,OWN,76875.0,Source Verified,major_purchase,30.78,0,691,71.3,Fully Paid,2026-03-24 14:00:00
9700,36 months,15.47,322.04,D,2 years,RENT,46210.0,Not Verified,debt_consolidation,18.34,0,696,91.87,Charged Off,2026-04-21 07:00:00
7300,36 months,14.62,249.92,C,3 years,RENT,71675.0,Not Verified,home_improvement,20.96,1,696,68.47,Fully Paid,2026-03-13 22:00:00
7200,60 months,13.73,148.52,B,10+ years,RENT,156354.0,Verified,debt_consolidation,26.68,0,742,30.57,Fully Paid,2026-05-13 02:00:00
12000,60 months,18.84,297.2,D,9 years,MORTGAGE,44825.0,Not Verified,debt_consolidation,8.96,1,682,53.47,Charged Off,2026-03-31 09:00:00
19500,60 months,18.4,478.36,D,< 1 year,RENT,80208.0,Verified,debt_consolidation,10.28,0,689,77.87,Fully Paid,2026-03-30 05:00:00
14100,60 months,18.67,340.42,D,10+ years,MORTGAGE,66238.0,Not Verified,debt_consolidation,9.02,0,696,77.7,Fully Paid,2026-04-15 19:00:00
8800,36 months,12.63,284.49,B,10+ years,RENT,35833.0,Not Verified,debt_consolidation,20.3,0,703,30.43,Charged Off,2026-04-08 17:00:00
4500,36 months,11.88,138.7,A,10+ years,RENT,77979.0,Verified,debt_consolidation,15.46,0,746,114.47,Fully Paid,2026-05-14 22:00:00
12400,36 months,8.48,374.32,A,4 years,MORTGAGE,32112.0,Source Verified,debt_consolidation,33.95,0,725,51.8,Fully Paid,2026-04-14 09:00:00
8000,36 months,15.24,266.63,C,4 years,MORTGAGE,19512.0,Not Verified,small_business,10.38,0,687,74.0,Charged Off,2026-04-18 00:00:00
9400,60 months,7.5,186.13,A,2 years,MORTGAGE,66583.0,Not Verified,debt_consolidation,25.45,0,752,41.07,Fully Paid,2026-03-13 18:00:00
31400,36 months,10.58,1021.76,B,10+ years,MORTGAGE,62200.0,Source Verified,debt_consolidation,13.41,1,730,78.6,Fully Paid,2026-03-05 05:00:00
14100,36 months,17.92,495.16,D,3 years,MORTGAGE,70033.0,Not Verified,medical,24.14,0,703,86.27,Fully Paid,2026-03-31 06:00:00
5000,36 months,15.51,161.36,B,10+ years,MORTGAGE,53958.0,Verified,credit_card,28.38,0,713,101.73,Fully Paid,2026-05-21 13:00:00
4900,36 months,14.55,155.93,B,7 years,RENT,41779.0,Verified,debt_consolidation,18.06,0,705,89.03,Fully Paid,2026-05-22 17:00:00
19500,36 months,13.63,630.4,B,10+ years,OWN,23490.0,Verified,credit_card,15.65,1,709,46.17,Fully Paid,2026-04-22 14:00:00
34300,60 months,24.09,920.04,E,5 years,RENT,115056.0,Not Verified,home_improvement,28.59,0,663,46.87,Charged Off,2026-04-21 20:00:00
37200,60 months,9.92,752.86,A,1 year,MORTGAGE,28875.0,Not Verified,major_purchase,27.65,0,742,81.97,Fully Paid,2026-04-02 13:00:00
10700,60 months,11.06,227.66,B,9 years,MORTGAGE,39004.0,Not Verified,debt_consolidation,24.2,0,738,62.63,Fully Paid,2026-03-18 11:00:00
4000,60 months,10.51,86.0,B,9 years,RENT,32300.0,Source Verified,credit_card,17.98,0,714,42.2,Charged Off,2026-03-04 19:00:00
22400,36 months,8.43,685.82,A,3 years,MORTGAGE,75167.0,Source Verified,debt_consolidation,12.69,0,742,48.27,Fully Paid,2026-04-01 10:00:00
9300,36 months,7.51,282.97,A,10+ years,MORTGAGE,52312.0,Source Verified,debt_consolidation,25.35,0,728,62.6,Fully Paid,2026-03-25 02:00:00
10400,36 months,8.38,322.93,A,10+ years,RENT,72258.0,Not Verified,debt_consolidation,20.33,0,741,49.43,Fully Paid,2026-03-21 00:00:00
3000,60 months,21.27,79.1,E,6 years,RENT,35906.0,Not Verified,debt_consolidation,15.23,0,653,51.9,Fully Paid,2026-03-26 05:00:00
17900,36 months,9.49,573.31,B,10+ years,MORTGAGE,47200.0,Source Verified,debt_consolidation,7.11,0,719,71.3,Fully Paid,2026-03-05 06:00:00
19800,36 months,12.68,631.29,B,6 years,RENT,80206.0,Not Verified,debt_consolidation,13.97,2,719,60.27,Fully Paid,2026-04-24 13:00:00
10100,36 months,20.34,349.33,D,7 years,MORTGAGE,37925.0,Verified,credit_card,22.01,0,683,95.73,Fully Paid,2026-05-20 12:00:00
19300,36 months,14.92,631.13,B,10+ years,MORTGAGE,74250.0,Source Verified,credit_card,48.48,0,734,38.83,Fully Paid,2026-04-27 16:00:00
14600,36 months,10.24,455.76,A,7 years,RENT,19708.0,Not Verified,debt_consolidation,17.97,1,742,64.93,Fully Paid,2026-04-11 23:00:00
9700,36 months,23.06,363.26,E,10+ years,MORTGAGE,105171.0,Verified,debt_consolidation,20.23,0,650,21.23,Fully Paid,2026-04-06 09:00:00
20500,60 months,14.25,463.82,C,3 years,MORTGAGE,129656.0,Not Verified,debt_consolidation,4.11,0,690,92.3,Fully Paid,2026-03-27 00:00:00
8200,36 months,20.78,305.91,E,9 years,OWN,59338.0,Verified,car,33.3,0,688,48.87,Charged Off,2026-03-10 20:00:00
29600,36 months,12.93,947.21,C,5 years,MORTGAGE,26735.0,Not Verified,debt_consolidation,7.8,0,692,37.17,Fully Paid,2026-04-21 11:00:00
6400,36 months,13.36,207.59,C,9 years,RENT,35962.0,Not Verified,small_business,24.4,0,708,64.0,Fully Paid,2026-04-13 07:00:00
6200,60 months,6.38,120.96,A,7 years,RENT,69000.0,Not Verified,credit_card,36.61,0,770,34.9,Fully Paid,2026-03-08 07:00:00
8500,36 months,16.36,292.0,E,5 years,MORTGAGE,82225.0,Source Verified,debt_consolidation,12.16,2,675,45.57,Charged Off,2026-04-02 00:00:00
17800,36 months,8.97,553.45,A,< 1 year,OWN,22219.0,Verified,credit_card,24.91,0,742,27.9,Charged Off,2026-03-25 09:00:00
15700,60 months,12.8,347.65,C,10+ years,RENT,86442.0,Not Verified,debt_consolidation,20.32,0,700,59.83,Charged Off,2026-03-21 04:00:00
14800,36 months,11.88,462.96,A,3 years,MORTGAGE,25750.0,Source Verified,debt_consolidation,9.73,0,741,92.93,Fully Paid,2026-04-27 06:00:00
5900,36 months,16.66,200.68,C,10+ years,MORTGAGE,65012.0,Source Verified,debt_consolidation,27.97,0,708,47.2,Charged Off,2026-04-16 22:00:00
18400,36 months,10.47,567.89,A,< 1 year,RENT,65856.0,Verified,credit_card,9.59,0,753,33.67,Fully Paid,2026-04-23 11:00:00
7600,60 months,16.9,172.53,D,10+ years,RENT,61000.0,Verified,credit_card,25.63,0,710,86.43,Charged Off,2026-04-30 20:00:00
10600,36 months,23.21,381.68,D,5 years,RENT,68527.0,Verified,debt_consolidation,18.51,0,690,85.33,Fully Paid,2026-05-18 20:00:00
12200,36 months,16.2,403.47,C,1 year,MORTGAGE,192075.0,Not Verified,debt_consolidation,28.84,0,724,64.6,Fully Paid,2026-05-10 16:00:00
16500,36 months,10.43,508.94,B,10+ years,MORTGAGE,46467.0,Verified,debt_consolidation,18.32,0,736,62.47,Fully Paid,2026-04-21 16:00:00
14200,36 months,17.51,475.11,D,9 years,RENT,94367.0,Not Verified,debt_consolidation,6.79,1,707,76.37,Fully Paid,2026-05-15 17:00:00
25400,60 months,14.63,566.68,C,10+ years,RENT,46046.0,Not Verified,debt_consolidation,19.93,0,684,53.93,Fully Paid,2026-04-11 05:00:00
12900,36 months,19.15,438.7,E,10+ years,RENT,69683.0,Verified,credit_card,8.26,0,678,102.83,Fully Paid,2026-05-20 09:00:00
10900,36 months,16.66,362.87,B,,RENT,53706.0,Not Verified,debt_consolidation,2.48,2,732,58.7,Fully Paid,2026-05-04 21:00:00
14600,36 months,11.96,460.62,B,5 years,MORTGAGE,37583.0,Not Verified,debt_consolidation,28.79,1,703,57.07,Charged Off,2026-04-22 01:00:00
9600,36 months,18.71,326.75,C,5 years,MORTGAGE,58425.0,Source Verified,debt_consolidation,24.76,0,698,67.47,Fully Paid,2026-05-16 15:00:00
6000,36 months,28.48,240.08,F,8 years,MORTGAGE,29050.0,Not Verified,home_improvement,11.5,0,685,42.0,Fully Paid,2026-04-19 08:00:00
10000,60 months,21.23,249.76,E,5 years,MORTGAGE,59250.0,Not Verified,debt_consolidation,26.92,0,688,63.63,Charged Off,2026-05-03 13:00:00
5200,60 months,11.87,111.43,B,10+ years,MORTGAGE,102094.0,Not Verified,debt_consolidation,26.41,0,712,33.5,Fully Paid,2026-03-24 14:00:00
9200,36 months,12.43,283.77,B,10+ years,MORTGAGE,88954.0,Source Verified,debt_consolidation,7.09,1,772,22.83,Fully Paid,2026-05-22 05:00:00
6900,60 months,21.99,177.06,D,3 years,OWN,62269.0,Verified,debt_consolidation,13.14,0,688,62.07,Charged Off,2026-04-21 01:00:00
29700,36 months,17.77,1004.58,D,6 years,MORTGAGE,114806.0,Not Verified,debt_consolidation,36.23,0,695,55.8,Charged Off,2026-05-08 23:00:00
11800,36 months,16.48,403.18,C,1 year,MORTGAGE,36640.0,Not Verified,small_business,19.41,0,694,45.13,Fully Paid,2026-04-08 21:00:00
17700,36 months,21.44,626.13,E,,MORTGAGE,14646.0,Verified,debt_consolidation,10.19,1,689,67.67,Charged Off,2026-05-15 23:00:00
12300,60 months,6.24,239.17,A,5 years,RENT,107200.0,Source Verified,credit_card,14.68,1,756,31.5,Fully Paid,2026-03-06 19:00:00
7000,36 months,6.83,214.0,A,8 years,MORTGAGE,207192.0,Source Verified,car,7.22,0,711,47.57,Fully Paid,2026-03-15 22:00:00
4100,36 months,12.59,131.51,B,7 years,RENT,44100.0,Verified,debt_consolidation,16.71,1,726,53.1,Fully Paid,2026-04-16 10:00:00
20500,36 months,16.68,687.57,C,,MORTGAGE,46000.0,Not Verified,debt_consolidation,20.58,0,700,50.53,Fully Paid,2026-04-29 09:00:00
10600,36 months,20.31,371.67,C,10+ years,RENT,68169.0,Verified,debt_consolidation,20.77,0,707,61.6,Fully Paid,2026-05-07 16:00:00
11000,36 months,12.28,353.8,B,4 years,RENT,99617.0,Not Verified,debt_consolidation,16.85,0,716,14.43,Fully Paid,2026-04-07 03:00:00
13900,36 months,19.29,487.24,D,3 years,MORTGAGE,77302.0,Verified,debt_consolidation,36.61,0,713,33.77,Charged Off,2026-04-20 18:00:00
6600,36 months,16.27,223.24,D,10+ years,OWN,32288.0,Source Verified,debt_consolidation,21.55,1,696,76.8,Fully Paid,2026-04-16 15:00:00
18400,60 months,20.42,436.96,D,7 years,RENT,121175.0,Not Verified,debt_consolidation,10.46,0,706,84.63,Fully Paid,2026-05-23 18:00:00
14400,36 months,14.55,471.78,C,2 years,MORTGAGE,136752.0,Not Verified,debt_consolidation,14.71,0,715,77.37,Fully Paid,2026-04-23 17:00:00
13100,60 months,18.45,318.22,D,8 years,OWN,73100.0,Not Verified,debt_consolidation,11.89,0,668,24.83,Fully Paid,2026-04-11 11:00:00
10400,60 months,17.92,233.56,B,4 years,RENT,123488.0,Verified,major_purchase,16.89,0,694,54.03,Fully Paid,2026-05-19 05:00:00
8000,36 months,12.9,267.25,B,2 years,RENT,46217.0,Source Verified,debt_consolidation,24.4,0,710,48.07,Fully Paid,2026-03-12 03:00:00
10800,36 months,26.77,408.39,F,8 years,MORTGAGE,45479.0,Not Verified,credit_card,10.15,2,657,91.93,Fully Paid,2026-05-22 07:00:00
33500,36 months,16.87,1183.89,D,< 1 year,MORTGAGE,42300.0,Verified,debt_consolidation,19.42,0,655,63.87,Fully Paid,2026-03-11 10:00:00
21800,36 months,17.45,765.89,C,< 1 year,MORTGAGE,100031.0,Verified,debt_consolidation,19.7,0,719,84.2,Fully Paid,2026-03-23 02:00:00
8800,36 months,11.72,272.6,A,3 years,MORTGAGE,36238.0,Verified,debt_consolidation,15.49,1,743,79.4,Fully Paid,2026-05-04 12:00:00
15600,36 months,18.48,536.82,D,< 1 year,OWN,40917.0,Verified,debt_consolidation,14.21,1,700,54.53,Fully Paid,2026-05-03 11:00:00
9100,36 months,20.49,315.41,C,10+ years,OTHER,75773.0,Source Verified,debt_consolidation,15.9,0,708,58.23,Fully Paid,2026-05-22 05:00:00
13300,36 months,22.15,481.83,D,,MORTGAGE,83917.0,Verified,debt_consolidation,33.67,0,693,24.83,Fully Paid,2026-04-28 20:00:00
20400,60 months,14.15,439.99,C,< 1 year,RENT,51165.0,Source Verified,debt_consolidation,12.44,0,720,73.67,Fully Paid,2026-04-21 19:00:00
22800,36 months,10.16,716.15,A,2 years,OWN,97717.0,Source Verified,debt_consolidation,23.4,0,732,69.17,Fully Paid,2026-03-30 06:00:00
17900,60 months,12.99,407.19,C,2 years,RENT,36500.0,Not Verified,debt_consolidation,10.12,0,709,73.8,Fully Paid,2026-03-08 14:00:00
4000,36 months,14.92,137.53,C,< 1 year,MORTGAGE,68150.0,Verified,debt_consolidation,9.45,0,693,58.27,Fully Paid,2026-03-09 18:00:00
13400,36 months,10.44,425.74,B,10+ years,MORTGAGE,50438.0,Not Verified,debt_consolidation,16.42,0,712,88.8,Fully Paid,2026-03-28 07:00:00
40000,36 months,6.01,1217.06,A,2 years,RENT,70700.0,Not Verified,home_improvement,28.03,0,744,52.6,Fully Paid,2026-03-03 16:00:00
9700,36 months,24.27,366.79,E,5 years,OWN,33338.0,Not Verified,debt_consolidation,7.3,0,676,37.5,Fully Paid,2026-04-15 08:00:00
12800,36 months,14.65,413.92,B,10+ years,MORTGAGE,37700.0,Source Verified,debt_consolidation,23.91,0,703,99.7,Fully Paid,2026-05-05 22:00:00
9800,36 months,23.17,352.67,D,,RENT,73306.0,Verified,credit_card,11.13,0,690,46.73,Fully Paid,2026-05-23 18:00:00
28300,36 months,16.55,967.91,C,10+ years,MORTGAGE,36908.0,Source Verified,credit_card,22.93,1,708,58.53,Fully Paid,2026-04-06 05:00:00
13100,36 months,10.75,397.05,A,1 year,RENT,63492.0,Source Verified,credit_card,14.8,0,773,101.37,Fully Paid,2026-05-13 11:00:00
3900,36 months,22.02,138.12,E,6 years,MORTGAGE,48331.0,Not Verified,debt_consolidation,15.49,0,674,81.93,Fully Paid,2026-05-19 22:00:00
4600,36 months,20.54,160.68,D,3 years,RENT,41404.0,Source Verified,debt_consolidation,5.27,0,718,62.67,Fully Paid,2026-05-12 21:00:00
5100,60 months,14.39,113.16,D,1 year,OWN,45150.0,Source Verified,debt_consolidation,15.45,0,730,87.03,Charged Off,2026-04-07 08:00:00
20200,60 months,24.79,572.82,F,3 years,RENT,168938.0,Not Verified,debt_consolidation,5.87,0,660,30.9,Fully Paid,2026-03-29 09:00:00
9500,36 months,16.3,310.12,C,10+ years,MORTGAGE,38696.0,Source Verified,debt_consolidation,29.73,0,709,89.83,Fully Paid,2026-05-20 15:00:00
9000,36 months,15.46,309.61,D,2 years,MORTGAGE,75996.0,Verified,debt_consolidation,10.24,1,696,84.43,Fully Paid,2026-03-18 22:00:00
7600,36 months,19.76,273.84,E,8 years,RENT,24475.0,Not Verified,home_improvement,15.58,0,687,58.77,Fully Paid,2026-04-01 16:00:00
6300,36 months,23.63,245.94,F,10+ years,MORTGAGE,88500.0,Source Verified,medical,8.86,0,661,58.7,Charged Off,2026-03-08 20:00:00
27000,36 months,24.13,998.33,E,2 years,OWN,56631.0,Source Verified,debt_consolidation,27.13,0,677,69.9,Charged Off,2026-05-06 08:00:00
19200,60 months,23.26,506.12,E,10+ years,RENT,46808.0,Verified,debt_consolidation,4.81,0,670,66.07,Charged Off,2026-04-22 09:00:00
12100,60 months,7.09,237.26,A,6 years,RENT,53658.0,Verified,small_business,12.24,1,752,88.57,Fully Paid,2026-03-11 07:00:00
9500,36 months,24.06,368.04,G,2 years,RENT,51462.0,Source Verified,debt_consolidation,21.48,0,652,44.83,Fully Paid,2026-03-18 06:00:00
15800,60 months,12.33,330.52,B,10+ years,RENT,73412.0,Source Verified,debt_consolidation,46.92,0,713,63.6,Charged Off,2026-04-13 15:00:00
26700,36 months,10.95,836.07,A,1 year,MORTGAGE,129938.0,Verified,debt_consolidation,21.28,0,739,79.0,Fully Paid,2026-04-17 05:00:00
6300,60 months,16.82,141.16,D,8 years,MORTGAGE,119925.0,Verified,debt_consolidation,11.75,0,701,37.3,Fully Paid,2026-05-04 04:00:00
12800,36 months,15.77,439.15,D,4 years,OWN,86438.0,Source Verified,debt_consolidation,16.82,0,691,51.7,Fully Paid,2026-03-24 13:00:00
17700,36 months,19.5,604.94,C,10+ years,MORTGAGE,34071.0,Verified,credit_card,6.36,0,698,90.13,Charged Off,2026-05-19 09:00:00
7600,36 months,22.79,283.57,E,6 years,RENT,37267.0,Verified,credit_card,8.9,0,664,47.03,Fully Paid,2026-04-08 00:00:00
17600,36 months,16.91,588.02,C,,MORTGAGE,47694.0,Source Verified,debt_consolidation,18.36,0,691,93.3,Charged Off,2026-05-09 07:00:00
3700,36 months,7.67,113.69,A,10+ years,RENT,35938.0,Not Verified,credit_card,13.39,0,740,,Fully Paid,2026-03-20 04:00:00
12800,60 months,11.92,284.21,B,10+ years,RENT,99300.0,Not Verified,debt_consolidation,12.29,1,713,75.9,Fully Paid,2026-03-08 22:00:00
5700,36 months,12.91,191.81,C,7 years,RENT,89300.0,Source Verified,home_improvement,21.13,0,688,13.7,Fully Paid,2026-03-04 11:00:00
8900,36 months,12.82,290.62,C,8 years,RENT,81858.0,Not Verified,debt_consolidation,15.19,0,704,80.67,Fully Paid,2026-04-05 11:00:00
19700,60 months,12.45,389.62,A,10+ years,RENT,65058.0,Source Verified,debt_consolidation,7.16,1,738,74.43,Fully Paid,2026-05-18 07:00:00
7900,36 months,17.13,282.17,D,5 years,RENT,49700.0,Not Verified,debt_consolidation,16.61,0,680,51.5,Fully Paid,2026-03-05 12:00:00
14400,60 months,22.34,384.24,F,10+ years,RENT,68750.0,Source Verified,other,18.7,0,651,79.77,Fully Paid,2026-04-04 14:00:00
18600,60 months,11.17,401.35,B,3 years,MORTGAGE,111821.0,Source Verified,debt_consolidation,28.91,0,713,44.77,Fully Paid,2026-03-12 17:00:00
10200,36 months,18.85,345.4,C,,MORTGAGE,66600.0,Source Verified,credit_card,20.27,0,718,76.83,Fully Paid,2026-05-24 12:00:00
5300,36 months,19.63,185.37,D,1 year,MORTGAGE,60583.0,Verified,debt_consolidation,7.71,0,686,61.93,Fully Paid,2026-04-29 04:00:00
12200,60 months,24.04,320.11,E,3 years,OWN,48262.0,Verified,credit_card,10.9,1,677,68.3,Fully Paid,2026-05-04 05:00:00
6100,36 months,22.66,222.55,F,1 year,MORTGAGE,49167.0,Source Verified,credit_card,12.61,0,644,76.93,Fully Paid,2026-05-02 10:00:00
35900,60 months,14.44,779.48,B,9 years,RENT,39121.0,Verified,car,11.04,0,710,28.37,Fully Paid,2026-04-20 11:00:00
14600,36 months,21.78,522.57,D,5 years,MORTGAGE,78894.0,Source Verified,car,19.73,1,679,44.6,Fully Paid,2026-05-09 08:00:00
10000,36 months,22.58,384.91,E,2 years,RENT,124500.0,Not Verified,medical,22.12,0,649,71.0,Charged Off,2026-03-07 03:00:00
17300,60 months,15.13,368.68,B,< 1 year,MORTGAGE,24779.0,Not Verified,credit_card,17.61,1,702,49.67,Fully Paid,2026-05-16 21:00:00
17500,36 months,28.65,692.56,G,10+ years,MORTGAGE,120500.0,Verified,debt_consolidation,14.56,0,641,70.73,Fully Paid,2026-04-30 08:00:00
10600,36 months,26.37,406.85,E,10+ years,RENT,37250.0,Verified,small_business,14.46,0,667,73.63,Fully Paid,2026-05-03 06:00:00
12700,60 months,11.72,268.09,B,5 years,MORTGAGE,43175.0,Not Verified,debt_consolidation,21.72,1,715,59.17,Fully Paid,2026-03-31 04:00:00
3300,36 months,20.85,116.59,E,10+ years,MORTGAGE,141131.0,Source Verified,credit_card,16.89,0,680,61.8,Fully Paid,2026-05-07 00:00:00
5600,36 months,15.23,189.31,C,9 years,MORTGAGE,107067.0,Not Verified,debt_consolidation,20.6,1,730,62.87,Fully Paid,2026-03-30 20:00:00
15500,36 months,16.74,550.61,D,< 1 year,RENT,60300.0,Source Verified,debt_consolidation,23.44,0,716,67.4,Fully Paid,2026-03-07 08:00:00
10700,36 months,16.44,352.54,B,8 years,RENT,85104.0,Verified,debt_consolidation,26.71,0,713,47.77,Fully Paid,2026-05-15 23:00:00
19000,60 months,12.7,419.77,B,7 years,MORTGAGE,136275.0,Not Verified,debt_consolidation,31.22,2,714,36.43,Charged Off,2026-03-21 15:00:00
9400,36 months,10.24,302.17,B,8 years,RENT,157254.0,Verified,debt_consolidation,12.87,1,712,13.37,Fully Paid,2026-03-14 08:00:00
11400,36 months,11.36,356.5,A,10+ years,OWN,50140.0,Verified,major_purchase,15.8,0,746,39.07,Fully Paid,2026-04-22 03:00:00
5200,36 months,20.61,192.22,D,4 years,OWN,59992.0,Not Verified,small_business,14.11,0,678,41.33,Fully Paid,2026-03-16 11:00:00
6900,36 months,13.11,216.57,C,7 years,MORTGAGE,74892.0,Source Verified,debt_consolidation,48.95,1,712,55.57,Fully Paid,2026-05-17 12:00:00
9900,36 months,12.57,319.77,C,5 years,RENT,22575.0,Verified,debt_consolidation,6.36,1,714,101.63,Fully Paid,2026-04-09 10:00:00
27100,36 months,14.01,926.35,C,8 years,MORTGAGE,121700.0,Source Verified,debt_consolidation,27.82,0,699,13.6,Charged Off,2026-03-02 15:00:00
7700,36 months,18.38,259.0,C,10+ years,MORTGAGE,40238.0,Verified,home_improvement,15.95,0,703,55.33,Fully Paid,2026-05-24 11:00:00
40000,36 months,10.33,1241.13,B,10+ years,RENT,68688.0,Verified,debt_consolidation,17.41,0,721,91.0,Fully Paid,2026-04-19 23:00:00
28500,60 months,19.28,720.31,D,8 years,RENT,59719.0,Not Verified,debt_consolidation,30.54,0,667,81.0,Charged Off,2026-03-26 02:00:00
17700,60 months,15.02,385.02,B,4 years,RENT,37000.0,Not Verified,debt_consolidation,4.88,0,718,93.23,Fully Paid,2026-05-02 09:00:00
17100,60 months,15.08,381.07,C,1 year,MORTGAGE,50138.0,Source Verified,debt_consolidation,11.83,1,701,85.9,Fully Paid,2026-04-13 06:00:00
12200,36 months,11.33,401.32,C,1 year,MORTGAGE,135700.0,Not Verified,debt_consolidation,11.78,2,716,62.1,Charged Off,2026-03-02 15:00:00
7600,36 months,19.3,262.71,C,10+ years,MORTGAGE,51431.0,Not Verified,debt_consolidation,15.28,0,703,40.0,Fully Paid,2026-05-05 22:00:00
23000,60 months,8.98,455.21,A,6 years,OWN,92858.0,Source Verified,credit_card,32.3,0,745,96.67,Charged Off,2026-04-03 14:00:00
6900,36 months,16.97,232.39,D,2 years,OWN,48583.0,Not Verified,small_business,12.04,1,692,80.43,Charged Off,2026-04-27 22:00:00
12600,36 months,19.68,434.81,D,7 years,RENT,73625.0,Verified,debt_consolidation,22.85,0,686,37.27,Charged Off,2026-05-11 05:00:00
14500,60 months,18.72,346.63,D,10+ years,OWN,109931.0,Not Verified,debt_consolidation,30.24,0,715,32.17,Fully Paid,2026-04-24 16:00:00
6600,60 months,13.73,139.36,C,2 years,MORTGAGE,73167.0,Source Verified,small_business,9.53,0,716,45.53,Fully Paid,2026-05-02 09:00:00
7700,36 months,10.46,244.71,B,1 year,MORTGAGE,66000.0,Not Verified,debt_consolidation,13.21,0,714,79.1,Fully Paid,2026-03-28 04:00:00
12100,36 months,7.54,371.07,A,< 1 year,RENT,74846.0,Verified,medical,15.76,0,746,72.03,Fully Paid,2026-03-21 14:00:00
8400,36 months,13.13,275.52,B,4 years,RENT,63250.0,Not Verified,other,17.49,0,729,42.47,Fully Paid,2026-04-04 14:00:00
8800,36 months,19.31,302.09,C,5 years,MORTGAGE,37050.0,Not Verified,credit_card,14.76,0,689,50.77,Fully Paid,2026-05-15 05:00:00
7700,60 months,8.79,148.11,A,1 year,MORTGAGE,57925.0,Source Verified,debt_consolidation,6.8,1,730,81.8,Fully Paid,2026-04-16 15:00:00
12000,36 months,20.83,438.84,E,3 years,MORTGAGE,60500.0,Source Verified,other,17.48,0,657,76.97,Charged Off,2026-04-04 23:00:00
13500,60 months,18.55,314.47,D,1 year,MORTGAGE,17550.0,Verified,debt_consolidation,16.13,0,699,34.3,Fully Paid,2026-05-06 10:00:00
40000,60 months,16.12,872.09,B,4 years,RENT,193879.0,Verified,debt_consolidation,10.74,1,715,83.57,Fully Paid,2026-05-11 16:00:00
7600,36 months,16.93,252.17,D,10+ years,MORTGAGE,44888.0,Source Verified,debt_consolidation,18.68,2,697,50.07,Fully Paid,2026-05-16 06:00:00
18100,36 months,8.26,556.89,A,5 years,MORTGAGE,40688.0,Verified,debt_consolidation,31.74,0,748,69.5,Fully Paid,2026-03-24 22:00:00
11200,36 months,17.49,380.02,C,8 years,MORTGAGE,47833.0,Source Verified,debt_consolidation,16.8,0,702,80.63,Fully Paid,2026-05-03 20:00:00
25800,36 months,16.18,865.33,C,10+ years,MORTGAGE,56460.0,Not Verified,debt_consolidation,24.37,0,699,25.07,Fully Paid,2026-04-22 21:00:00
17100,36 months,12.65,552.97,B,2 years,RENT,28935.0,Not Verified,debt_consolidation,18.83,0,689,51.03,Fully Paid,2026-04-11 23:00:00
16500,36 months,23.23,623.59,E,4 years,RENT,20808.0,Verified,debt_consolidation,28.08,0,656,78.37,Charged Off,2026-03-30 07:00:00
6500,36 months,11.15,211.73,B,7 years,RENT,79215.0,Verified,debt_consolidation,8.31,0,712,72.77,Fully Paid,2026-03-13 14:00:00
13600,36 months,7.84,415.84,A,4 years,RENT,52031.0,Not Verified,small_business,40.03,0,758,57.7,Fully Paid,2026-03-26 03:00:00
10400,36 months,14.06,340.78,B,10+ years,MORTGAGE,79975.0,Not Verified,debt_consolidation,35.52,0,704,77.5,Charged Off,2026-04-16 05:00:00
3800,60 months,12.49,76.13,B,9 years,OWN,98562.0,Source Verified,debt_consolidation,11.58,1,747,38.97,Fully Paid,2026-05-12 20:00:00
15100,36 months,17.14,502.55,D,8 years,MORTGAGE,45996.0,Verified,credit_card,17.62,0,722,67.77,Fully Paid,2026-05-17 19:00:00
16800,36 months,11.17,543.43,B,10+ years,MORTGAGE,110783.0,Source Verified,debt_consolidation,12.48,1,708,49.03,Fully Paid,2026-03-18 17:00:00
5300,36 months,18.05,181.27,D,8 years,RENT,59500.0,Source Verified,credit_card,13.12,1,723,39.43,Fully Paid,2026-05-02 22:00:00
6800,60 months,14.01,156.5,C,1 year,MORTGAGE,71283.0,Not Verified,debt_consolidation,21.61,0,703,40.27,Fully Paid,2026-03-11 23:00:00
31200,36 months,10.31,953.55,A,1 year,MORTGAGE,43667.0,Not Verified,debt_consolidation,14.27,0,739,77.23,Fully Paid,2026-04-27 08:00:00
11900,36 months,10.36,374.88,A,7 years,RENT,128425.0,Verified,debt_consolidation,5.97,0,731,92.87,Fully Paid,2026-04-05 03:00:00
15700,36 months,12.31,505.2,C,10+ years,MORTGAGE,77758.0,Not Verified,debt_consolidation,21.29,0,710,49.73,Fully Paid,2026-04-07 07:00:00
9800,36 months,11.98,307.01,A,4 years,RENT,80667.0,Source Verified,debt_consolidation,23.12,0,727,95.73,Fully Paid,2026-04-28 21:00:00
22200,36 months,13.45,726.27,C,10+ years,RENT,63873.0,Verified,debt_consolidation,10.47,0,694,16.43,Fully Paid,2026-04-12 00:00:00
38700,60 months,27.98,1101.67,F,5 years,RENT,20069.0,Verified,credit_card,25.76,0,650,73.6,Fully Paid,2026-05-10 06:00:00
8800,36 months,14.58,290.52,C,1 year,MORTGAGE,93888.0,Verified,credit_card,17.87,0,696,70.2,Charged Off,2026-04-19 10:00:00
24400,36 months,12.59,754.41,C,,MORTGAGE,62592.0,Not Verified,credit_card,24.19,0,713,79.93,Fully Paid,2026-05-20 23:00:00
24100,60 months,10.05,472.11,B,2 years,MORTGAGE,44246.0,Not Verified,debt_consolidation,20.22,0,757,68.47,Fully Paid,2026-04-25 07:00:00
4000,36 months,9.43,125.22,B,10+ years,RENT,68250.0,Verified,credit_card,15.3,0,737,40.4,Fully Paid,2026-03-25 07:00:00
9700,36 months,11.3,298.62,A,3 years,RENT,71662.0,Not Verified,debt_consolidation,18.01,0,741,86.9,Fully Paid,2026-05-09 04:00:00
5600,36 months,21.45,206.55,E,3 years,MORTGAGE,27225.0,Source Verified,home_improvement,6.64,0,669,64.17,Fully Paid,2026-04-02 12:00:00
13400,36 months,14.69,443.09,C,6 years,RENT,88112.0,Source Verified,credit_card,19.01,0,705,33.2,Fully Paid,2026-04-13 08:00:00
12200,60 months,15.42,289.73,C,10+ years,MORTGAGE,123473.0,Verified,credit_card,19.66,0,701,91.67,Charged Off,2026-03-11 22:00:00
26100,36 months,10.93,847.45,B,4 years,RENT,25556.0,Not Verified,debt_consolidation,9.88,0,716,70.27,Fully Paid,2026-03-12 06:00:00
12000,36 months,17.83,414.99,D,8 years,RENT,51362.0,Source Verified,home_improvement,8.95,0,685,69.3,Charged Off,2026-04-14 19:00:00
8100,36 months,8.89,253.41,B,4 years,RENT,45712.0,Not Verified,credit_card,14.49,1,709,64.83,Fully Paid,2026-03-18 14:00:00
10900,36 months,14.53,346.77,B,5 years,OWN,42858.0,Verified,major_purchase,21.49,0,709,89.33,Fully Paid,2026-05-21 12:00:00
12000,60 months,18.28,274.76,C,2 years,MORTGAGE,55179.0,Not Verified,debt_consolidation,19.91,0,703,100.07,Fully Paid,2026-05-11 08:00:00
18000,36 months,17.32,609.27,C,3 years,MORTGAGE,24917.0,Source Verified,debt_consolidation,9.04,0,701,39.33,Fully Paid,2026-04-28 01:00:00
6500,36 months,10.7,199.81,A,10+ years,MORTGAGE,111417.0,Not Verified,debt_consolidation,14.27,0,754,54.43,Fully Paid,2026-05-02 08:00:00
11800,36 months,15.33,390.97,B,2 years,MORTGAGE,67735.0,Not Verified,credit_card,15.32,2,706,86.27,Fully Paid,2026-04-22 11:00:00
7700,36 months,13.38,260.86,C,10+ years,MORTGAGE,46400.0,Verified,debt_consolidation,13.45,0,708,29.7,Fully Paid,2026-03-06 06:00:00
30400,36 months,9.81,949.96,B,8 years,RENT,58025.0,Not Verified,major_purchase,17.86,0,726,68.17,Charged Off,2026-04-02 23:00:00
4600,60 months,10.05,92.28,A,5 years,MORTGAGE,52048.0,Not Verified,debt_consolidation,23.15,0,729,86.83,Fully Paid,2026-04-09 20:00:00
12000,36 months,19.57,413.46,D,8 years,RENT,55733.0,Not Verified,credit_card,11.19,0,712,81.07,Charged Off,2026-05-13 21:00:00
13600,36 months,19.05,492.01,D,10+ years,MORTGAGE,51846.0,Source Verified,debt_consolidation,13.99,0,690,50.23,Charged Off,2026-03-19 09:00:00
15100,60 months,15.66,344.81,C,6 years,OWN,98631.0,Verified,debt_consolidation,19.12,0,695,51.83,Fully Paid,2026-04-11 18:00:00
13700,60 months,8.74,269.6,A,4 years,OWN,72508.0,Verified,major_purchase,16.86,0,739,42.97,Fully Paid,2026-04-05 18:00:00
11800,60 months,19.82,308.18,D,10+ years,MORTGAGE,39362.0,Source Verified,credit_card,20.57,0,669,61.27,Charged Off,2026-03-10 19:00:00
26400,60 months,9.61,549.43,B,6 years,MORTGAGE,79312.0,Source Verified,major_purchase,21.61,0,706,80.47,Charged Off,2026-03-13 16:00:00
5500,36 months,17.6,192.28,D,10+ years,MORTGAGE,102117.0,Verified,debt_consolidation,29.27,1,678,36.27,Fully Paid,2026-04-05 18:00:00
11200,60 months,11.3,245.19,B,4 years,RENT,54400.0,Not Verified,home_improvement,7.8,1,713,44.0,Fully Paid,2026-03-02 01:00:00
4400,36 months,11.25,144.57,B,10+ years,RENT,231600.0,Source Verified,credit_card,19.43,0,703,82.3,Fully Paid,2026-03-07 11:00:00
28600,36 months,10.56,903.63,B,7 years,MORTGAGE,35292.0,Verified,debt_consolidation,10.45,0,714,41.07,Fully Paid,2026-04-02 11:00:00
4600,36 months,13.69,154.31,C,3 years,RENT,56062.0,Source Verified,major_purchase,25.53,0,709,84.23,Fully Paid,2026-03-22 18:00:00
21600,36 months,14.85,715.88,C,3 years,RENT,40425.0,Verified,debt_consolidation,23.35,0,695,69.4,Fully Paid,2026-04-17 01:00:00
20200,36 months,10.04,652.18,B,5 years,MORTGAGE,30700.0,Not Verified,home_improvement,6.33,0,720,40.8,Fully Paid,2026-03-07 20:00:00
9900,36 months,14.53,333.71,B,1 year,RENT,145781.0,Not Verified,debt_consolidation,12.99,0,715,48.6,Fully Paid,2026-03-24 03:00:00
5300,36 months,9.97,164.79,A,3 years,RENT,20425.0,Source Verified,credit_card,22.29,0,759,36.03,Fully Paid,2026-04-06 23:00:00
15800,36 months,21.35,554.31,E,10+ years,MORTGAGE,77315.0,Not Verified,debt_consolidation,34.73,0,670,45.83,Fully Paid,2026-05-24 11:00:00
10000,36 months,16.74,338.1,C,8 years,OWN,39035.0,Not Verified,debt_consolidation,11.62,0,707,95.27,Fully Paid,2026-04-23 16:00:00
18100,36 months,15.17,585.48,C,,MORTGAGE,52408.0,Source Verified,debt_consolidation,32.29,1,719,56.87,Fully Paid,2026-05-14 21:00:00
10100,60 months,11.28,211.03,C,< 1 year,RENT,140983.0,Not Verified,debt_consolidation,17.52,0,711,30.07,Fully Paid,2026-03-31 04:00:00
34600,36 months,12.05,1109.15,B,6 years,MORTGAGE,46583.0,Source Verified,debt_consolidation,14.04,0,724,38.83,Fully Paid,2026-04-07 14:00:00
6700,36 months,13.43,219.13,C,10+ years,RENT,109740.0,Verified,car,17.41,0,713,23.83,Fully Paid,2026-04-11 17:00:00
4700,36 months,18.34,159.13,C,10+ years,MORTGAGE,21138.0,Source Verified,debt_consolidation,19.82,0,684,66.07,Fully Paid,2026-05-13 02:00:00
13400,36 months,15.67,433.45,C,7 years,MORTGAGE,71225.0,Not Verified,debt_consolidation,15.83,0,712,98.23,Fully Paid,2026-05-22 02:00:00
10800,36 months,22.24,383.65,D,10+ years,MORTGAGE,53265.0,Not Verified,debt_consolidation,9.62,0,713,72.33,Fully Paid,2026-05-20 05:00:00
13400,36 months,14.47,432.19,C,4 years,MORTGAGE,33475.0,Not Verified,debt_consolidation,8.31,0,734,38.9,Fully Paid,2026-05-05 20:00:00
10400,36 months,19.15,366.4,D,3 years,OWN,109638.0,Verified,debt_consolidation,18.46,1,689,100.3,Fully Paid,2026-04-14 03:00:00
17600,36 months,16.88,600.5,D,10+ years,OWN,34125.0,Not Verified,major_purchase,13.19,0,720,25.0,Fully Paid,2026-04-19 12:00:00
24400,60 months,18.25,552.06,C,10+ years,MORTGAGE,44015.0,Verified,debt_consolidation,13.98,0,682,61.13,Fully Paid,2026-05-24 13:00:00
6500,60 months,12.34,140.81,B,10+ years,MORTGAGE,56438.0,Source Verified,debt_consolidation,18.05,0,716,36.4,Charged Off,2026-03-23 19:00:00
23000,36 months,12.61,748.75,B,4 years,RENT,64533.0,Verified,debt_consolidation,10.57,1,708,92.27,Fully Paid,2026-04-01 11:00:00
17600,60 months,16.63,388.22,B,1 year,OWN,43542.0,Not Verified,credit_card,8.14,0,732,87.07,Fully Paid,2026-05-14 22:00:00
6200,36 months,9.06,191.61,A,3 years,RENT,96433.0,Verified,credit_card,11.93,0,736,26.97,Fully Paid,2026-04-01 16:00:00
14100,60 months,14.72,326.04,C,2 years,MORTGAGE,54146.0,Not Verified,debt_consolidation,15.88,0,676,37.33,Fully Paid,2026-03-21 01:00:00
9500,36 months,11.39,299.41,A,3 years,RENT,42438.0,Verified,debt_consolidation,9.86,1,747,35.5,Fully Paid,2026-04-14 19:00:00
13200,36 months,20.21,481.93,E,1 year,RENT,100031.0,Verified,credit_card,9.63,0,670,62.2,Charged Off,2026-03-23 09:00:00
17100,60 months,17.67,386.19,C,9 years,MORTGAGE,106083.0,Verified,debt_consolidation,22.26,0,696,55.37,Fully Paid,2026-05-13 08:00:00
17900,60 months,28.89,513.8,F,10+ years,MORTGAGE,100700.0,Not Verified,medical,17.34,0,639,64.17,Charged Off,2026-05-15 04:00:00
15400,36 months,12.61,504.98,B,10+ years,MORTGAGE,127031.0,Verified,debt_consolidation,9.96,1,725,92.5,Fully Paid,2026-03-24 06:00:00
32600,60 months,16.76,754.49,C,6 years,OWN,133438.0,Not Verified,other,13.73,1,701,92.3,Fully Paid,2026-04-18 17:00:00
10100,36 months,23.43,364.78,D,4 years,MORTGAGE,28212.0,Verified,credit_card,13.75,0,667,54.43,Charged Off,2026-05-18 02:00:00
13800,60 months,9.93,266.34,A,10+ years,MORTGAGE,19000.0,Source Verified,credit_card,17.97,0,732,83.63,Fully Paid,2026-04-27 11:00:00
12700,60 months,7.14,246.35,A,7 years,RENT,79542.0,Not Verified,credit_card,5.48,0,770,59.83,Fully Paid,2026-03-19 13:00:00
20300,36 months,19.15,710.18,D,10+ years,RENT,91481.0,Not Verified,credit_card,18.5,0,677,31.87,Fully Paid,2026-04-23 14:00:00
12400,60 months,19.35,300.56,E,7 years,MORTGAGE,35704.0,Not Verified,home_improvement,15.0,0,679,27.47,Fully Paid,2026-04-22 01:00:00
23800,36 months,12.23,753.85,B,3 years,MORTGAGE,48944.0,Verified,credit_card,12.99,0,702,29.87,Fully Paid,2026-04-21 19:00:00
7600,36 months,8.92,241.4,B,2 years,MORTGAGE,42000.0,Verified,debt_consolidation,16.95,0,710,38.4,Fully Paid,2026-03-02 11:00:00
7500,36 months,8.75,232.44,A,4 years,RENT,55688.0,Verified,small_business,18.52,2,743,45.5,Fully Paid,2026-03-27 15:00:00
15100,60 months,23.36,386.4,E,10+ years,OWN,107983.0,Verified,home_improvement,27.21,1,675,58.07,Charged Off,2026-05-13 15:00:00
12000,60 months,16.7,289.91,D,10+ years,RENT,105992.0,Source Verified,debt_consolidation,9.38,0,698,58.43,Fully Paid,2026-03-16 19:00:00
12100,36 months,14.62,408.4,D,7 years,MORTGAGE,29812.0,Not Verified,credit_card,12.14,0,702,56.8,Fully Paid,2026-03-25 19:00:00
14900,36 months,8.55,460.41,A,9 years,RENT,62250.0,Not Verified,debt_consolidation,21.38,0,742,60.3,Fully Paid,2026-03-29 13:00:00
12400,60 months,10.17,258.43,A,4 years,MORTGAGE,109250.0,Source Verified,debt_consolidation,12.35,1,724,53.43,Fully Paid,2026-03-17 19:00:00
8800,36 months,18.9,319.91,D,2 years,MORTGAGE,49546.0,Not Verified,debt_consolidation,16.89,0,689,33.77,Fully Paid,2026-03-15 06:00:00
13200,60 months,11.98,280.33,B,10+ years,RENT,58758.0,Source Verified,debt_consolidation,19.46,0,704,40.27,Fully Paid,2026-03-31 19:00:00
28900,36 months,20.72,1012.05,D,10+ years,MORTGAGE,88429.0,Source Verified,debt_consolidation,11.39,0,706,64.57,Charged Off,2026-05-12 07:00:00
14500,36 months,9.07,461.57,B,10+ years,RENT,94400.0,Not Verified,credit_card,50.0,0,727,39.7,Fully Paid,2026-03-03 19:00:00
8100,36 months,23.62,309.85,E,2 years,RENT,36094.0,Source Verified,credit_card,16.25,0,661,15.4,Fully Paid,2026-03-25 06:00:00
11900,36 months,13.63,404.58,C,4 years,RENT,42700.0,Not Verified,debt_consolidation,17.35,0,708,37.2,Fully Paid,2026-03-02 20:00:00
12700,36 months,20.14,453.68,E,3 years,RENT,71488.0,Not Verified,debt_consolidation,12.57,1,677,51.5,Fully Paid,2026-04-17 02:00:00
5200,36 months,11.92,168.82,B,4 years,RENT,99469.0,Not Verified,credit_card,9.45,0,715,70.7,Fully Paid,2026-03-25 08:00:00
15800,36 months,10.95,483.89,B,5 years,MORTGAGE,23319.0,Not Verified,debt_consolidation,16.79,1,743,76.7,Fully Paid,2026-05-09 00:00:00
4700,36 months,13.18,150.95,C,3 years,RENT,18194.0,Not Verified,credit_card,10.91,0,726,64.57,Fully Paid,2026-04-23 10:00:00
9200,36 months,11.94,285.92,A,10+ years,MORTGAGE,127319.0,Verified,credit_card,15.39,1,749,81.0,Fully Paid,2026-05-07 02:00:00
19000,60 months,16.3,430.37,C,5 years,RENT,29298.0,Source Verified,debt_consolidation,15.3,0,715,56.37,Charged Off,2026-04-23 07:00:00
18500,36 months,15.64,624.59,D,1 year,OTHER,51331.0,Not Verified,debt_consolidation,15.73,0,689,31.53,Fully Paid,2026-04-07 02:00:00
14800,36 months,30.56,592.84,G,< 1 year,MORTGAGE,88825.0,Not Verified,credit_card,7.66,0,663,64.37,Fully Paid,2026-05-15 23:00:00
7200,36 months,15.46,242.46,C,< 1 year,OWN,81790.0,Not Verified,debt_consolidation,19.1,0,705,35.53,Fully Paid,2026-04-06 17:00:00
5500,36 months,17.33,182.23,D,6 years,OWN,45171.0,Source Verified,debt_consolidation,20.51,0,691,47.33,Fully Paid,2026-05-23 01:00:00
11000,36 months,16.85,361.95,C,7 years,MORTGAGE,61898.0,Not Verified,debt_consolidation,11.47,1,695,28.33,Fully Paid,2026-05-24 23:00:00
9800,60 months,14.13,211.27,B,7 years,RENT,49029.0,Not Verified,home_improvement,13.85,0,719,70.17,Fully Paid,2026-04-25 08:00:00
15500,36 months,13.63,497.45,C,6 years,MORTGAGE,29167.0,Verified,debt_consolidation,21.75,1,738,87.33,Fully Paid,2026-04-30 04:00:00
17200,60 months,13.52,382.78,B,,RENT,36375.0,Not Verified,credit_card,20.63,0,708,95.8,Charged Off,2026-03-25 04:00:00
8400,60 months,19.48,199.75,C,7 years,OWN,76456.0,Verified,debt_consolidation,10.48,0,681,66.5,Fully Paid,2026-05-10 02:00:00
8300,36 months,11.71,258.98,B,10+ years,MORTGAGE,36000.0,Verified,debt_consolidation,18.03,0,747,63.23,Fully Paid,2026-04-28 19:00:00
10700,36 months,27.47,411.24,F,,RENT,38396.0,Source Verified,car,19.41,0,672,73.47,Fully Paid,2026-05-14 09:00:00
9800,36 months,12.03,318.66,B,4 years,RENT,120844.0,Source Verified,debt_consolidation,26.0,1,697,51.8,Fully Paid,2026-03-28 09:00:00
5400,60 months,13.21,111.34,B,3 years,MORTGAGE,59231.0,Verified,credit_card,15.31,1,761,95.8,Fully Paid,2026-05-10 10:00:00
17500,36 months,8.23,530.25,A,7 years,MORTGAGE,23471.0,Not Verified,debt_consolidation,19.48,0,759,38.53,Fully Paid,2026-04-12 10:00:00
22500,36 months,12.85,745.71,C,5 years,MORTGAGE,61908.0,Not Verified,debt_consolidation,15.97,0,717,18.83,Fully Paid,2026-03-16 14:00:00
24800,36 months,23.85,958.06,E,< 1 year,RENT,36992.0,Verified,home_improvement,6.73,0,649,35.63,Charged Off,2026-03-22 06:00:00
5600,36 months,13.73,182.62,B,< 1 year,MORTGAGE,43138.0,Source Verified,credit_card,11.02,0,717,34.8,Fully Paid,2026-04-13 19:00:00
12400,36 months,13.97,414.65,B,5 years,RENT,86812.0,Source Verified,debt_consolidation,27.44,0,716,90.0,Charged Off,2026-03-27 02:00:00
7400,60 months,6.85,144.27,A,10+ years,RENT,277300.0,Source Verified,debt_consolidation,14.14,1,734,78.67,Fully Paid,2026-03-15 12:00:00
12300,36 months,20.24,443.07,E,7 years,RENT,68979.0,Verified,debt_consolidation,19.59,0,671,56.13,Fully Paid,2026-04-10 14:00:00
17000,60 months,17.19,392.83,D,10+ years,RENT,85588.0,Not Verified,home_improvement,6.94,1,691,55.47,Fully Paid,2026-04-26 15:00:00
10800,36 months,8.64,334.16,A,8 years,MORTGAGE,77812.0,Not Verified,debt_consolidation,24.63,0,738,20.0,Fully Paid,2026-03-25 09:00:00
5900,36 months,15.17,189.46,C,10+ years,MORTGAGE,42396.0,Not Verified,debt_consolidation,16.62,1,694,60.93,Fully Paid,2026-05-20 04:00:00
8800,36 months,23.08,320.71,E,10+ years,RENT,57850.0,Verified,major_purchase,19.92,0,679,58.8,Fully Paid,2026-05-06 06:00:00
12100,60 months,16.32,277.3,C,10+ years,MORTGAGE,41825.0,Verified,credit_card,14.12,0,707,70.7,Charged Off,2026-04-15 11:00:00
5400,60 months,20.97,129.8,D,10+ years,OWN,49565.0,Not Verified,home_improvement,15.43,0,695,78.53,Charged Off,2026-05-22 18:00:00
7200,36 months,18.83,254.31,D,10+ years,RENT,125327.0,Not Verified,debt_consolidation,14.31,0,684,44.43,Fully Paid,2026-04-09 04:00:00
4700,36 months,13.05,157.34,C,10+ years,RENT,69619.0,Not Verified,debt_consolidation,18.69,0,693,90.87,Fully Paid,2026-03-14 03:00:00
16700,36 months,15.97,586.88,D,10+ years,MORTGAGE,78900.0,Verified,small_business,20.84,0,700,58.8,Fully Paid,2026-03-04 21:00:00
40000,60 months,18.77,915.66,D,4 years,RENT,127573.0,Not Verified,major_purchase,9.2,1,715,52.33,Fully Paid,2026-05-20 03:00:00
17600,60 months,19.69,411.26,C,8 years,RENT,73460.0,Not Verified,debt_consolidation,13.81,0,687,74.73,Fully Paid,2026-05-19 07:00:00
6800,60 months,14.41,145.86,B,10+ years,RENT,107083.0,Verified,debt_consolidation,30.23,0,702,59.83,Fully Paid,2026-04-30 20:00:00
10600,36 months,14.58,362.69,E,10+ years,MORTGAGE,122396.0,Not Verified,credit_card,21.39,0,708,48.87,Charged Off,2026-03-15 06:00:00
9300,36 months,8.52,287.24,A,1 year,RENT,55031.0,Not Verified,home_improvement,23.32,0,748,52.3,Fully Paid,2026-03-29 00:00:00
22600,36 months,13.46,766.5,C,2 years,OWN,28800.0,Source Verified,debt_consolidation,9.71,1,698,52.5,Fully Paid,2026-03-03 18:00:00
11300,36 months,24.33,445.29,F,5 years,MORTGAGE,26100.0,Not Verified,debt_consolidation,19.17,0,662,47.2,Charged Off,2026-03-05 08:00:00
5300,36 months,19.23,192.22,D,10+ years,RENT,111550.0,Source Verified,credit_card,7.19,0,686,59.43,Charged Off,2026-03-20 22:00:00
7000,36 months,17.53,241.05,C,10+ years,RENT,57225.0,Not Verified,debt_consolidation,13.95,0,701,40.1,Fully Paid,2026-04-17 06:00:00
5100,36 months,6.82,157.05,A,10+ years,OWN,41300.0,Verified,debt_consolidation,19.97,0,746,73.5,Fully Paid,2026-03-02 11:00:00
36400,36 months,12.68,1126.92,B,10+ years,OWN,77777.0,Not Verified,debt_consolidation,11.55,0,745,56.13,Fully Paid,2026-05-22 03:00:00
29200,60 months,15.84,669.48,C,4 years,MORTGAGE,15140.0,Verified,debt_consolidation,8.47,0,699,32.33,Fully Paid,2026-04-06 06:00:00
15600,36 months,11.89,506.23,C,10+ years,MORTGAGE,76312.0,Not Verified,credit_card,9.24,0,724,44.8,Fully Paid,2026-03-23 19:00:00
8400,60 months,9.38,163.88,A,6 years,MORTGAGE,60550.0,Verified,credit_card,46.31,0,747,85.1,Charged Off,2026-04-17 13:00:00
11700,36 months,15.24,381.6,B,5 years,MORTGAGE,21369.0,Not Verified,major_purchase,3.73,0,731,62.5,Fully Paid,2026-05-04 17:00:00
6600,60 months,19.86,168.89,D,10+ years,MORTGAGE,81938.0,Not Verified,debt_consolidation,18.72,0,671,66.1,Fully Paid,2026-03-25 08:00:00
9300,36 months,13.55,315.82,C,3 years,OWN,74600.0,Not Verified,debt_consolidation,29.4,0,691,35.0,Fully Paid,2026-03-06 02:00:00
6600,36 months,13.56,224.16,C,10+ years,OWN,132900.0,Not Verified,debt_consolidation,14.28,0,689,34.9,Fully Paid,2026-03-06 14:00:00
7400,36 months,10.58,223.72,B,3 years,MORTGAGE,26442.0,Not Verified,credit_card,15.86,0,734,82.77,Fully Paid,2026-05-14 02:00:00
8600,36 months,16.33,301.63,E,5 years,RENT,42104.0,Source Verified,debt_consolidation,11.31,0,650,,Fully Paid,2026-03-09 15:00:00
10900,36 months,9.58,331.99,B,10+ years,MORTGAGE,111469.0,Not Verified,debt_consolidation,30.8,1,740,50.77,Fully Paid,2026-04-25 14:00:00
7000,36 months,17.58,244.65,C,4 years,RENT,51150.0,Verified,credit_card,14.4,0,690,74.87,Fully Paid,2026-04-05 15:00:00
10000,60 months,25.96,273.13,E,4 years,RENT,59069.0,Source Verified,medical,9.13,0,674,66.3,Charged Off,2026-05-10 05:00:00
11800,36 months,7.32,366.08,A,3 years,MORTGAGE,49800.0,Verified,credit_card,20.33,0,741,32.6,Fully Paid,2026-03-07 05:00:00
16500,36 months,25.06,613.7,D,3 years,MORTGAGE,40296.0,Source Verified,debt_consolidation,15.62,1,680,62.17,Fully Paid,2026-05-13 19:00:00
5200,36 months,13.48,166.52,C,2 years,OWN,72500.0,Not Verified,home_improvement,13.4,0,722,69.13,Fully Paid,2026-05-03 03:00:00
12900,60 months,14.34,285.91,B,2 years,MORTGAGE,115204.0,Source Verified,debt_consolidation,9.56,1,707,38.63,Charged Off,2026-04-09 10:00:00
8300,36 months,24.78,324.67,G,10+ years,MORTGAGE,46192.0,Source Verified,medical,26.5,0,663,73.73,Charged Off,2026-03-16 22:00:00
7600,60 months,21.02,182.88,C,5 years,MORTGAGE,51260.0,Verified,car,23.92,1,688,36.43,Fully Paid,2026-05-23 22:00:00
11800,36 months,11.08,378.43,B,6 years,RENT,63656.0,Not Verified,debt_consolidation,22.75,1,718,36.6,Fully Paid,2026-03-25 05:00:00
6600,36 months,16.13,224.39,C,10+ years,MORTGAGE,55004.0,Not Verified,debt_consolidation,39.58,0,702,86.33,Fully Paid,2026-04-12 13:00:00
8400,36 months,9.8,262.45,A,5 years,MORTGAGE,64167.0,Verified,home_improvement,9.25,0,749,47.87,Fully Paid,2026-04-01 13:00:00
11000,60 months,15.13,256.69,C,2 years,MORTGAGE,25683.0,Verified,debt_consolidation,20.54,2,690,30.53,Charged Off,2026-03-22 02:00:00
16800,36 months,21.12,616.84,E,5 years,MORTGAGE,98725.0,Verified,home_improvement,16.14,0,671,22.87,Fully Paid,2026-04-02 18:00:00
14800,60 months,16.71,361.56,D,4 years,RENT,91062.0,Verified,debt_consolidation,11.96,0,684,52.27,Charged Off,2026-03-12 06:00:00
12600,36 months,16.52,446.22,D,10+ years,MORTGAGE,93400.0,Source Verified,debt_consolidation,12.89,0,697,49.5,Fully Paid,2026-03-04 01:00:00
10200,60 months,15.53,237.49,C,10+ years,OWN,85406.0,Source Verified,debt_consolidation,31.23,0,694,22.0,Fully Paid,2026-03-28 20:00:00
11200,36 months,20.51,416.29,E,10+ years,RENT,37796.0,Source Verified,debt_consolidation,8.54,0,672,60.17,Fully Paid,2026-03-09 10:00:00
11900,36 months,13.44,392.07,B,10+ years,OWN,23467.0,Not Verified,home_improvement,25.99,0,714,,Fully Paid,2026-04-02 06:00:00
14500,60 months,16.67,320.13,C,6 years,OWN,24621.0,Not Verified,debt_consolidation,16.13,0,743,82.17,Fully Paid,2026-05-13 13:00:00
12100,60 months,8.7,246.5,A,10+ years,MORTGAGE,36131.0,Source Verified,debt_consolidation,6.84,0,753,33.17,Fully Paid,2026-03-12 19:00:00
13200,36 months,10.25,427.48,B,10+ years,RENT,75600.0,Verified,major_purchase,35.18,0,714,44.0,Fully Paid,2026-03-03 18:00:00
7600,60 months,18.56,193.24,D,7 years,OWN,68150.0,Verified,credit_card,22.73,0,687,35.07,Fully Paid,2026-03-13 15:00:00
18700,60 months,16.49,430.19,C,10+ years,RENT,26250.0,Not Verified,credit_card,6.14,0,676,82.7,Fully Paid,2026-04-15 16:00:00
12500,36 months,11.82,405.22,B,9 years,RENT,81656.0,Not Verified,debt_consolidation,17.78,0,717,59.9,Charged Off,2026-03-24 07:00:00
10600,36 months,15.22,355.73,C,10+ years,MORTGAGE,35206.0,Not Verified,debt_consolidation,31.36,0,684,93.43,Fully Paid,2026-04-07 09:00:00
23500,36 months,14.32,806.83,C,10+ years,MORTGAGE,78400.0,Source Verified,debt_consolidation,15.37,0,704,29.5,Fully Paid,2026-03-06 21:00:00
18800,60 months,16.14,443.71,D,10+ years,MORTGAGE,18844.0,Verified,debt_consolidation,14.95,0,713,46.4,Fully Paid,2026-03-24 19:00:00
12500,60 months,8.15,242.53,A,7 years,MORTGAGE,152992.0,Not Verified,debt_consolidation,10.84,0,744,82.47,Fully Paid,2026-04-01 03:00:00
6200,36 months,8.02,187.27,A,3 years,MORTGAGE,176927.0,Not Verified,debt_consolidation,32.4,0,738,19.83,Fully Paid,2026-04-10 09:00:00
4900,36 months,19.7,173.97,D,10+ years,MORTGAGE,158288.0,Not Verified,debt_consolidation,9.76,0,673,76.2,Fully Paid,2026-04-15 07:00:00
8700,36 months,10.23,263.61,A,10+ years,MORTGAGE,44606.0,Not Verified,small_business,25.1,1,732,79.5,Fully Paid,2026-05-06 17:00:00
15800,36 months,17.53,547.94,D,5 years,MORTGAGE,51510.0,Not Verified,debt_consolidation,36.46,1,682,56.93,Fully Paid,2026-04-07 17:00:00
6600,60 months,13.37,135.0,B,6 years,MORTGAGE,75683.0,Not Verified,debt_consolidation,12.8,0,708,31.57,Fully Paid,2026-05-13 10:00:00
29300,36 months,16.05,987.94,D,10+ years,RENT,89688.0,Source Verified,credit_card,17.75,0,714,51.6,Fully Paid,2026-04-17 20:00:00
7600,36 months,7.74,232.03,A,3 years,OWN,94031.0,Source Verified,debt_consolidation,17.85,0,726,,Fully Paid,2026-03-26 17:00:00
18600,36 months,11.49,604.46,B,10+ years,MORTGAGE,71971.0,Not Verified,debt_consolidation,30.56,1,726,53.23,Fully Paid,2026-03-22 23:00:00
24400,36 months,14.81,825.78,C,,RENT,51375.0,Not Verified,debt_consolidation,17.49,1,699,71.9,Charged Off,2026-03-28 09:00:00
29800,36 months,19.35,1045.47,E,8 years,RENT,40317.0,Source Verified,debt_consolidation,21.57,0,680,57.27,Fully Paid,2026-04-20 02:00:00
9600,36 months,15.43,330.11,C,1 year,RENT,27600.0,Source Verified,debt_consolidation,23.15,1,702,59.23,Fully Paid,2026-03-18 15:00:00
6900,36 months,17.7,231.49,D,5 years,MORTGAGE,41404.0,Not Verified,debt_consolidation,7.3,0,701,70.57,Fully Paid,2026-05-13 00:00:00
10700,60 months,12.67,228.24,C,10+ years,MORTGAGE,139033.0,Source Verified,credit_card,19.41,0,715,99.03,Charged Off,2026-04-10 02:00:00
27800,36 months,22.44,997.24,D,10+ years,MORTGAGE,38238.0,Not Verified,debt_consolidation,7.07,0,686,69.87,Fully Paid,2026-05-12 20:00:00
19900,36 months,10.54,610.28,B,3 years,RENT,74667.0,Not Verified,debt_consolidation,22.64,0,747,74.43,Fully Paid,2026-05-03 18:00:00
24900,36 months,20.49,906.33,E,6 years,MORTGAGE,69300.0,Not Verified,debt_consolidation,10.65,0,681,67.37,Fully Paid,2026-04-01 02:00:00
17400,36 months,12.51,573.87,B,9 years,MORTGAGE,30954.0,Not Verified,medical,38.22,0,699,79.63,Fully Paid,2026-03-19 15:00:00
6800,36 months,13.57,218.05,C,10+ years,MORTGAGE,123333.0,Source Verified,debt_consolidation,27.66,1,699,79.13,Fully Paid,2026-04-27 20:00:00
22300,36 months,15.01,756.86,D,1 year,RENT,53156.0,Source Verified,debt_consolidation,5.37,0,696,74.1,Fully Paid,2026-03-29 08:00:00
13300,60 months,8.85,268.72,A,2 years,RENT,51271.0,Verified,credit_card,29.49,0,738,51.63,Fully Paid,2026-03-22 09:00:00
17700,36 months,13.67,556.04,B,6 years,MORTGAGE,35535.0,Verified,credit_card,9.24,1,721,82.73,Fully Paid,2026-05-23 13:00:00
12800,36 months,8.21,387.72,A,10+ years,MORTGAGE,50615.0,Not Verified,debt_consolidation,21.38,0,740,73.03,Charged Off,2026-04-08 11:00:00
19100,36 months,16.5,676.22,D,3 years,MORTGAGE,30000.0,Verified,debt_consolidation,20.33,0,670,47.6,Fully Paid,2026-03-02 09:00:00
8600,36 months,16.73,294.89,C,8 years,OWN,93525.0,Verified,credit_card,9.52,0,687,51.83,Fully Paid,2026-04-10 23:00:00
7300,36 months,11.6,232.48,B,1 year,RENT,186871.0,Verified,credit_card,25.66,0,709,37.63,Fully Paid,2026-04-09 00:00:00
7500,36 months,20.51,261.87,E,10+ years,RENT,52962.0,Verified,debt_consolidation,10.33,1,692,46.27,Fully Paid,2026-05-17 22:00:00
7000,60 months,12.04,142.07,A,7 years,OWN,22833.0,Source Verified,home_improvement,15.15,0,738,27.83,Fully Paid,2026-05-01 21:00:00
22900,36 months,8.33,710.55,A,4 years,MORTGAGE,43892.0,Source Verified,credit_card,18.62,0,750,76.23,Charged Off,2026-03-19 18:00:00
39500,36 months,7.25,1215.14,A,1 year,RENT,32215.0,Not Verified,debt_consolidation,26.87,0,741,32.27,Fully Paid,2026-03-15 21:00:00
13300,60 months,8.5,250.99,A,5 years,RENT,77473.0,Verified,other,16.52,1,742,50.97,Fully Paid,2026-04-25 14:00:00
10400,36 months,9.1,331.2,B,2 years,MORTGAGE,32900.0,Source Verified,debt_consolidation,16.49,0,699,65.5,Fully Paid,2026-03-05 05:00:00
9100,36 months,12.05,295.99,B,7 years,MORTGAGE,50906.0,Verified,debt_consolidation,20.87,0,715,13.9,Fully Paid,2026-03-23 03:00:00
16100,36 months,12.85,537.45,C,10+ years,RENT,24577.0,Not Verified,debt_consolidation,12.26,0,693,73.07,Fully Paid,2026-03-09 15:00:00
9800,36 months,17.47,351.69,D,< 1 year,RENT,112500.0,Verified,credit_card,19.11,1,685,31.1,Fully Paid,2026-03-05 02:00:00
15700,60 months,16.02,337.61,B,10+ years,MORTGAGE,113467.0,Not Verified,car,20.97,0,712,74.63,Fully Paid,2026-05-21 22:00:00
17500,36 months,10.02,560.74,B,8 years,MORTGAGE,90867.0,Verified,credit_card,16.01,0,730,13.07,Fully Paid,2026-03-09 05:00:00
9000,36 months,13.54,305.59,C,2 years,MORTGAGE,55100.0,Not Verified,credit_card,13.74,0,700,80.3,Fully Paid,2026-03-02 21:00:00
13800,36 months,14.67,439.93,B,4 years,MORTGAGE,109767.0,Source Verified,debt_consolidation,24.08,0,725,51.43,Fully Paid,2026-05-22 22:00:00
5800,36 months,12.16,190.32,B,3 years,MORTGAGE,51175.0,Source Verified,debt_consolidation,19.39,0,713,56.63,Fully Paid,2026-03-21 06:00:00
29700,36 months,19.28,1026.36,D,6 years,RENT,58906.0,Verified,credit_card,17.35,1,709,45.4,Fully Paid,2026-05-04 05:00:00
20000,36 months,20.4,747.35,E,< 1 year,MORTGAGE,92300.0,Verified,small_business,4.06,2,689,52.4,Fully Paid,2026-03-05 13:00:00
17500,36 months,13.0,585.44,B,10+ years,OWN,70598.0,Not Verified,debt_consolidation,19.0,0,699,38.67,Fully Paid,2026-03-09 13:00:00
9400,36 months,10.97,305.39,B,6 years,RENT,76962.0,Not Verified,small_business,9.31,0,725,95.17,Fully Paid,2026-03-14 01:00:00
19900,36 months,13.74,639.69,C,3 years,RENT,42833.0,Source Verified,debt_consolidation,11.29,0,724,40.03,Fully Paid,2026-05-02 20:00:00
7900,36 months,16.31,265.46,C,4 years,MORTGAGE,39804.0,Source Verified,debt_consolidation,10.02,0,683,78.07,Fully Paid,2026-04-26 02:00:00
13900,36 months,14.26,460.09,C,1 year,MORTGAGE,99885.0,Verified,credit_card,13.4,0,720,52.43,Fully Paid,2026-04-10 04:00:00
9500,36 months,8.57,295.81,B,10+ years,MORTGAGE,92479.0,Not Verified,credit_card,8.26,0,727,56.13,Fully Paid,2026-03-20 09:00:00
13200,36 months,11.78,433.9,B,10+ years,MORTGAGE,49252.0,Source Verified,credit_card,17.15,0,693,26.17,Fully Paid,2026-03-15 11:00:00
7100,36 months,13.83,231.87,B,9 years,RENT,45938.0,Not Verified,debt_consolidation,27.13,0,705,38.7,Fully Paid,2026-04-17 06:00:00
11000,60 months,15.22,257.21,C,9 years,MORTGAGE,76858.0,Verified,credit_card,24.99,0,699,58.73,Fully Paid,2026-03-19 02:00:00
15300,36 months,21.6,553.9,E,10+ years,MORTGAGE,40829.0,Source Verified,car,26.52,0,686,71.77,Charged Off,2026-04-25 06:00:00
16500,36 months,13.78,530.71,B,2 years,RENT,46917.0,Source Verified,credit_card,13.62,1,731,34.33,Fully Paid,2026-05-01 03:00:00
27500,60 months,16.58,605.9,D,5 years,OWN,59771.0,Verified,debt_consolidation,7.94,0,707,66.37,Fully Paid,2026-05-16 21:00:00
20300,36 months,9.63,628.01,A,3 years,MORTGAGE,56617.0,Not Verified,debt_consolidation,32.84,0,758,86.63,Charged Off,2026-04-09 16:00:00
9000,36 months,7.12,278.39,A,10+ years,MORTGAGE,71100.0,Source Verified,car,11.19,0,726,63.6,Fully Paid,2026-03-08 02:00:00
4600,60 months,24.29,129.12,F,10+ years,RENT,48844.0,Source Verified,debt_consolidation,13.93,1,704,30.3,Fully Paid,2026-03-23 07:00:00
7600,36 months,16.59,250.94,B,4 years,MORTGAGE,36733.0,Not Verified,major_purchase,6.25,0,720,62.07,Fully Paid,2026-05-11 06:00:00
6800,36 months,16.88,232.01,D,2 years,RENT,47425.0,Verified,debt_consolidation,11.23,0,708,42.0,Fully Paid,2026-04-13 16:00:00
10300,60 months,11.56,209.14,B,3 years,RENT,116594.0,Source Verified,debt_consolidation,15.25,0,719,68.17,Fully Paid,2026-04-23 21:00:00
9500,36 months,20.89,345.31,E,10+ years,RENT,61096.0,Verified,debt_consolidation,31.8,0,642,25.53,Charged Off,2026-04-10 23:00:00
9100,36 months,18.93,330.95,E,4 years,RENT,172431.0,Source Verified,credit_card,12.64,0,692,23.67,Fully Paid,2026-03-10 12:00:00
19100,60 months,13.14,388.56,A,5 years,MORTGAGE,116929.0,Source Verified,credit_card,30.58,0,721,40.87,Fully Paid,2026-05-12 02:00:00
11800,60 months,16.71,263.74,B,2 years,MORTGAGE,37212.0,Verified,debt_consolidation,13.18,0,710,69.3,Fully Paid,2026-05-10 00:00:00
21700,36 months,24.49,795.33,F,10+ years,RENT,76390.0,Not Verified,debt_consolidation,26.68,1,656,73.23,Charged Off,2026-05-23 06:00:00
8000,36 months,28.58,312.1,F,3 years,RENT,98642.0,Source Verified,debt_consolidation,22.89,0,665,84.57,Charged Off,2026-05-15 12:00:00
19200,60 months,19.89,491.64,D,10+ years,RENT,66094.0,Not Verified,debt_consolidation,22.69,0,687,77.7,Fully Paid,2026-03-26 10:00:00
6800,36 months,14.24,228.27,C,10+ years,RENT,59250.0,Verified,debt_consolidation,15.95,0,695,64.3,Fully Paid,2026-03-25 22:00:00
9800,36 months,9.22,308.09,A,,RENT,66317.0,Not Verified,home_improvement,7.04,0,752,54.03,Fully Paid,2026-03-16 03:00:00
4200,60 months,25.63,111.58,E,6 years,MORTGAGE,83867.0,Not Verified,other,12.87,1,671,86.13,Charged Off,2026-05-19 07:00:00
4900,36 months,20.55,176.04,E,10+ years,MORTGAGE,77700.0,Source Verified,debt_consolidation,13.62,0,682,76.6,Fully Paid,2026-04-19 06:00:00
13700,60 months,8.74,266.39,A,10+ years,MORTGAGE,126492.0,Verified,debt_consolidation,37.56,0,774,75.03,Fully Paid,2026-04-08 08:00:00
34700,36 months,16.09,1129.31,B,10+ years,MORTGAGE,68142.0,Source Verified,debt_consolidation,12.75,0,708,79.43,Fully Paid,2026-05-22 22:00:00
9400,36 months,10.67,290.98,B,10+ years,MORTGAGE,51165.0,Source Verified,debt_consolidation,18.49,0,753,40.87,Fully Paid,2026-04-24 22:00:00
6300,60 months,20.85,152.7,C,7 years,OWN,81225.0,Not Verified,debt_consolidation,9.67,0,700,31.67,Fully Paid,2026-05-13 03:00:00
8500,36 months,19.39,290.06,C,4 years,MORTGAGE,60048.0,Source Verified,debt_consolidation,8.52,0,707,95.03,Fully Paid,2026-05-19 10:00:00
9000,36 months,13.28,304.46,C,10+ years,RENT,74000.0,Not Verified,credit_card,16.92,0,688,58.4,Charged Off,2026-03-06 20:00:00
17700,36 months,14.4,591.28,C,8 years,RENT,113758.0,Source Verified,debt_consolidation,29.03,0,707,68.97,Charged Off,2026-03-30 15:00:00
32600,36 months,14.17,1054.51,C,10+ years,OWN,21167.0,Verified,credit_card,19.41,0,689,81.93,Charged Off,2026-04-30 11:00:00
14800,36 months,13.27,469.05,C,7 years,RENT,77188.0,Source Verified,debt_consolidation,13.61,0,709,63.6,Fully Paid,2026-05-10 05:00:00
11200,60 months,16.88,274.63,D,1 year,RENT,97427.0,Source Verified,debt_consolidation,30.83,0,682,48.87,Charged Off,2026-03-13 23:00:00
7000,36 months,12.41,228.87,B,10+ years,RENT,134438.0,Not Verified,credit_card,30.97,0,710,29.1,Fully Paid,2026-03-28 08:00:00
6900,36 months,11.52,217.88,A,,MORTGAGE,27388.0,Source Verified,debt_consolidation,5.01,0,741,67.8,Fully Paid,2026-04-13 13:00:00
3900,36 months,15.69,128.03,C,10+ years,MORTGAGE,67031.0,Not Verified,debt_consolidation,12.19,0,700,81.3,Fully Paid,2026-05-05 09:00:00
5000,36 months,18.17,179.94,D,10+ years,MORTGAGE,54442.0,Verified,debt_consolidation,14.09,0,683,51.27,Fully Paid,2026-03-10 22:00:00
17700,60 months,16.91,406.45,D,10+ years,OWN,12983.0,Source Verified,home_improvement,18.98,0,689,46.07,Fully Paid,2026-04-22 01:00:00
6700,36 months,24.09,257.93,E,< 1 year,RENT,93188.0,Not Verified,credit_card,8.94,1,670,16.3,Charged Off,2026-03-24 08:00:00
8000,60 months,29.13,249.71,G,2 years,RENT,46479.0,Verified,home_improvement,11.35,0,666,91.03,Charged Off,2026-03-22 19:00:00
9200,60 months,8.89,177.39,A,10+ years,OTHER,115675.0,Not Verified,debt_consolidation,9.61,0,734,60.8,Fully Paid,2026-04-14 03:00:00
19600,36 months,13.69,648.1,C,10+ years,RENT,266933.0,Source Verified,debt_consolidation,37.75,1,695,44.67,Charged Off,2026-04-03 22:00:00
8000,60 months,16.19,180.76,C,10+ years,OWN,41683.0,Not Verified,home_improvement,18.43,0,688,69.47,Fully Paid,2026-04-24 02:00:00
29900,36 months,15.86,1027.15,C,10+ years,MORTGAGE,38625.0,Source Verified,small_business,13.0,0,688,55.5,Fully Paid,2026-03-27 06:00:00
13500,36 months,17.82,456.95,D,6 years,MORTGAGE,49562.0,Source Verified,credit_card,8.0,0,686,62.6,Charged Off,2026-05-05 12:00:00
24700,36 months,24.53,975.94,F,6 years,RENT,52000.0,Not Verified,debt_consolidation,38.24,0,664,45.9,Charged Off,2026-03-04 03:00:00
5300,36 months,16.11,173.79,B,7 years,RENT,72833.0,Not Verified,debt_consolidation,19.33,0,720,76.77,Fully Paid,2026-05-15 05:00:00
8800,36 months,13.31,297.82,C,3 years,RENT,43800.0,Not Verified,debt_consolidation,10.06,0,689,31.7,Fully Paid,2026-03-04 02:00:00
7100,36 months,9.77,215.26,B,9 years,MORTGAGE,84833.0,Not Verified,debt_consolidation,29.52,1,738,70.93,Charged Off,2026-05-01 20:00:00
7600,60 months,15.76,175.89,C,10+ years,MORTGAGE,52708.0,Source Verified,debt_consolidation,11.81,0,688,38.27,Fully Paid,2026-03-30 06:00:00
14300,36 months,15.44,484.86,C,3 years,MORTGAGE,64533.0,Verified,major_purchase,20.3,0,692,79.47,Fully Paid,2026-03-30 12:00:00
30900,36 months,11.81,1023.52,C,5 years,MORTGAGE,94400.0,Not Verified,debt_consolidation,20.4,0,680,56.3,Fully Paid,2026-03-07 02:00:00
7000,36 months,14.6,227.85,C,3 years,MORTGAGE,78833.0,Not Verified,home_improvement,16.0,0,720,30.93,Fully Paid,2026-05-01 07:00:00
12400,36 months,12.17,409.91,B,10+ years,RENT,120340.0,Not Verified,debt_consolidation,26.67,0,704,91.07,Fully Paid,2026-03-09 07:00:00
5900,60 months,19.73,144.2,C,< 1 year,RENT,81915.0,Not Verified,credit_card,30.58,0,706,85.27,Charged Off,2026-04-26 07:00:00
5200,36 months,11.26,161.18,B,3 years,MORTGAGE,57333.0,Source Verified,home_improvement,14.32,0,747,81.53,Fully Paid,2026-04-27 00:00:00
2300,36 months,13.88,73.01,C,5 years,MORTGAGE,35942.0,Not Verified,credit_card,13.64,1,696,84.27,Fully Paid,2026-05-17 16:00:00
18500,60 months,17.92,429.7,C,10+ years,MORTGAGE,41167.0,Verified,credit_card,23.06,1,708,40.03,Fully Paid,2026-05-02 02:00:00
12700,36 months,15.2,432.21,C,8 years,RENT,45188.0,Source Verified,credit_card,15.91,0,681,39.9,Fully Paid,2026-03-29 22:00:00
10100,36 months,14.33,327.47,B,2 years,MORTGAGE,87167.0,Source Verified,credit_card,11.3,0,699,53.23,Fully Paid,2026-05-03 15:00:00
24300,36 months,16.74,809.9,C,2 years,MORTGAGE,20962.0,Not Verified,home_improvement,21.68,0,693,70.7,Charged Off,2026-05-06 04:00:00
20500,36 months,14.42,689.94,C,8 years,MORTGAGE,82875.0,Verified,credit_card,12.62,0,706,39.0,Fully Paid,2026-03-28 07:00:00
8800,60 months,11.11,189.63,B,9 years,RENT,62471.0,Verified,car,16.1,0,720,41.67,Fully Paid,2026-03-10 11:00:00
18900,60 months,21.26,462.23,E,10+ years,MORTGAGE,67212.0,Source Verified,credit_card,36.82,0,681,67.17,Charged Off,2026-05-14 07:00:00
6600,36 months,7.49,203.76,A,6 years,RENT,30256.0,Verified,debt_consolidation,27.22,0,742,40.77,Fully Paid,2026-03-10 16:00:00
11700,60 months,20.55,291.09,E,10+ years,RENT,114971.0,Source Verified,debt_consolidation,5.68,0,688,98.07,Fully Paid,2026-04-23 09:00:00
27600,36 months,14.62,938.22,C,7 years,RENT,150171.0,Verified,credit_card,10.43,0,695,43.83,Fully Paid,2026-03-22 02:00:00
10500,60 months,13.16,237.08,C,< 1 year,RENT,48567.0,Source Verified,credit_card,20.37,0,709,61.17,Fully Paid,2026-03-12 01:00:00
13000,60 months,19.58,309.82,C,< 1 year,MORTGAGE,170300.0,Not Verified,debt_consolidation,24.33,0,706,24.2,Fully Paid,2026-05-04 15:00:00
7600,36 months,12.18,251.27,B,,RENT,157254.0,Verified,debt_consolidation,23.83,0,698,68.27,Fully Paid,2026-03-11 06:00:00
12600,36 months,11.42,391.48,A,2 years,MORTGAGE,94167.0,Not Verified,credit_card,17.85,0,750,76.33,Fully Paid,2026-05-02 12:00:00
15900,36 months,26.21,608.96,E,10+ years,MORTGAGE,70583.0,Verified,debt_consolidation,7.64,1,684,92.63,Charged Off,2026-04-30 15:00:00
40000,36 months,9.41,1279.64,B,< 1 year,MORTGAGE,83400.0,Not Verified,credit_card,11.58,0,702,68.3,Fully Paid,2026-03-05 22:00:00
9100,36 months,26.51,364.27,G,7 years,MORTGAGE,69958.0,Verified,home_improvement,15.68,0,641,51.03,Charged Off,2026-03-19 00:00:00
16000,36 months,11.46,493.74,B,7 years,MORTGAGE,95144.0,Verified,credit_card,7.21,0,751,68.8,Fully Paid,2026-05-06 01:00:00
8600,60 months,14.52,189.22,B,9 years,RENT,148488.0,Not Verified,small_business,18.07,0,710,42.9,Fully Paid,2026-04-17 04:00:00
7500,36 months,11.77,246.5,B,,MORTGAGE,42300.0,Not Verified,credit_card,27.36,1,714,94.47,Fully Paid,2026-03-13 10:00:00
17100,60 months,22.19,422.13,D,3 years,OWN,74540.0,Source Verified,debt_consolidation,9.56,0,696,51.93,Fully Paid,2026-05-24 06:00:00
14300,36 months,13.78,476.88,C,1 year,MORTGAGE,54656.0,Source Verified,debt_consolidation,22.85,0,681,37.8,Fully Paid,2026-03-27 07:00:00
6300,60 months,18.18,160.6,D,1 year,RENT,48100.0,Verified,debt_consolidation,9.66,0,697,82.1,Fully Paid,2026-03-08 23:00:00
7500,36 months,16.03,243.87,B,1 year,MORTGAGE,79088.0,Verified,debt_consolidation,25.27,0,732,39.63,Fully Paid,2026-05-23 18:00:00
10000,60 months,11.06,217.72,B,,MORTGAGE,36400.0,Source Verified,debt_consolidation,12.9,0,738,48.2,Fully Paid,2026-03-02 13:00:00
8300,36 months,18.04,287.88,E,9 years,RENT,67725.0,Verified,debt_consolidation,20.21,0,705,85.3,Fully Paid,2026-04-15 17:00:00
19400,60 months,12.93,388.09,A,2 years,MORTGAGE,41625.0,Not Verified,debt_consolidation,16.81,0,765,47.23,Fully Paid,2026-05-20 16:00:00
6800,36 months,9.79,209.31,A,2 years,MORTGAGE,65450.0,Not Verified,major_purchase,12.78,0,750,70.2,Fully Paid,2026-04-13 00:00:00
11700,36 months,12.38,371.4,B,5 years,MORTGAGE,19304.0,Verified,credit_card,16.54,0,706,31.57,Fully Paid,2026-04-21 06:00:00
9100,36 months,13.78,301.29,B,10+ years,MORTGAGE,71317.0,Verified,medical,8.35,0,705,68.07,Fully Paid,2026-04-04 08:00:00
16600,60 months,10.0,348.63,B,9 years,RENT,47392.0,Not Verified,major_purchase,17.13,0,716,51.57,Charged Off,2026-03-11 11:00:00
16500,36 months,22.8,611.52,D,4 years,RENT,45850.0,Source Verified,debt_consolidation,23.55,0,684,65.1,Fully Paid,2026-04-14 00:00:00
11400,60 months,20.36,273.36,D,,MORTGAGE,31112.0,Not Verified,credit_card,9.68,1,686,62.27,Fully Paid,2026-05-13 00:00:00
12000,36 months,11.38,392.18,B,10+ years,MORTGAGE,41615.0,Source Verified,debt_consolidation,4.94,0,694,18.27,Fully Paid,2026-03-10 22:00:00
15500,36 months,20.81,543.48,D,< 1 year,MORTGAGE,30954.0,Not Verified,debt_consolidation,9.23,1,721,69.97,Fully Paid,2026-05-12 05:00:00
14600,60 months,15.1,332.94,C,4 years,RENT,37675.0,Verified,debt_consolidation,15.14,0,693,33.87,Fully Paid,2026-03-30 17:00:00
10600,36 months,12.71,340.59,C,5 years,RENT,45675.0,Verified,debt_consolidation,10.1,0,705,77.2,Fully Paid,2026-04-18 08:00:00
21000,36 months,10.87,681.26,B,10+ years,RENT,56204.0,Not Verified,debt_consolidation,10.11,0,707,28.17,Fully Paid,2026-03-14 18:00:00
15600,36 months,10.22,479.69,A,9 years,RENT,54581.0,Source Verified,medical,14.17,0,751,77.47,Fully Paid,2026-04-23 11:00:00
15600,60 months,13.17,348.36,C,3 years,MORTGAGE,46862.0,Verified,debt_consolidation,32.2,0,694,59.53,Fully Paid,2026-03-20 07:00:00
7100,36 months,20.79,261.3,D,8 years,RENT,115969.0,Verified,car,6.65,0,700,27.1,Fully Paid,2026-03-29 10:00:00
15400,60 months,15.73,340.47,D,9 years,RENT,58833.0,Verified,debt_consolidation,8.9,0,688,72.93,Fully Paid,2026-05-02 21:00:00
10900,60 months,16.48,267.85,D,5 years,MORTGAGE,21900.0,Verified,debt_consolidation,14.76,0,698,44.0,Fully Paid,2026-03-02 05:00:00
7200,36 months,15.45,242.42,C,6 years,RENT,153008.0,Verified,credit_card,23.53,0,689,54.83,Fully Paid,2026-04-12 16:00:00
9600,60 months,17.12,221.49,D,10+ years,MORTGAGE,39548.0,Not Verified,debt_consolidation,6.79,1,717,55.37,Fully Paid,2026-04-20 11:00:00
14100,36 months,13.62,475.9,C,1 year,RENT,175369.0,Not Verified,other,11.72,0,695,54.47,Fully Paid,2026-03-09 04:00:00
15000,36 months,11.04,480.77,B,10+ years,MORTGAGE,127594.0,Verified,debt_consolidation,10.11,0,724,57.4,Fully Paid,2026-03-25 19:00:00
15100,36 months,14.67,506.38,C,1 year,MORTGAGE,46108.0,Verified,debt_consolidation,13.17,0,688,37.47,Fully Paid,2026-04-04 05:00:00
10900,36 months,23.29,403.92,F,8 years,RENT,26992.0,Verified,debt_consolidation,6.81,0,655,64.07,Charged Off,2026-04-20 13:00:00
35200,60 months,16.94,773.08,C,10+ years,MORTGAGE,11640.0,Verified,credit_card,31.0,0,714,27.73,Fully Paid,2026-05-20 01:00:00
10200,36 months,19.77,352.44,E,5 years,MORTGAGE,33883.0,Verified,debt_consolidation,25.35,1,661,26.07,Fully Paid,2026-05-12 20:00:00
27300,36 months,13.31,910.8,C,6 years,RENT,25971.0,Source Verified,debt_consolidation,32.5,0,691,40.03,Fully Paid,2026-03-18 18:00:00
19900,36 months,6.4,609.01,A,6 years,RENT,45700.0,Not Verified,debt_consolidation,27.56,1,767,27.4,Fully Paid,2026-03-08 21:00:00
19000,36 months,12.84,638.72,C,6 years,MORTGAGE,55200.0,Source Verified,credit_card,20.23,1,689,42.7,Charged Off,2026-03-04 07:00:00
12700,60 months,31.89,398.42,G,5 years,RENT,122744.0,Source Verified,credit_card,15.9,0,671,67.97,Fully Paid,2026-04-21 11:00:00
4600,60 months,7.95,92.07,A,8 years,RENT,40244.0,Verified,debt_consolidation,24.89,0,766,42.87,Fully Paid,2026-03-09 20:00:00
4100,36 months,19.11,148.45,D,10+ years,MORTGAGE,19838.0,Verified,debt_consolidation,27.22,1,676,34.73,Charged Off,2026-03-17 09:00:00
8300,36 months,15.03,267.93,B,8 years,RENT,74892.0,Source Verified,credit_card,6.59,0,719,,Fully Paid,2026-05-11 22:00:00
7700,36 months,10.86,233.76,B,10+ years,MORTGAGE,64204.0,Source Verified,debt_consolidation,10.01,0,729,74.07,Fully Paid,2026-05-15 00:00:00
7500,60 months,20.73,181.31,D,,MORTGAGE,56525.0,Not Verified,home_improvement,32.09,0,695,28.37,Fully Paid,2026-05-13 22:00:00
15700,36 months,8.53,484.99,A,10+ years,MORTGAGE,96000.0,Source Verified,debt_consolidation,25.54,0,741,47.1,Fully Paid,2026-03-26 11:00:00
16500,36 months,18.85,574.81,D,10+ years,MORTGAGE,97546.0,Verified,credit_card,12.69,0,680,53.67,Charged Off,2026-04-25 19:00:00
16400,36 months,15.0,540.81,B,10+ years,MORTGAGE,84135.0,Source Verified,credit_card,21.37,1,714,59.57,Fully Paid,2026-04-24 01:00:00
13800,36 months,12.23,453.3,C,4 years,OWN,155825.0,Source Verified,credit_card,25.82,0,698,86.03,Charged Off,2026-03-17 02:00:00
11400,36 months,16.8,388.52,D,10+ years,RENT,105612.0,Source Verified,debt_consolidation,10.26,0,693,32.2,Fully Paid,2026-04-15 15:00:00
10100,60 months,16.3,231.36,C,< 1 year,MORTGAGE,42000.0,Not Verified,debt_consolidation,14.98,0,711,76.9,Fully Paid,2026-04-15 04:00:00
16900,60 months,9.29,336.96,A,1 year,RENT,114308.0,Verified,small_business,9.16,0,738,87.27,Fully Paid,2026-04-04 18:00:00
22100,36 months,10.84,675.73,A,2 years,MORTGAGE,56388.0,Verified,medical,32.51,0,771,34.1,Fully Paid,2026-05-06 03:00:00
13700,36 months,14.65,446.25,B,8 years,RENT,60500.0,Verified,medical,22.14,1,728,50.53,Fully Paid,2026-04-27 23:00:00
10100,60 months,9.88,199.42,A,4 years,RENT,60112.0,Verified,debt_consolidation,13.05,0,736,85.5,Charged Off,2026-04-18 03:00:00
12500,36 months,17.03,421.36,D,4 years,MORTGAGE,43417.0,Not Verified,home_improvement,27.68,0,699,79.73,Charged Off,2026-04-29 23:00:00
19900,36 months,14.72,644.17,D,10+ years,RENT,78731.0,Not Verified,debt_consolidation,18.13,0,708,51.4,Fully Paid,2026-05-04 16:00:00
19300,36 months,10.81,603.1,A,10+ years,RENT,163538.0,Verified,credit_card,23.22,1,778,76.6,Fully Paid,2026-04-17 19:00:00
15200,36 months,18.84,544.5,E,10+ years,RENT,110625.0,Source Verified,credit_card,20.97,0,678,64.7,Fully Paid,2026-03-24 11:00:00
7400,36 months,11.07,227.04,B,10+ years,MORTGAGE,40869.0,Verified,debt_consolidation,18.52,0,748,57.1,Fully Paid,2026-05-10 01:00:00
25100,36 months,11.48,780.54,A,1 year,RENT,54667.0,Verified,credit_card,12.2,0,745,58.13,Fully Paid,2026-05-02 19:00:00
22400,36 months,16.29,731.12,C,10+ years,RENT,123873.0,Not Verified,debt_consolidation,20.48,0,701,53.63,Fully Paid,2026-05-20 14:00:00
14200,60 months,21.09,380.89,D,8 years,RENT,63254.0,Source Verified,home_improvement,12.77,1,686,,Fully Paid,2026-03-12 21:00:00
11500,36 months,14.16,380.1,D,2 years,MORTGAGE,47927.0,Verified,home_improvement,22.85,0,707,73.13,Fully Paid,2026-04-09 23:00:00
14500,36 months,13.96,457.46,B,,RENT,58198.0,Not Verified,debt_consolidation,11.35,2,751,48.23,Fully Paid,2026-05-22 13:00:00
9600,60 months,11.55,197.19,A,10+ years,MORTGAGE,145950.0,Verified,credit_card,25.63,1,752,62.4,Fully Paid,2026-04-13 11:00:00
15100,36 months,16.46,494.07,B,10+ years,RENT,53573.0,Verified,debt_consolidation,21.64,1,725,54.93,Fully Paid,2026-05-20 06:00:00
14700,60 months,12.6,331.47,C,10+ years,RENT,93000.0,Source Verified,major_purchase,21.96,1,696,47.0,Fully Paid,2026-03-03 04:00:00
17100,36 months,10.11,552.65,B,4 years,RENT,123600.0,Not Verified,debt_consolidation,40.65,2,705,30.6,Fully Paid,2026-03-06 21:00:00
13200,36 months,18.9,453.71,C,5 years,RENT,35019.0,Source Verified,credit_card,20.43,0,688,36.7,Fully Paid,2026-05-04 11:00:00
21300,36 months,14.18,709.3,B,4 years,RENT,26950.0,Verified,major_purchase,14.68,0,703,31.17,Fully Paid,2026-04-02 14:00:00
28200,36 months,13.11,911.39,B,9 years,RENT,59412.0,Source Verified,home_improvement,10.83,0,716,62.8,Fully Paid,2026-04-18 02:00:00
6500,36 months,23.63,245.32,E,10+ years,RENT,40133.0,Verified,credit_card,6.02,0,667,88.73,Fully Paid,2026-04-12 15:00:00
12200,60 months,9.67,245.45,A,10+ years,RENT,103583.0,Verified,debt_consolidation,11.33,0,749,65.87,Fully Paid,2026-04-01 00:00:00
12000,36 months,14.04,379.03,B,10+ years,MORTGAGE,72381.0,Verified,debt_consolidation,21.09,0,704,50.83,Fully Paid,2026-05-18 01:00:00
11400,36 months,10.16,366.03,B,10+ years,RENT,18310.0,Verified,debt_consolidation,15.86,0,727,37.27,Fully Paid,2026-03-14 01:00:00
17600,60 months,17.36,399.19,C,10+ years,MORTGAGE,69306.0,Source Verified,debt_consolidation,7.76,0,705,66.5,Fully Paid,2026-05-04 00:00:00
7400,36 months,15.06,238.99,C,10+ years,MORTGAGE,55971.0,Not Verified,credit_card,4.75,2,713,87.77,Fully Paid,2026-05-11 11:00:00
4100,36 months,21.38,147.98,E,5 years,MORTGAGE,38950.0,Verified,debt_consolidation,9.08,0,671,76.07,Fully Paid,2026-04-26 22:00:00
14000,36 months,11.74,450.03,B,,RENT,26217.0,Source Verified,major_purchase,4.71,0,718,57.77,Charged Off,2026-04-05 00:00:00
10900,36 months,7.24,335.27,A,6 years,OWN,43083.0,Verified,debt_consolidation,26.1,0,739,6.77,Fully Paid,2026-03-13 22:00:00
14300,60 months,22.24,365.0,D,10+ years,MORTGAGE,132417.0,Not Verified,major_purchase,7.49,0,692,64.03,Charged Off,2026-05-02 20:00:00
20000,60 months,21.14,514.86,D,10+ years,OWN,71846.0,Verified,debt_consolidation,6.74,0,678,46.03,Fully Paid,2026-04-06 12:00:00
15600,36 months,10.01,499.79,B,2 years,MORTGAGE,106729.0,Verified,debt_consolidation,17.94,0,718,59.47,Charged Off,2026-03-09 14:00:00
16000,60 months,9.44,320.15,A,4 years,MORTGAGE,77092.0,Source Verified,credit_card,20.45,0,754,98.17,Charged Off,2026-04-01 02:00:00
14500,36 months,15.97,471.08,B,2 years,MORTGAGE,23433.0,Verified,debt_consolidation,16.29,0,698,32.23,Fully Paid,2026-05-18 03:00:00
11200,36 months,14.74,378.67,B,10+ years,MORTGAGE,63938.0,Not Verified,credit_card,13.13,0,728,66.9,Fully Paid,2026-03-29 05:00:00
12700,36 months,12.94,421.46,B,2 years,OWN,50504.0,Source Verified,debt_consolidation,24.02,1,725,81.43,Fully Paid,2026-03-16 09:00:00
6100,36 months,10.85,187.93,A,10+ years,MORTGAGE,69167.0,Verified,credit_card,33.72,0,741,55.73,Fully Paid,2026-04-30 19:00:00
7400,36 months,13.37,247.1,C,,OWN,152471.0,Not Verified,debt_consolidation,19.63,0,697,49.73,Fully Paid,2026-03-21 23:00:00
20400,36 months,16.28,665.75,C,< 1 year,MORTGAGE,44940.0,Verified,debt_consolidation,10.51,0,710,107.13,Fully Paid,2026-05-23 03:00:00
16900,36 months,18.52,573.67,D,5 years,RENT,133712.0,Not Verified,debt_consolidation,18.39,0,704,36.07,Fully Paid,2026-05-12 15:00:00
11600,60 months,20.05,273.23,D,1 year,RENT,79781.0,Not Verified,debt_consolidation,20.55,0,721,63.93,Fully Paid,2026-05-21 07:00:00
10300,36 months,20.25,358.32,D,3 years,RENT,71725.0,Not Verified,credit_card,30.17,1,675,69.87,Charged Off,2026-05-14 20:00:00
13700,60 months,17.99,340.41,E,2 years,RENT,48204.0,Verified,debt_consolidation,20.36,1,678,93.73,Charged Off,2026-03-21 09:00:00
6000,36 months,10.59,192.45,B,2 years,RENT,69671.0,Verified,debt_consolidation,9.08,2,711,47.13,Fully Paid,2026-03-18 23:00:00
14200,36 months,14.93,477.98,C,7 years,OWN,117700.0,Verified,credit_card,21.61,0,697,67.47,Fully Paid,2026-03-31 23:00:00
18500,36 months,21.24,675.71,E,10+ years,MORTGAGE,34310.0,Not Verified,debt_consolidation,5.09,1,674,24.43,Fully Paid,2026-04-11 13:00:00
6900,36 months,17.22,229.9,B,10+ years,MORTGAGE,55417.0,Source Verified,credit_card,23.42,1,703,30.17,Fully Paid,2026-05-17 04:00:00
10000,36 months,15.95,331.9,C,3 years,RENT,59083.0,Verified,debt_consolidation,15.95,0,702,64.03,Fully Paid,2026-04-30 10:00:00
18400,36 months,14.37,601.26,B,9 years,RENT,42452.0,Verified,debt_consolidation,18.41,0,718,94.47,Fully Paid,2026-04-20 04:00:00
11800,36 months,16.0,386.32,C,10+ years,RENT,81621.0,Verified,credit_card,20.03,1,710,93.77,Fully Paid,2026-05-14 12:00:00
7700,36 months,18.91,268.47,D,< 1 year,RENT,68846.0,Source Verified,other,26.43,0,707,42.07,Fully Paid,2026-04-26 05:00:00
7900,36 months,20.71,288.43,D,10+ years,RENT,43450.0,Source Verified,medical,6.07,0,691,34.37,Fully Paid,2026-04-05 22:00:00
18100,36 months,12.21,585.82,B,10+ years,MORTGAGE,265008.0,Not Verified,debt_consolidation,18.53,1,718,61.47,Fully Paid,2026-04-01 19:00:00
10200,36 months,13.49,331.48,C,10+ years,MORTGAGE,61075.0,Not Verified,debt_consolidation,11.08,0,719,57.9,Fully Paid,2026-04-14 01:00:00
20300,36 months,16.14,710.09,C,10+ years,RENT,74417.0,Source Verified,credit_card,45.25,1,713,85.67,Charged Off,2026-03-13 00:00:00
17300,60 months,19.92,419.97,D,10+ years,RENT,92750.0,Verified,credit_card,31.87,0,671,66.73,Charged Off,2026-05-02 19:00:00
5800,60 months,18.08,136.71,D,10+ years,RENT,104294.0,Source Verified,credit_card,19.77,1,691,60.27,Fully Paid,2026-04-26 14:00:00
7000,36 months,17.46,237.41,C,2 years,MORTGAGE,50500.0,Verified,debt_consolidation,8.73,1,715,28.23,Fully Paid,2026-04-27 08:00:00
2500,36 months,14.01,81.86,C,2 years,RENT,20825.0,Source Verified,credit_card,13.63,0,706,58.4,Fully Paid,2026-04-15 00:00:00
8400,36 months,14.7,271.83,C,5 years,RENT,38512.0,Verified,debt_consolidation,15.39,2,711,28.1,Fully Paid,2026-05-07 08:00:00
6200,60 months,26.44,167.52,E,10+ years,MORTGAGE,90419.0,Not Verified,debt_consolidation,18.1,0,669,59.93,Charged Off,2026-05-18 16:00:00
15300,36 months,19.2,539.41,D,9 years,RENT,77525.0,Not Verified,debt_consolidation,12.3,0,693,38.7,Fully Paid,2026-04-19 04:00:00
12700,36 months,16.79,435.85,C,10+ years,MORTGAGE,67277.0,Verified,debt_consolidation,9.06,1,709,19.83,Fully Paid,2026-04-06 18:00:00
9200,36 months,13.13,308.35,C,10+ years,MORTGAGE,33977.0,Source Verified,home_improvement,5.12,2,698,63.97,Fully Paid,2026-03-13 15:00:00
9200,36 months,11.3,283.23,B,10+ years,MORTGAGE,117000.0,Not Verified,major_purchase,31.73,1,751,83.2,Fully Paid,2026-05-10 10:00:00
8700,36 months,18.89,296.88,C,2 years,RENT,39267.0,Not Verified,credit_card,15.15,1,682,64.27,Fully Paid,2026-05-15 19:00:00
4300,60 months,15.32,94.18,B,10+ years,RENT,66000.0,Verified,debt_consolidation,8.21,0,699,51.33,Charged Off,2026-05-02 08:00:00
14400,36 months,12.26,446.34,B,1 year,OWN,45917.0,Verified,debt_consolidation,16.93,0,743,36.07,Fully Paid,2026-05-12 20:00:00
5200,36 months,15.54,169.11,B,6 years,MORTGAGE,47975.0,Source Verified,major_purchase,20.06,0,724,77.57,Fully Paid,2026-05-16 19:00:00
24700,36 months,34.5,1048.55,G,5 years,RENT,39731.0,Verified,debt_consolidation,20.83,0,648,99.9,Charged Off,2026-05-06 22:00:00
14400,36 months,15.68,482.98,C,4 years,OWN,40512.0,Verified,debt_consolidation,9.66,0,703,62.4,Fully Paid,2026-04-13 10:00:00
29800,36 months,10.45,960.86,B,,RENT,68835.0,Not Verified,credit_card,13.29,0,685,24.67,Fully Paid,2026-03-11 13:00:00
11400,36 months,6.65,350.18,A,6 years,MORTGAGE,89500.0,Not Verified,debt_consolidation,28.93,0,748,26.5,Fully Paid,2026-03-04 10:00:00
18300,60 months,18.85,463.21,D,10+ years,MORTGAGE,102542.0,Source Verified,medical,19.93,0,694,43.53,Charged Off,2026-03-19 15:00:00
7600,36 months,13.3,248.1,B,10+ years,MORTGAGE,79640.0,Not Verified,debt_consolidation,8.38,1,703,23.63,Fully Paid,2026-04-07 20:00:00
23800,60 months,14.26,508.73,C,10+ years,RENT,28667.0,Not Verified,home_improvement,19.9,0,712,69.73,Fully Paid,2026-04-30 05:00:00
22200,60 months,13.91,487.23,C,2 years,MORTGAGE,61633.0,Verified,small_business,18.57,1,687,77.93,Fully Paid,2026-04-08 23:00:00
20200,36 months,11.06,661.9,C,6 years,MORTGAGE,82200.0,Source Verified,other,15.41,0,701,47.3,Fully Paid,2026-03-04 06:00:00
33200,36 months,13.79,1115.28,D,10+ years,MORTGAGE,33062.0,Source Verified,small_business,26.65,0,694,64.23,Fully Paid,2026-03-20 20:00:00
31100,36 months,16.55,1018.91,C,5 years,MORTGAGE,22740.0,Not Verified,credit_card,36.05,0,730,41.53,Fully Paid,2026-05-20 03:00:00
9900,36 months,11.34,300.46,B,< 1 year,OWN,54190.0,Not Verified,debt_consolidation,9.05,0,739,73.63,Charged Off,2026-05-23 08:00:00
10200,60 months,22.59,273.6,E,10+ years,OWN,24658.0,Not Verified,debt_consolidation,20.79,1,662,54.37,Charged Off,2026-03-31 18:00:00
7500,60 months,19.64,178.98,C,5 years,MORTGAGE,28438.0,Verified,credit_card,14.94,0,690,62.4,Fully Paid,2026-05-10 01:00:00
13200,36 months,19.03,457.78,E,10+ years,RENT,31667.0,Not Verified,debt_consolidation,18.94,0,685,73.93,Charged Off,2026-04-29 13:00:00
13200,36 months,19.54,451.4,D,7 years,RENT,27365.0,Verified,debt_consolidation,14.18,0,699,80.93,Charged Off,2026-05-18 06:00:00
13300,36 months,19.65,458.77,C,10+ years,MORTGAGE,46392.0,Not Verified,debt_consolidation,32.21,0,689,55.87,Fully Paid,2026-05-12 01:00:00
7100,36 months,18.26,245.29,C,10+ years,RENT,43477.0,Source Verified,debt_consolidation,23.29,2,694,91.97,Fully Paid,2026-04-25 15:00:00
11100,36 months,20.91,406.38,E,4 years,MORTGAGE,43542.0,Not Verified,debt_consolidation,22.03,0,651,59.67,Fully Paid,2026-04-05 02:00:00
5400,36 months,17.78,185.29,C,9 years,RENT,62269.0,Not Verified,debt_consolidation,3.58,0,689,43.47,Fully Paid,2026-04-21 11:00:00
14000,36 months,14.35,470.7,C,10+ years,MORTGAGE,72469.0,Not Verified,debt_consolidation,34.26,0,730,61.4,Fully Paid,2026-03-27 05:00:00
11000,60 months,13.46,241.7,B,< 1 year,MORTGAGE,58850.0,Verified,credit_card,31.87,0,727,71.27,Charged Off,2026-04-03 00:00:00
10100,36 months,17.04,342.94,C,< 1 year,MORTGAGE,49627.0,Source Verified,credit_card,13.86,0,689,64.77,Fully Paid,2026-04-20 22:00:00
7900,36 months,10.52,245.81,B,7 years,OWN,111912.0,Not Verified,debt_consolidation,39.53,0,762,63.4,Fully Paid,2026-04-16 03:00:00
8000,36 months,14.38,263.35,B,< 1 year,MORTGAGE,51888.0,Source Verified,debt_consolidation,25.02,0,717,28.0,Fully Paid,2026-04-17 20:00:00
5300,36 months,17.93,186.15,C,6 years,RENT,93225.0,Source Verified,home_improvement,12.91,0,724,63.17,Fully Paid,2026-04-05 18:00:00
9100,36 months,11.67,292.22,B,10+ years,MORTGAGE,23742.0,Not Verified,debt_consolidation,22.14,0,750,34.47,Fully Paid,2026-04-04 22:00:00
7500,36 months,6.46,229.73,A,9 years,MORTGAGE,157300.0,Source Verified,debt_consolidation,11.71,0,735,29.2,Fully Paid,2026-03-02 16:00:00
14500,36 months,13.95,470.94,B,< 1 year,OWN,67565.0,Source Verified,debt_consolidation,7.25,0,719,75.07,Fully Paid,2026-04-21 15:00:00
11700,60 months,16.66,270.18,C,7 years,RENT,33775.0,Verified,debt_consolidation,21.36,1,718,72.3,Fully Paid,2026-04-16 01:00:00
37000,36 months,17.01,1220.29,C,2 years,MORTGAGE,112233.0,Verified,debt_consolidation,22.48,0,706,93.83,Fully Paid,2026-05-19 01:00:00
23400,36 months,19.31,826.26,C,1 year,RENT,105788.0,Source Verified,debt_consolidation,15.72,0,694,73.0,Fully Paid,2026-04-16 23:00:00
8400,36 months,18.77,296.44,D,5 years,MORTGAGE,48823.0,Verified,debt_consolidation,37.47,1,659,63.93,Charged Off,2026-04-06 01:00:00
8500,60 months,12.94,193.14,C,2 years,MORTGAGE,47900.0,Not Verified,small_business,14.59,0,693,22.7,Fully Paid,2026-03-02 19:00:00
25100,36 months,12.55,828.29,B,10+ years,RENT,61046.0,Source Verified,car,9.2,0,686,51.93,Charged Off,2026-03-16 07:00:00
16800,60 months,15.04,382.6,C,,OWN,46200.0,Source Verified,home_improvement,11.73,1,681,54.57,Fully Paid,2026-04-01 01:00:00
23700,36 months,14.39,791.6,C,10+ years,RENT,24383.0,Verified,home_improvement,16.86,0,703,21.57,Fully Paid,2026-04-04 08:00:00
30100,60 months,16.96,715.45,E,10+ years,RENT,53533.0,Source Verified,debt_consolidation,21.73,0,703,86.37,Fully Paid,2026-03-31 05:00:00
5200,36 months,8.86,160.23,A,10+ years,MORTGAGE,25117.0,Verified,small_business,12.04,0,735,52.47,Fully Paid,2026-04-05 21:00:00
9100,36 months,17.04,304.6,D,10+ years,RENT,20881.0,Not Verified,debt_consolidation,9.55,1,695,46.1,Fully Paid,2026-05-05 21:00:00
21500,60 months,16.22,519.64,D,5 years,MORTGAGE,81271.0,Verified,debt_consolidation,7.65,0,680,65.27,Charged Off,2026-03-09 07:00:00
8400,60 months,13.93,188.68,C,1 year,MORTGAGE,42750.0,Not Verified,debt_consolidation,13.23,2,669,94.5,Fully Paid,2026-03-25 08:00:00
23200,36 months,11.74,762.18,C,10+ years,MORTGAGE,39656.0,Not Verified,debt_consolidation,6.78,0,703,40.67,Fully Paid,2026-03-14 05:00:00
3700,36 months,11.56,119.49,B,3 years,MORTGAGE,25406.0,Verified,major_purchase,35.72,0,719,82.0,Fully Paid,2026-03-23 17:00:00
12300,36 months,14.32,398.74,B,10+ years,RENT,48083.0,Source Verified,debt_consolidation,9.02,0,675,36.73,Fully Paid,2026-04-27 12:00:00
9600,36 months,12.51,321.2,B,2 years,MORTGAGE,19600.0,Not Verified,major_purchase,15.61,1,708,66.2,Fully Paid,2026-03-07 22:00:00
13600,36 months,11.54,435.9,B,8 years,MORTGAGE,85433.0,Verified,major_purchase,20.04,0,710,40.37,Fully Paid,2026-04-03 03:00:00
26400,60 months,7.59,530.13,A,10+ years,MORTGAGE,28900.0,Not Verified,credit_card,23.33,0,752,31.2,Charged Off,2026-03-04 09:00:00
40000,36 months,17.3,1324.75,B,6 years,MORTGAGE,45788.0,Source Verified,debt_consolidation,13.35,1,706,108.73,Fully Paid,2026-05-23 07:00:00
13700,36 months,14.36,444.38,B,10+ years,RENT,27250.0,Verified,debt_consolidation,15.61,0,726,66.83,Fully Paid,2026-05-02 21:00:00
3800,36 months,25.55,150.18,E,8 years,MORTGAGE,117779.0,Not Verified,debt_consolidation,13.75,0,670,28.63,Fully Paid,2026-03-18 12:00:00
4200,36 months,15.59,144.75,C,10+ years,MORTGAGE,43604.0,Source Verified,credit_card,50.0,0,705,59.43,Charged Off,2026-03-19 22:00:00
4500,60 months,10.11,94.75,B,10+ years,MORTGAGE,54638.0,Not Verified,major_purchase,24.94,1,711,52.87,Charged Off,2026-03-09 01:00:00
8000,36 months,26.58,314.2,F,6 years,MORTGAGE,61006.0,Source Verified,debt_consolidation,13.5,0,686,40.43,Charged Off,2026-04-08 03:00:00
13600,36 months,18.01,461.59,C,4 years,RENT,37781.0,Verified,home_improvement,27.83,0,685,88.9,Charged Off,2026-05-08 03:00:00
20800,36 months,19.12,727.37,D,9 years,MORTGAGE,42538.0,Source Verified,debt_consolidation,36.83,0,671,88.47,Charged Off,2026-04-21 09:00:00
9600,36 months,23.97,351.75,E,< 1 year,RENT,77188.0,Verified,debt_consolidation,14.57,0,671,55.97,Fully Paid,2026-05-17 22:00:00
6700,36 months,12.55,217.92,B,10+ years,MORTGAGE,33458.0,Source Verified,debt_consolidation,11.59,0,724,26.07,Fully Paid,2026-04-05 19:00:00
15500,36 months,12.53,507.67,B,7 years,MORTGAGE,126750.0,Not Verified,debt_consolidation,32.85,0,693,64.2,Fully Paid,2026-03-24 19:00:00
10700,36 months,15.08,358.36,C,7 years,RENT,121744.0,Source Verified,debt_consolidation,14.17,0,688,32.83,Fully Paid,2026-04-08 18:00:00
15600,36 months,12.11,511.54,B,10+ years,MORTGAGE,27792.0,Not Verified,home_improvement,32.02,0,717,58.13,Fully Paid,2026-03-17 07:00:00
10100,36 months,13.31,315.61,B,2 years,RENT,31219.0,Verified,debt_consolidation,7.27,0,728,57.53,Fully Paid,2026-05-21 12:00:00
3900,36 months,11.2,126.21,B,< 1 year,RENT,31338.0,Not Verified,credit_card,28.74,1,710,60.43,Fully Paid,2026-03-16 20:00:00
9300,36 months,22.22,344.3,E,2 years,RENT,69248.0,Source Verified,credit_card,19.32,0,673,81.93,Charged Off,2026-04-08 17:00:00
26700,36 months,14.36,878.68,C,2 years,MORTGAGE,58275.0,Verified,home_improvement,13.85,0,683,59.7,Fully Paid,2026-04-16 21:00:00
5600,36 months,11.45,184.53,C,10+ years,MORTGAGE,102100.0,Not Verified,home_improvement,18.97,0,703,76.8,Fully Paid,2026-03-06 06:00:00
10600,36 months,19.17,376.18,D,10+ years,RENT,17379.0,Not Verified,home_improvement,26.66,0,681,50.63,Fully Paid,2026-04-10 04:00:00
12500,36 months,18.56,439.83,E,10+ years,MORTGAGE,36819.0,Source Verified,debt_consolidation,19.57,1,689,,Fully Paid,2026-04-07 13:00:00
14200,60 months,15.0,326.74,C,8 years,MORTGAGE,35625.0,Not Verified,car,22.27,0,698,16.5,Fully Paid,2026-03-28 13:00:00
17800,36 months,12.89,594.54,B,< 1 year,MORTGAGE,47196.0,Verified,major_purchase,12.12,0,704,62.57,Fully Paid,2026-03-13 20:00:00
8600,60 months,8.07,174.67,A,3 years,OWN,77900.0,Verified,car,23.98,1,741,54.0,Fully Paid,2026-03-07 06:00:00
3200,36 months,11.35,105.3,C,7 years,RENT,59500.0,Source Verified,home_improvement,10.81,1,682,47.7,Fully Paid,2026-03-05 06:00:00
12700,36 months,14.95,424.56,C,5 years,MORTGAGE,142975.0,Not Verified,debt_consolidation,24.69,0,708,29.13,Fully Paid,2026-04-12 05:00:00
18400,36 months,7.85,571.09,A,10+ years,OWN,24675.0,Source Verified,credit_card,23.36,0,739,61.67,Fully Paid,2026-03-11 17:00:00
15600,36 months,16.26,508.95,B,6 years,RENT,43629.0,Not Verified,debt_consolidation,15.61,0,714,90.83,Fully Paid,2026-05-23 15:00:00
30100,36 months,18.7,1083.66,D,7 years,OWN,50217.0,Source Verified,debt_consolidation,20.94,1,666,49.83,Fully Paid,2026-03-17 10:00:00
10500,36 months,20.51,374.41,D,5 years,OWN,47662.0,Verified,debt_consolidation,8.47,1,697,64.47,Fully Paid,2026-04-21 17:00:00
17600,36 months,15.36,579.21,B,4 years,RENT,29583.0,Verified,major_purchase,24.4,0,704,63.53,Fully Paid,2026-04-30 16:00:00
40000,36 months,17.01,1377.03,C,7 years,RENT,59662.0,Source Verified,debt_consolidation,23.0,0,702,89.93,Fully Paid,2026-04-09 21:00:00
36000,60 months,18.61,830.4,C,10+ years,MORTGAGE,56921.0,Verified,credit_card,6.48,0,697,54.57,Fully Paid,2026-05-16 05:00:00
8800,36 months,16.41,308.99,E,10+ years,RENT,50035.0,Source Verified,credit_card,9.51,0,683,75.17,Fully Paid,2026-03-11 01:00:00
12700,36 months,12.43,418.37,B,10+ years,RENT,60854.0,Source Verified,credit_card,19.68,0,721,67.93,Fully Paid,2026-03-22 02:00:00
4300,36 months,17.43,151.03,D,10+ years,RENT,163969.0,Not Verified,debt_consolidation,42.52,0,680,86.1,Charged Off,2026-03-25 07:00:00
21000,60 months,30.5,679.42,G,< 1 year,RENT,110058.0,Not Verified,debt_consolidation,10.22,0,668,18.27,Fully Paid,2026-03-12 17:00:00
14100,60 months,8.89,281.8,A,,OWN,42000.0,Verified,credit_card,17.79,0,744,76.1,Charged Off,2026-03-29 12:00:00
10600,60 months,17.73,259.07,D,3 years,RENT,64219.0,Verified,home_improvement,12.33,1,697,81.4,Fully Paid,2026-03-26 18:00:00
34400,60 months,23.99,901.66,E,6 years,MORTGAGE,45094.0,Source Verified,debt_consolidation,22.21,0,685,86.1,Charged Off,2026-05-08 18:00:00
9800,60 months,29.03,302.36,G,9 years,MORTGAGE,73594.0,Source Verified,credit_card,7.02,0,651,33.1,Charged Off,2026-03-29 08:00:00
6700,36 months,19.38,230.23,C,9 years,RENT,123025.0,Not Verified,home_improvement,11.89,0,685,31.87,Fully Paid,2026-05-17 19:00:00
10700,36 months,14.35,344.51,B,3 years,OWN,91488.0,Verified,debt_consolidation,15.11,0,728,92.3,Fully Paid,2026-05-07 11:00:00
16400,36 months,18.31,555.03,D,,MORTGAGE,45600.0,Not Verified,debt_consolidation,7.08,0,691,66.27,Fully Paid,2026-05-13 22:00:00
5800,36 months,7.94,180.26,A,10+ years,MORTGAGE,86069.0,Source Verified,debt_consolidation,16.19,1,754,43.37,Fully Paid,2026-03-10 09:00:00
7600,60 months,16.27,164.37,C,< 1 year,OWN,41702.0,Source Verified,debt_consolidation,13.32,0,711,76.63,Fully Paid,2026-05-21 18:00:00
7700,36 months,11.18,240.15,A,10+ years,RENT,38950.0,Source Verified,credit_card,24.07,0,768,55.47,Fully Paid,2026-04-26 10:00:00
12600,60 months,24.42,326.3,E,< 1 year,RENT,44477.0,Source Verified,credit_card,16.69,0,677,70.53,Fully Paid,2026-05-21 09:00:00
11300,36 months,16.27,387.69,D,1 year,RENT,24842.0,Verified,debt_consolidation,12.97,0,688,86.97,Fully Paid,2026-04-01 10:00:00
11600,36 months,19.06,393.99,D,2 years,RENT,107300.0,Not Verified,credit_card,19.83,0,691,53.23,Fully Paid,2026-05-18 18:00:00
19500,60 months,11.83,398.48,B,3 years,RENT,46638.0,Verified,debt_consolidation,14.82,0,712,51.17,Fully Paid,2026-04-22 17:00:00
26100,60 months,10.61,562.41,B,10+ years,RENT,110400.0,Verified,credit_card,17.58,0,719,54.7,Fully Paid,2026-03-03 15:00:00
39100,36 months,18.84,1390.91,D,2 years,MORTGAGE,103033.0,Verified,debt_consolidation,29.69,1,697,59.97,Charged Off,2026-04-05 20:00:00
15200,36 months,18.71,551.12,D,2 years,RENT,29081.0,Verified,debt_consolidation,10.23,0,680,65.47,Fully Paid,2026-03-12 16:00:00
11800,36 months,19.21,401.64,D,10+ years,RENT,57196.0,Not Verified,small_business,25.45,1,714,102.53,Charged Off,2026-05-18 23:00:00
13900,36 months,10.72,443.44,C,10+ years,MORTGAGE,40781.0,Source Verified,debt_consolidation,14.23,1,728,65.1,Charged Off,2026-03-23 11:00:00
11800,36 months,9.22,370.97,A,10+ years,MORTGAGE,47533.0,Source Verified,debt_consolidation,24.77,0,751,54.23,Fully Paid,2026-03-21 22:00:00
16100,36 months,18.93,565.47,E,8 years,OWN,105612.0,Verified,debt_consolidation,13.2,0,678,48.0,Fully Paid,2026-04-19 12:00:00
22200,60 months,18.21,536.45,D,8 years,MORTGAGE,47031.0,Verified,credit_card,9.69,0,669,71.93,Fully Paid,2026-04-11 08:00:00
9200,36 months,10.06,294.96,B,9 years,MORTGAGE,12533.0,Not Verified,debt_consolidation,22.42,1,717,63.67,Fully Paid,2026-03-09 20:00:00
11000,36 months,33.45,460.66,G,3 years,OWN,36481.0,Verified,home_improvement,21.43,0,640,51.8,Charged Off,2026-05-04 16:00:00
6100,36 months,16.25,200.43,B,6 years,MORTGAGE,54704.0,Not Verified,credit_card,12.06,0,696,66.67,Fully Paid,2026-05-12 09:00:00
10100,60 months,17.36,231.67,C,10+ years,RENT,90833.0,Not Verified,home_improvement,11.7,0,695,58.13,Fully Paid,2026-05-02 06:00:00
9500,36 months,10.29,292.42,A,9 years,MORTGAGE,45783.0,Not Verified,home_improvement,5.19,0,739,58.97,Fully Paid,2026-04-25 08:00:00
31700,36 months,12.03,1023.32,C,10+ years,MORTGAGE,108442.0,Not Verified,debt_consolidation,4.13,0,721,68.67,Fully Paid,2026-04-04 20:00:00
11900,36 months,13.45,386.5,B,9 years,MORTGAGE,68250.0,Not Verified,debt_consolidation,14.21,0,727,40.7,Fully Paid,2026-04-13 16:00:00
15300,36 months,13.39,496.49,C,2 years,RENT,121450.0,Not Verified,car,9.68,0,710,35.9,Fully Paid,2026-04-14 01:00:00
6000,36 months,9.13,189.77,B,7 years,MORTGAGE,120046.0,Verified,car,12.67,0,704,69.87,Fully Paid,2026-03-15 07:00:00
10000,36 months,15.89,351.03,C,1 year,RENT,54800.0,Source Verified,debt_consolidation,24.01,1,713,50.1,Charged Off,2026-03-08 12:00:00
15000,36 months,20.28,548.17,D,4 years,RENT,133406.0,Verified,debt_consolidation,44.53,2,692,19.8,Fully Paid,2026-03-28 01:00:00
14200,36 months,11.08,448.79,B,7 years,MORTGAGE,65754.0,Source Verified,debt_consolidation,32.43,0,706,80.13,Fully Paid,2026-04-06 17:00:00
7200,36 months,9.23,228.05,B,3 years,OWN,67269.0,Not Verified,credit_card,15.4,2,705,14.17,Fully Paid,2026-03-09 11:00:00
6000,36 months,11.55,196.57,B,4 years,MORTGAGE,39950.0,Not Verified,credit_card,15.96,0,714,28.77,Fully Paid,2026-03-09 09:00:00
10000,36 months,14.2,318.93,B,< 1 year,MORTGAGE,35862.0,Not Verified,debt_consolidation,28.07,1,715,52.17,Fully Paid,2026-05-15 20:00:00
10300,36 months,14.34,343.78,B,10+ years,RENT,42350.0,Verified,debt_consolidation,17.23,0,711,45.17,Fully Paid,2026-04-04 22:00:00
16400,36 months,14.2,534.59,B,10+ years,OWN,74312.0,Source Verified,home_improvement,9.84,0,710,30.47,Fully Paid,2026-04-24 10:00:00
6200,36 months,10.82,193.77,B,9 years,MORTGAGE,79188.0,Source Verified,debt_consolidation,19.96,0,757,71.6,Fully Paid,2026-04-14 20:00:00
9300,36 months,10.56,285.29,B,6 years,RENT,73833.0,Not Verified,debt_consolidation,11.96,0,744,32.13,Fully Paid,2026-05-02 07:00:00
8200,36 months,11.08,253.49,A,9 years,MORTGAGE,43167.0,Verified,home_improvement,13.77,0,769,72.53,Fully Paid,2026-04-27 09:00:00
10900,36 months,11.9,353.76,B,2 years,RENT,35625.0,Verified,credit_card,5.49,0,720,38.7,Fully Paid,2026-03-28 19:00:00
7500,36 months,18.65,255.06,D,10+ years,RENT,49558.0,Verified,debt_consolidation,11.06,1,703,91.37,Fully Paid,2026-05-17 05:00:00
13400,36 months,12.12,433.14,B,10+ years,MORTGAGE,163258.0,Not Verified,debt_consolidation,15.35,1,733,61.47,Fully Paid,2026-04-04 00:00:00
2800,36 months,15.87,91.5,B,10+ years,MORTGAGE,121838.0,Verified,debt_consolidation,27.5,1,711,84.47,Fully Paid,2026-05-17 03:00:00
11500,60 months,20.09,292.59,E,10+ years,MORTGAGE,59308.0,Verified,debt_consolidation,13.25,0,696,18.37,Fully Paid,2026-04-03 02:00:00
24200,60 months,15.05,570.02,C,3 years,MORTGAGE,83523.0,Source Verified,debt_consolidation,5.22,0,717,18.87,Fully Paid,2026-03-12 06:00:00
15600,36 months,10.06,471.48,B,2 years,RENT,156081.0,Not Verified,debt_consolidation,26.09,0,717,28.7,Fully Paid,2026-05-06 06:00:00
9800,36 months,7.32,304.03,A,5 years,MORTGAGE,300000.0,Verified,debt_consolidation,24.27,1,755,27.6,Fully Paid,2026-03-08 10:00:00
3200,36 months,12.01,99.55,A,10+ years,RENT,203612.0,Not Verified,debt_consolidation,17.75,0,730,53.1,Fully Paid,2026-05-08 21:00:00
4400,36 months,6.76,135.38,A,7 years,MORTGAGE,104000.0,Not Verified,credit_card,8.83,0,757,19.5,Fully Paid,2026-03-03 08:00:00
32500,36 months,16.17,1129.33,D,10+ years,RENT,94492.0,Source Verified,credit_card,20.5,0,673,53.63,Charged Off,2026-03-22 16:00:00
19000,36 months,16.87,643.58,C,< 1 year,OWN,32800.0,Verified,debt_consolidation,7.27,0,710,35.27,Fully Paid,2026-04-20 09:00:00
8900,36 months,21.78,314.13,C,9 years,MORTGAGE,28521.0,Source Verified,other,19.7,0,698,60.03,Charged Off,2026-05-22 02:00:00
7600,60 months,16.19,177.59,C,1 year,MORTGAGE,109725.0,Source Verified,credit_card,26.75,1,711,81.47,Fully Paid,2026-03-31 08:00:00
11900,36 months,7.88,369.51,A,10+ years,MORTGAGE,54344.0,Not Verified,debt_consolidation,18.32,0,743,29.27,Fully Paid,2026-03-13 15:00:00
9700,36 months,10.38,310.18,B,8 years,OWN,93917.0,Not Verified,debt_consolidation,23.79,0,703,57.33,Fully Paid,2026-03-18 21:00:00
4600,36 months,12.97,144.08,A,2 years,MORTGAGE,80592.0,Not Verified,debt_consolidation,13.03,1,757,34.57,Fully Paid,2026-05-14 01:00:00
11400,60 months,10.33,222.15,A,1 year,RENT,32833.0,Verified,major_purchase,34.41,0,722,58.33,Fully Paid,2026-05-01 16:00:00
6700,36 months,25.99,268.13,F,2 years,MORTGAGE,79704.0,Verified,debt_consolidation,20.68,1,680,47.97,Charged Off,2026-03-14 07:00:00
18700,60 months,12.04,397.69,C,10+ years,RENT,28600.0,Not Verified,debt_consolidation,13.77,0,720,17.77,Fully Paid,2026-04-01 15:00:00
25200,36 months,15.64,862.99,C,10+ years,MORTGAGE,44062.0,Verified,small_business,18.36,0,700,31.7,Fully Paid,2026-03-29 23:00:00
12600,36 months,18.5,452.37,D,4 years,RENT,58746.0,Source Verified,debt_consolidation,23.67,1,669,47.53,Charged Off,2026-03-19 11:00:00
12500,36 months,15.23,404.69,C,3 years,MORTGAGE,30717.0,Not Verified,medical,22.66,1,718,64.07,Fully Paid,2026-05-12 02:00:00
19100,36 months,22.7,702.06,D,2 years,MORTGAGE,84990.0,Verified,debt_consolidation,15.12,0,657,66.97,Fully Paid,2026-04-20 01:00:00
7300,60 months,11.0,155.1,B,2 years,RENT,50025.0,Not Verified,debt_consolidation,14.06,0,727,92.43,Charged Off,2026-03-17 10:00:00
19100,36 months,17.34,651.31,D,4 years,MORTGAGE,73031.0,Not Verified,debt_consolidation,25.14,0,706,78.07,Fully Paid,2026-04-24 20:00:00
12500,36 months,9.43,388.43,A,10+ years,MORTGAGE,57933.0,Not Verified,debt_consolidation,50.0,1,744,65.57,Fully Paid,2026-04-02 18:00:00
9100,36 months,11.28,299.13,C,6 years,RENT,101100.0,Source Verified,credit_card,33.19,0,716,77.6,Charged Off,2026-03-04 08:00:00
10800,60 months,18.01,259.83,C,3 years,MORTGAGE,55273.0,Source Verified,debt_consolidation,13.39,1,709,35.33,Charged Off,2026-04-09 08:00:00
9700,36 months,10.02,308.55,B,5 years,MORTGAGE,95546.0,Source Verified,debt_consolidation,21.5,0,709,30.13,Fully Paid,2026-03-21 20:00:00
23800,60 months,17.36,583.33,D,10+ years,OWN,42454.0,Not Verified,debt_consolidation,29.44,0,690,72.43,Fully Paid,2026-03-20 00:00:00
20400,60 months,17.68,460.83,C,6 years,RENT,108300.0,Not Verified,debt_consolidation,13.48,0,693,44.57,Fully Paid,2026-05-11 09:00:00
10800,36 months,16.94,363.58,D,10+ years,RENT,45667.0,Verified,credit_card,16.05,1,711,66.93,Fully Paid,2026-04-27 08:00:00
17200,36 months,9.17,544.32,B,5 years,MORTGAGE,55910.0,Not Verified,debt_consolidation,12.54,0,722,62.67,Fully Paid,2026-03-12 08:00:00
32100,60 months,16.81,710.97,B,2 years,MORTGAGE,37208.0,Source Verified,debt_consolidation,6.01,1,701,73.27,Fully Paid,2026-05-13 19:00:00
13700,36 months,10.87,428.49,B,6 years,MORTGAGE,26775.0,Not Verified,debt_consolidation,13.87,0,741,86.9,Fully Paid,2026-04-18 22:00:00
30800,60 months,15.01,654.56,B,6 years,RENT,35546.0,Source Verified,credit_card,13.63,0,725,79.47,Fully Paid,2026-05-15 01:00:00
4300,36 months,17.26,145.42,C,4 years,MORTGAGE,36500.0,Source Verified,credit_card,15.92,0,711,97.83,Charged Off,2026-05-02 07:00:00
5100,36 months,15.45,172.95,C,1 year,MORTGAGE,85342.0,Not Verified,credit_card,37.55,0,703,12.57,Charged Off,2026-04-03 02:00:00
18600,36 months,20.86,671.13,E,10+ years,MORTGAGE,91350.0,Verified,debt_consolidation,20.14,0,670,71.0,Fully Paid,2026-04-15 10:00:00
15800,36 months,10.32,490.17,A,10+ years,MORTGAGE,59938.0,Not Verified,debt_consolidation,6.07,0,747,71.8,Fully Paid,2026-04-17 14:00:00
21200,60 months,10.41,413.91,B,< 1 year,RENT,34250.0,Verified,debt_consolidation,38.72,0,728,55.53,Fully Paid,2026-05-01 08:00:00
21700,36 months,10.65,696.64,B,1 year,RENT,88167.0,Verified,credit_card,19.06,0,706,57.13,Fully Paid,2026-03-21 00:00:00
9000,60 months,11.2,189.9,B,10+ years,MORTGAGE,26625.0,Source Verified,debt_consolidation,15.78,0,708,57.3,Fully Paid,2026-03-24 07:00:00
7400,36 months,11.64,241.01,B,,MORTGAGE,186012.0,Source Verified,debt_consolidation,17.77,0,724,34.83,Fully Paid,2026-03-20 11:00:00
26200,36 months,8.56,809.7,A,< 1 year,RENT,135844.0,Verified,credit_card,17.3,0,738,57.0,Fully Paid,2026-03-24 23:00:00
5900,36 months,12.48,195.91,B,10+ years,RENT,37306.0,Verified,debt_consolidation,34.48,0,698,61.77,Fully Paid,2026-03-14 12:00:00
13300,36 months,19.26,489.28,E,7 years,RENT,92200.0,Verified,credit_card,44.24,0,679,60.4,Fully Paid,2026-03-07 14:00:00
12600,36 months,22.71,450.54,F,1 year,MORTGAGE,15725.0,Verified,debt_consolidation,12.68,0,649,75.03,Fully Paid,2026-05-22 08:00:00
20600,36 months,9.0,655.07,B,6 years,RENT,39000.0,Verified,credit_card,16.54,0,723,71.3,Fully Paid,2026-03-08 15:00:00
19700,36 months,16.27,647.47,B,10+ years,MORTGAGE,35625.0,Source Verified,debt_consolidation,16.64,1,714,98.97,Fully Paid,2026-05-14 18:00:00
7200,60 months,10.59,155.08,B,5 years,MORTGAGE,64900.0,Source Verified,credit_card,12.37,0,717,68.9,Fully Paid,2026-03-02 04:00:00
5200,60 months,14.12,109.51,B,6 years,RENT,45825.0,Verified,credit_card,20.75,0,717,49.4,Fully Paid,2026-05-08 05:00:00
10900,36 months,15.5,372.54,C,10+ years,MORTGAGE,85031.0,Not Verified,major_purchase,14.18,0,705,40.9,Fully Paid,2026-03-28 10:00:00
4200,60 months,17.57,98.97,C,1 year,OWN,46900.0,Not Verified,debt_consolidation,39.38,0,700,46.6,Charged Off,2026-04-13 17:00:00
19700,36 months,12.52,645.14,C,6 years,MORTGAGE,165844.0,Not Verified,car,13.01,0,704,57.7,Fully Paid,2026-03-23 17:00:00
11300,36 months,10.83,355.82,A,2 years,MORTGAGE,96033.0,Source Verified,debt_consolidation,12.71,1,744,37.03,Fully Paid,2026-04-07 21:00:00
14300,60 months,18.59,348.43,D,2 years,OWN,50435.0,Source Verified,major_purchase,10.08,0,659,51.23,Fully Paid,2026-04-11 21:00:00
13300,36 months,15.85,447.17,C,10+ years,RENT,69038.0,Not Verified,debt_consolidation,15.42,1,713,75.9,Fully Paid,2026-04-16 16:00:00
9500,36 months,17.4,331.18,C,1 year,RENT,136858.0,Verified,home_improvement,5.51,0,699,40.37,Fully Paid,2026-04-05 20:00:00
6000,36 months,21.43,218.21,E,10+ years,RENT,64400.0,Verified,debt_consolidation,10.56,0,667,44.2,Fully Paid,2026-04-19 02:00:00
18300,36 months,12.17,570.67,B,2 years,MORTGAGE,145844.0,Source Verified,debt_consolidation,7.47,1,756,48.6,Fully Paid,2026-05-07 21:00:00
10900,36 months,13.7,357.89,B,10+ years,MORTGAGE,57333.0,Source Verified,major_purchase,21.2,0,715,,Fully Paid,2026-04-10 18:00:00
10300,36 months,16.25,353.28,C,10+ years,MORTGAGE,183333.0,Not Verified,major_purchase,42.33,0,711,,Charged Off,2026-04-01 07:00:00
11100,36 months,17.96,398.29,D,7 years,MORTGAGE,82152.0,Not Verified,credit_card,24.5,0,698,64.57,Fully Paid,2026-03-09 15:00:00
15100,36 months,24.04,576.99,E,1 year,MORTGAGE,38867.0,Not Verified,major_purchase,18.59,1,668,33.97,Fully Paid,2026-04-01 18:00:00
6700,60 months,21.0,179.38,E,5 years,RENT,87635.0,Verified,other,15.29,0,668,56.07,Fully Paid,2026-03-13 03:00:00
19200,36 months,8.22,594.77,A,1 year,RENT,72258.0,Verified,credit_card,17.75,0,744,65.13,Fully Paid,2026-03-17 06:00:00
33900,36 months,25.64,1262.26,E,3 years,MORTGAGE,74231.0,Not Verified,debt_consolidation,20.73,0,682,71.43,Fully Paid,2026-05-19 13:00:00
11400,36 months,7.75,353.3,A,6 years,RENT,22912.0,Verified,debt_consolidation,7.49,0,746,91.27,Fully Paid,2026-03-09 02:00:00
7700,36 months,9.18,236.63,A,8 years,MORTGAGE,28667.0,Not Verified,home_improvement,11.78,0,744,58.43,Fully Paid,2026-04-11 03:00:00
20300,60 months,18.57,467.83,C,3 years,RENT,46946.0,Verified,small_business,15.94,1,694,50.37,Charged Off,2026-05-17 07:00:00
17500,36 months,15.78,566.98,C,3 years,MORTGAGE,63362.0,Source Verified,other,12.07,0,723,98.13,Fully Paid,2026-05-23 19:00:00
16500,36 months,14.15,561.13,C,8 years,MORTGAGE,147267.0,Source Verified,debt_consolidation,18.84,0,690,57.47,Charged Off,2026-03-11 15:00:00
10800,36 months,7.74,334.66,A,3 years,MORTGAGE,68835.0,Verified,credit_card,5.38,0,772,60.87,Fully Paid,2026-03-13 03:00:00
8400,60 months,9.1,166.73,A,10+ years,MORTGAGE,81308.0,Verified,debt_consolidation,26.95,1,763,37.57,Fully Paid,2026-04-05 17:00:00
14100,36 months,21.94,516.42,E,10+ years,MORTGAGE,58450.0,Verified,credit_card,22.17,1,681,37.6,Fully Paid,2026-04-17 03:00:00
20100,36 months,24.44,736.18,E,< 1 year,RENT,100054.0,Source Verified,debt_consolidation,21.93,0,675,112.93,Charged Off,2026-05-20 01:00:00
5000,60 months,6.35,95.16,A,10+ years,MORTGAGE,30092.0,Not Verified,debt_consolidation,17.16,0,748,44.53,Fully Paid,2026-03-18 08:00:00
13400,36 months,7.57,414.18,A,7 years,OWN,71088.0,Not Verified,small_business,8.11,1,740,72.17,Fully Paid,2026-03-14 02:00:00
8000,36 months,12.25,260.96,C,4 years,OWN,73219.0,Source Verified,debt_consolidation,9.13,0,709,30.0,Fully Paid,2026-03-26 02:00:00
17100,36 months,15.64,556.92,B,10+ years,MORTGAGE,48371.0,Verified,debt_consolidation,22.27,0,709,103.17,Fully Paid,2026-05-16 20:00:00
25100,36 months,22.07,959.49,E,10+ years,MORTGAGE,25900.0,Verified,debt_consolidation,5.0,0,665,51.9,Fully Paid,2026-03-08 01:00:00
14600,60 months,10.76,301.37,B,4 years,RENT,35200.0,Source Verified,credit_card,9.72,0,726,60.27,Fully Paid,2026-03-30 06:00:00
10300,36 months,10.04,330.13,B,4 years,RENT,25360.0,Source Verified,debt_consolidation,16.8,1,721,52.17,Fully Paid,2026-03-14 01:00:00
22300,36 months,5.99,673.27,A,9 years,RENT,133950.0,Verified,debt_consolidation,11.05,0,767,46.17,Fully Paid,2026-03-11 14:00:00
12900,60 months,13.85,263.73,A,< 1 year,MORTGAGE,39852.0,Source Verified,debt_consolidation,9.14,0,725,84.83,Fully Paid,2026-05-21 15:00:00
31200,36 months,13.37,1056.82,C,1 year,MORTGAGE,37900.0,Source Verified,car,22.65,0,712,52.2,Fully Paid,2026-03-03 20:00:00
4000,36 months,9.11,124.63,A,10+ years,RENT,152062.0,Source Verified,credit_card,17.71,0,737,9.1,Fully Paid,2026-03-25 13:00:00
16800,36 months,15.81,548.5,C,10+ years,RENT,42196.0,Verified,debt_consolidation,30.18,0,710,102.17,Charged Off,2026-05-13 07:00:00
21700,36 months,10.74,672.42,A,10+ years,MORTGAGE,43819.0,Not Verified,credit_card,35.93,0,757,45.77,Fully Paid,2026-04-20 08:00:00
19800,36 months,19.72,733.02,E,10+ years,MORTGAGE,133500.0,Verified,credit_card,13.1,0,681,52.7,Fully Paid,2026-03-07 11:00:00
9600,60 months,15.88,220.3,C,5 years,RENT,104723.0,Source Verified,home_improvement,21.22,0,694,58.03,Fully Paid,2026-04-07 00:00:00
14700,60 months,14.81,307.36,C,6 years,MORTGAGE,75079.0,Verified,debt_consolidation,15.8,1,724,57.33,Fully Paid,2026-05-20 15:00:00
11000,36 months,12.37,356.85,B,10+ years,RENT,41250.0,Not Verified,debt_consolidation,20.2,1,718,78.17,Fully Paid,2026-03-31 08:00:00
15300,36 months,9.02,465.59,A,3 years,RENT,39375.0,Source Verified,debt_consolidation,21.3,0,745,51.1,Fully Paid,2026-04-14 02:00:00
10300,36 months,16.55,349.78,D,10+ years,RENT,137025.0,Not Verified,debt_consolidation,20.71,0,711,28.7,Fully Paid,2026-04-15 14:00:00
10700,60 months,16.07,241.11,C,5 years,MORTGAGE,33142.0,Not Verified,debt_consolidation,8.05,0,707,63.87,Fully Paid,2026-04-26 10:00:00
6800,36 months,12.28,223.53,B,,MORTGAGE,55392.0,Verified,credit_card,30.84,0,736,26.43,Fully Paid,2026-03-22 14:00:00
10200,60 months,25.09,270.75,F,5 years,MORTGAGE,40375.0,Source Verified,credit_card,9.8,0,667,103.57,Fully Paid,2026-05-13 16:00:00
28200,60 months,13.0,565.07,B,2 years,MORTGAGE,212442.0,Not Verified,debt_consolidation,21.41,0,740,33.93,Fully Paid,2026-05-21 12:00:00
4300,60 months,14.39,99.81,C,< 1 year,MORTGAGE,63548.0,Not Verified,debt_consolidation,12.48,0,715,53.17,Fully Paid,2026-03-15 21:00:00
7300,36 months,20.67,257.26,E,7 years,MORTGAGE,19906.0,Verified,debt_consolidation,13.83,0,692,83.6,Fully Paid,2026-05-05 15:00:00
16500,36 months,19.53,572.22,E,1 year,RENT,152019.0,Not Verified,debt_consolidation,6.42,0,683,47.2,Fully Paid,2026-05-10 14:00:00
9300,36 months,11.41,288.9,B,10+ years,MORTGAGE,92667.0,Source Verified,credit_card,13.9,0,742,71.03,Fully Paid,2026-04-27 17:00:00
22600,60 months,21.41,591.37,E,2 years,MORTGAGE,43633.0,Not Verified,credit_card,9.82,1,662,73.77,Charged Off,2026-03-31 13:00:00
13600,36 months,8.99,416.76,A,,MORTGAGE,57244.0,Source Verified,debt_consolidation,23.48,0,782,17.33,Fully Paid,2026-04-08 08:00:00
18700,36 months,11.69,574.75,B,7 years,MORTGAGE,65075.0,Source Verified,debt_consolidation,6.71,0,729,54.07,Fully Paid,2026-05-11 06:00:00
13000,36 months,11.33,424.56,B,,MORTGAGE,67562.0,Source Verified,debt_consolidation,22.89,1,717,58.17,Fully Paid,2026-03-14 17:00:00
7300,36 months,11.99,227.04,A,7 years,RENT,41438.0,Not Verified,debt_consolidation,4.24,0,733,45.6,Fully Paid,2026-05-09 23:00:00
9400,36 months,34.55,394.17,G,4 years,RENT,32067.0,Not Verified,debt_consolidation,25.59,0,635,80.23,Fully Paid,2026-05-20 16:00:00
10000,60 months,14.95,217.17,C,10+ years,RENT,132167.0,Source Verified,debt_consolidation,9.65,0,744,67.03,Fully Paid,2026-05-02 20:00:00
25800,60 months,19.23,644.39,D,2 years,MORTGAGE,197267.0,Not Verified,debt_consolidation,34.72,0,677,47.07,Charged Off,2026-04-04 09:00:00
17500,36 months,16.29,592.09,C,10+ years,RENT,84525.0,Verified,credit_card,13.7,0,717,75.5,Fully Paid,2026-04-18 14:00:00
16200,36 months,17.04,577.9,D,1 year,RENT,20200.0,Verified,small_business,34.02,0,671,24.5,Fully Paid,2026-03-07 14:00:00
10000,36 months,15.82,324.18,B,10+ years,RENT,81169.0,Not Verified,credit_card,26.22,0,709,66.13,Charged Off,2026-05-22 00:00:00
9700,36 months,20.44,352.82,E,,RENT,130717.0,Not Verified,debt_consolidation,22.53,0,664,80.07,Fully Paid,2026-03-30 18:00:00
13200,36 months,17.55,474.24,E,10+ years,RENT,40500.0,Verified,debt_consolidation,40.21,1,673,83.8,Charged Off,2026-03-08 11:00:00
16700,60 months,22.57,424.71,E,4 years,MORTGAGE,95469.0,Source Verified,debt_consolidation,21.12,1,678,76.6,Charged Off,2026-05-08 06:00:00
16400,36 months,11.89,516.87,B,10+ years,RENT,50652.0,Verified,debt_consolidation,19.63,0,693,24.07,Fully Paid,2026-04-26 07:00:00
3600,60 months,11.17,72.43,B,5 years,RENT,50652.0,Not Verified,debt_consolidation,7.15,0,727,73.77,Fully Paid,2026-04-26 17:00:00
20800,36 months,9.98,670.96,B,< 1 year,MORTGAGE,47200.0,Not Verified,credit_card,9.08,0,724,75.9,Fully Paid,2026-03-03 07:00:00
20700,60 months,15.37,448.73,C,,MORTGAGE,59719.0,Source Verified,credit_card,6.2,1,703,49.8,Fully Paid,2026-05-06 19:00:00
12200,36 months,18.94,425.55,D,10+ years,MORTGAGE,75423.0,Verified,credit_card,12.73,0,692,53.57,Charged Off,2026-04-21 08:00:00
7000,60 months,14.48,148.66,C,4 years,MORTGAGE,32662.0,Source Verified,debt_consolidation,12.61,0,715,77.1,Fully Paid,2026-05-04 08:00:00
16200,60 months,11.41,320.09,A,6 years,RENT,98719.0,Source Verified,debt_consolidation,9.78,0,763,64.7,Fully Paid,2026-05-10 18:00:00
9800,36 months,8.79,306.15,A,2 years,RENT,51558.0,Verified,debt_consolidation,21.83,0,769,30.83,Fully Paid,2026-03-22 11:00:00
8100,36 months,16.07,281.07,C,10+ years,RENT,55200.0,Not Verified,credit_card,4.62,0,696,41.03,Fully Paid,2026-03-22 12:00:00
10700,36 months,27.35,407.81,F,10+ years,MORTGAGE,38233.0,Not Verified,credit_card,17.2,0,671,62.93,Fully Paid,2026-05-24 04:00:00
7200,60 months,18.91,174.75,E,1 year,OWN,45850.0,Source Verified,debt_consolidation,32.18,0,668,38.6,Charged Off,2026-04-17 12:00:00
14900,36 months,20.08,535.54,D,5 years,MORTGAGE,40940.0,Source Verified,debt_consolidation,7.16,0,674,36.03,Fully Paid,2026-04-09 15:00:00
11500,36 months,10.99,368.33,B,1 year,MORTGAGE,141938.0,Verified,debt_consolidation,16.28,0,727,52.5,Fully Paid,2026-03-29 22:00:00
9000,60 months,12.9,188.58,B,4 years,RENT,77302.0,Not Verified,credit_card,10.77,1,722,88.27,Fully Paid,2026-04-23 20:00:00
11800,60 months,9.86,224.63,A,10+ years,MORTGAGE,34856.0,Source Verified,debt_consolidation,19.64,0,756,105.4,Charged Off,2026-05-08 11:00:00
30200,36 months,10.37,979.72,B,2 years,OTHER,106900.0,Source Verified,debt_consolidation,17.48,1,704,33.3,Fully Paid,2026-03-03 11:00:00
12100,36 months,31.07,500.96,G,7 years,RENT,27738.0,Not Verified,small_business,12.15,0,653,45.4,Fully Paid,2026-04-18 05:00:00
21800,36 months,13.94,687.57,A,3 years,MORTGAGE,54498.0,Not Verified,major_purchase,19.98,1,737,50.83,Fully Paid,2026-05-23 17:00:00
8200,36 months,11.71,265.4,B,2 years,RENT,44250.0,Not Verified,credit_card,25.23,0,726,62.0,Fully Paid,2026-03-27 17:00:00
13400,36 months,8.89,416.15,A,10+ years,MORTGAGE,39281.0,Not Verified,debt_consolidation,17.4,0,738,47.7,Fully Paid,2026-03-26 11:00:00
5300,36 months,15.58,172.46,C,2 years,OWN,117325.0,Verified,credit_card,33.05,0,706,114.27,Charged Off,2026-05-12 09:00:00
27300,36 months,21.83,1040.2,E,3 years,MORTGAGE,64900.0,Not Verified,debt_consolidation,23.06,1,648,74.8,Charged Off,2026-03-02 05:00:00
8100,36 months,9.55,252.15,A,10+ years,MORTGAGE,12100.0,Verified,debt_consolidation,24.64,0,739,41.67,Fully Paid,2026-04-03 09:00:00
10100,36 months,13.35,329.94,C,4 years,MORTGAGE,28129.0,Verified,debt_consolidation,5.28,0,748,32.93,Fully Paid,2026-04-10 18:00:00
10100,36 months,11.31,310.98,B,3 years,MORTGAGE,62075.0,Verified,credit_card,12.85,0,750,86.9,Fully Paid,2026-05-09 09:00:00
6000,36 months,9.27,190.16,B,2 years,MORTGAGE,45629.0,Verified,credit_card,16.73,0,712,76.07,Fully Paid,2026-03-15 15:00:00
18600,36 months,11.13,588.28,B,10+ years,RENT,37267.0,Verified,debt_consolidation,23.5,0,707,20.03,Charged Off,2026-04-09 11:00:00
7400,36 months,22.13,281.19,E,,RENT,33390.0,Verified,debt_consolidation,10.39,0,662,43.37,Charged Off,2026-03-14 19:00:00
13300,36 months,15.62,436.18,B,5 years,RENT,29169.0,Source Verified,credit_card,11.05,0,698,76.2,Charged Off,2026-05-09 00:00:00
12800,36 months,17.65,438.41,C,10+ years,MORTGAGE,56802.0,Not Verified,major_purchase,16.87,0,682,58.77,Fully Paid,2026-04-21 22:00:00
18900,36 months,8.68,576.52,A,< 1 year,MORTGAGE,109471.0,Verified,debt_consolidation,12.99,1,734,43.43,Fully Paid,2026-04-11 21:00:00
8900,36 months,9.61,277.3,A,10+ years,MORTGAGE,66550.0,Verified,credit_card,27.13,1,764,13.87,Fully Paid,2026-03-30 08:00:00
9200,36 months,8.14,286.77,A,10+ years,OWN,62862.0,Not Verified,debt_consolidation,19.47,0,725,33.47,Fully Paid,2026-03-13 04:00:00
22800,36 months,15.93,740.3,B,,MORTGAGE,34148.0,Source Verified,debt_consolidation,5.11,1,732,76.43,Fully Paid,2026-05-24 13:00:00
19600,36 months,14.43,641.03,C,3 years,MORTGAGE,32458.0,Source Verified,debt_consolidation,23.23,1,724,29.27,Fully Paid,2026-04-24 14:00:00
5200,36 months,13.78,173.41,C,10+ years,RENT,35344.0,Source Verified,credit_card,18.48,0,706,53.4,Fully Paid,2026-03-29 13:00:00
5100,60 months,11.39,106.84,B,4 years,RENT,19433.0,Source Verified,car,12.45,0,722,34.47,Fully Paid,2026-03-30 09:00:00
14800,60 months,17.12,337.66,C,10+ years,MORTGAGE,61833.0,Not Verified,debt_consolidation,14.73,0,689,81.43,Fully Paid,2026-04-30 17:00:00
18700,36 months,11.92,585.3,A,5 years,MORTGAGE,75417.0,Not Verified,debt_consolidation,44.64,0,746,35.83,Fully Paid,2026-05-02 11:00:00
15000,36 months,11.9,479.79,B,10+ years,MORTGAGE,39775.0,Verified,debt_consolidation,14.39,1,733,99.63,Charged Off,2026-04-10 11:00:00
14600,36 months,8.2,448.81,A,10+ years,MORTGAGE,41719.0,Source Verified,debt_consolidation,15.09,0,750,88.7,Fully Paid,2026-03-29 03:00:00
13800,36 months,11.15,430.22,A,10+ years,MORTGAGE,25369.0,Source Verified,debt_consolidation,16.41,0,722,100.97,Fully Paid,2026-04-23 05:00:00
14100,36 months,17.67,483.07,C,10+ years,RENT,63294.0,Verified,debt_consolidation,22.47,0,697,71.77,Fully Paid,2026-04-24 18:00:00
8400,36 months,25.38,320.28,E,6 years,MORTGAGE,96606.0,Not Verified,major_purchase,20.24,0,647,89.07,Fully Paid,2026-04-22 22:00:00
12700,36 months,16.97,452.6,D,8 years,MORTGAGE,60100.0,Verified,debt_consolidation,13.19,0,708,59.6,Charged Off,2026-03-08 02:00:00
7100,60 months,9.21,139.62,A,< 1 year,MORTGAGE,109202.0,Verified,debt_consolidation,9.89,0,743,43.03,Fully Paid,2026-04-06 20:00:00
13200,36 months,17.55,451.47,C,6 years,OTHER,62952.0,Verified,home_improvement,18.31,0,696,54.67,Fully Paid,2026-04-21 18:00:00
9300,36 months,18.06,311.39,D,5 years,OWN,40546.0,Source Verified,debt_consolidation,12.24,0,726,81.33,Fully Paid,2026-05-18 16:00:00
26600,36 months,17.12,910.68,C,10+ years,MORTGAGE,40338.0,Verified,debt_consolidation,12.37,2,687,41.4,Fully Paid,2026-04-17 21:00:00
10900,36 months,17.29,379.4,E,10+ years,MORTGAGE,121000.0,Source Verified,credit_card,12.66,0,672,76.17,Fully Paid,2026-03-31 15:00:00
14100,36 months,11.07,442.3,B,10+ years,MORTGAGE,44012.0,Not Verified,debt_consolidation,32.24,0,749,52.9,Fully Paid,2026-04-15 05:00:00
8900,60 months,16.2,212.67,C,,RENT,45138.0,Source Verified,major_purchase,28.11,1,699,53.23,Charged Off,2026-03-21 20:00:00
6200,36 months,12.85,206.97,C,10+ years,RENT,71871.0,Not Verified,debt_consolidation,25.88,0,709,67.57,Fully Paid,2026-03-11 12:00:00
15500,36 months,14.54,504.08,B,10+ years,RENT,31917.0,Not Verified,debt_consolidation,18.94,0,715,83.43,Fully Paid,2026-04-28 00:00:00
9000,36 months,14.12,284.61,B,10+ years,OWN,53496.0,Source Verified,debt_consolidation,20.45,0,696,52.93,Fully Paid,2026-05-18 03:00:00
12400,36 months,24.16,455.54,E,10+ years,MORTGAGE,35467.0,Source Verified,debt_consolidation,25.84,1,682,26.97,Charged Off,2026-05-12 14:00:00
4300,36 months,26.53,166.52,E,8 years,MORTGAGE,77302.0,Source Verified,other,27.51,1,651,79.07,Fully Paid,2026-04-26 09:00:00
35300,60 months,10.64,761.19,B,1 year,MORTGAGE,61500.0,Not Verified,debt_consolidation,14.42,0,726,70.0,Fully Paid,2026-03-05 20:00:00
6900,60 months,14.39,142.86,A,10+ years,MORTGAGE,36460.0,Verified,major_purchase,32.7,1,758,91.73,Fully Paid,2026-05-24 23:00:00
11300,36 months,22.61,420.58,E,1 year,MORTGAGE,130971.0,Source Verified,small_business,25.3,0,679,93.83,Charged Off,2026-04-07 12:00:00
11100,36 months,14.25,372.67,C,2 years,MORTGAGE,76312.0,Source Verified,major_purchase,16.4,0,715,19.0,Fully Paid,2026-03-25 11:00:00
14500,60 months,15.49,311.59,C,4 years,MORTGAGE,69350.0,Verified,debt_consolidation,19.24,0,727,77.77,Charged Off,2026-05-12 03:00:00
28800,60 months,13.85,609.79,C,10+ years,RENT,36083.0,Source Verified,home_improvement,45.43,1,691,79.63,Fully Paid,2026-04-29 18:00:00
32000,60 months,19.57,770.89,D,< 1 year,RENT,26250.0,Not Verified,debt_consolidation,12.77,0,692,72.63,Fully Paid,2026-04-30 22:00:00
13600,36 months,8.05,417.14,A,3 years,RENT,59250.0,Not Verified,debt_consolidation,7.05,0,744,88.2,Fully Paid,2026-03-28 15:00:00
13000,60 months,17.19,287.15,B,10+ years,RENT,53650.0,Not Verified,credit_card,12.75,0,718,54.13,Fully Paid,2026-05-20 13:00:00
14900,36 months,12.69,482.11,B,3 years,MORTGAGE,78296.0,Verified,debt_consolidation,9.6,0,685,90.23,Fully Paid,2026-04-11 09:00:00
8200,36 months,15.43,274.04,C,9 years,RENT,75338.0,Verified,credit_card,16.85,1,710,38.8,Charged Off,2026-04-17 09:00:00
11100,36 months,14.56,358.48,C,10+ years,MORTGAGE,292012.0,Not Verified,debt_consolidation,14.35,0,740,56.4,Fully Paid,2026-05-06 01:00:00
8000,36 months,9.51,243.41,A,10+ years,MORTGAGE,133079.0,Verified,debt_consolidation,10.06,1,746,41.97,Fully Paid,2026-04-26 09:00:00
38200,36 months,11.61,1243.58,B,7 years,MORTGAGE,51942.0,Not Verified,debt_consolidation,23.71,0,715,76.53,Fully Paid,2026-03-19 00:00:00
7700,36 months,18.32,273.84,D,10+ years,MORTGAGE,123656.0,Verified,debt_consolidation,29.09,1,680,50.0,Charged Off,2026-03-24 01:00:00
6800,60 months,15.37,156.01,C,10+ years,RENT,59950.0,Verified,debt_consolidation,17.43,0,692,82.47,Charged Off,2026-04-05 17:00:00
16800,36 months,16.01,546.12,C,< 1 year,MORTGAGE,54652.0,Not Verified,car,24.7,0,700,53.03,Fully Paid,2026-05-24 09:00:00
24200,36 months,10.38,740.38,A,1 year,MORTGAGE,57000.0,Verified,medical,15.55,0,740,74.93,Fully Paid,2026-04-27 08:00:00
12700,36 months,16.47,436.96,C,3 years,MORTGAGE,45283.0,Verified,home_improvement,19.7,0,690,88.87,Fully Paid,2026-04-05 07:00:00
12800,60 months,14.45,274.8,B,1 year,MORTGAGE,54917.0,Verified,debt_consolidation,22.77,0,709,49.13,Fully Paid,2026-05-03 15:00:00
9500,36 months,11.41,295.12,A,5 years,OWN,58250.0,Source Verified,debt_consolidation,10.75,0,742,86.53,Fully Paid,2026-05-02 19:00:00
12100,36 months,11.7,388.73,B,10+ years,MORTGAGE,111925.0,Source Verified,debt_consolidation,20.27,0,711,27.77,Fully Paid,2026-03-31 18:00:00
24000,36 months,11.63,770.25,C,10+ years,MORTGAGE,105142.0,Not Verified,debt_consolidation,17.1,0,711,44.57,Fully Paid,2026-04-03 10:00:00
14000,36 months,16.45,461.33,C,10+ years,RENT,73704.0,Not Verified,debt_consolidation,15.88,0,723,63.17,Fully Paid,2026-05-14 18:00:00
15800,36 months,15.39,527.73,D,6 years,RENT,74900.0,Source Verified,debt_consolidation,18.33,0,703,67.5,Fully Paid,2026-04-17 08:00:00
24000,36 months,11.9,790.28,B,2 years,MORTGAGE,74417.0,Verified,credit_card,5.44,1,693,76.07,Fully Paid,2026-03-13 07:00:00
6300,36 months,21.75,226.97,E,2 years,MORTGAGE,109250.0,Source Verified,credit_card,15.27,0,684,72.73,Charged Off,2026-05-01 11:00:00
9500,36 months,16.97,322.25,C,4 years,RENT,79438.0,Not Verified,debt_consolidation,17.04,0,709,45.97,Fully Paid,2026-04-23 14:00:00
18200,36 months,17.8,629.13,C,10+ years,RENT,76125.0,Not Verified,other,13.55,0,699,28.9,Fully Paid,2026-04-17 20:00:00
9000,60 months,15.16,196.4,B,10+ years,RENT,30333.0,Source Verified,debt_consolidation,29.55,0,698,70.43,Charged Off,2026-04-30 16:00:00
3400,36 months,19.91,117.71,E,,RENT,113762.0,Source Verified,debt_consolidation,16.33,1,688,71.47,Charged Off,2026-05-11 02:00:00
9700,36 months,17.18,339.49,D,9 years,RENT,42750.0,Not Verified,debt_consolidation,30.14,0,681,14.2,Charged Off,2026-03-23 05:00:00
16600,36 months,12.92,538.91,B,7 years,MORTGAGE,80894.0,Source Verified,debt_consolidation,30.12,0,730,69.73,Charged Off,2026-04-12 16:00:00
6000,36 months,14.9,204.77,C,4 years,RENT,61142.0,Not Verified,debt_consolidation,23.83,0,686,35.33,Fully Paid,2026-03-22 08:00:00
12400,60 months,24.62,336.3,E,2 years,MORTGAGE,131969.0,Source Verified,credit_card,12.63,0,675,29.07,Fully Paid,2026-04-24 02:00:00
8500,60 months,32.0,275.0,G,3 years,RENT,209825.0,Not Verified,debt_consolidation,39.44,0,655,73.87,Charged Off,2026-03-31 05:00:00
10100,36 months,9.77,315.43,A,4 years,RENT,112842.0,Source Verified,debt_consolidation,23.26,0,751,57.07,Fully Paid,2026-04-04 11:00:00
10100,60 months,19.93,245.24,D,3 years,MORTGAGE,44417.0,Not Verified,debt_consolidation,14.9,0,681,42.83,Fully Paid,2026-04-28 00:00:00
8600,60 months,14.75,194.58,C,< 1 year,RENT,103492.0,Source Verified,debt_consolidation,21.22,1,713,40.67,Charged Off,2026-04-01 15:00:00
12000,36 months,20.71,435.09,D,6 years,RENT,62708.0,Source Verified,home_improvement,10.68,0,684,59.83,Charged Off,2026-04-08 07:00:00
12300,36 months,12.92,399.32,C,4 years,RENT,26965.0,Not Verified,home_improvement,21.28,0,714,38.83,Fully Paid,2026-04-06 02:00:00
12300,36 months,11.73,398.22,B,1 year,RENT,47250.0,Not Verified,debt_consolidation,9.55,0,712,47.8,Fully Paid,2026-03-28 15:00:00
10900,60 months,16.92,267.51,D,1 year,MORTGAGE,40244.0,Source Verified,credit_card,16.23,0,679,28.57,Fully Paid,2026-03-12 13:00:00
4800,36 months,16.79,160.09,E,1 year,RENT,74506.0,Verified,credit_card,19.81,0,694,69.4,Charged Off,2026-05-06 05:00:00
14600,60 months,10.98,313.67,B,10+ years,MORTGAGE,113192.0,Verified,debt_consolidation,14.66,1,710,38.47,Fully Paid,2026-03-12 13:00:00
11900,60 months,12.37,257.96,B,10+ years,RENT,85031.0,Verified,debt_consolidation,17.81,1,712,78.0,Fully Paid,2026-03-23 00:00:00
11100,60 months,14.1,236.39,C,10+ years,OWN,62500.0,Verified,debt_consolidation,14.1,0,714,92.73,Fully Paid,2026-04-30 01:00:00
7600,36 months,14.61,260.16,C,,RENT,75885.0,Not Verified,debt_consolidation,13.86,0,704,80.77,Fully Paid,2026-03-12 15:00:00
10200,36 months,14.39,333.4,B,< 1 year,RENT,50823.0,Not Verified,other,35.99,0,710,56.57,Fully Paid,2026-04-22 09:00:00
4100,36 months,16.25,136.67,B,3 years,OTHER,93750.0,Not Verified,debt_consolidation,22.45,1,726,54.63,Charged Off,2026-05-02 19:00:00
12500,36 months,16.92,423.71,C,10+ years,OWN,95667.0,Source Verified,debt_consolidation,32.74,0,708,88.07,Fully Paid,2026-04-21 17:00:00
27900,36 months,14.41,938.85,C,5 years,MORTGAGE,20062.0,Source Verified,major_purchase,20.31,0,687,60.8,Fully Paid,2026-03-23 23:00:00
9800,36 months,15.71,343.14,C,1 year,MORTGAGE,59400.0,Not Verified,home_improvement,17.89,0,712,65.5,Fully Paid,2026-03-05 16:00:00
10500,36 months,14.79,337.77,C,4 years,RENT,81621.0,Source Verified,credit_card,28.54,1,676,90.07,Charged Off,2026-05-17 05:00:00
17800,60 months,12.8,389.68,B,9 years,OWN,60469.0,Not Verified,credit_card,17.76,1,737,100.6,Charged Off,2026-03-25 15:00:00
9500,60 months,12.78,193.9,B,2 years,RENT,43875.0,Source Verified,major_purchase,14.24,1,734,73.0,Fully Paid,2026-05-04 07:00:00
14500,36 months,19.24,525.96,D,10+ years,MORTGAGE,55583.0,Verified,small_business,11.33,0,688,77.93,Charged Off,2026-03-22 18:00:00
9200,36 months,10.47,296.73,B,9 years,RENT,26535.0,Source Verified,debt_consolidation,10.77,0,711,53.97,Fully Paid,2026-03-12 02:00:00
11400,36 months,11.2,350.44,A,10+ years,MORTGAGE,13406.0,Not Verified,debt_consolidation,17.4,0,750,53.5,Fully Paid,2026-05-05 05:00:00
35300,60 months,15.23,745.34,B,8 years,RENT,50335.0,Source Verified,home_improvement,11.84,0,717,100.23,Fully Paid,2026-05-22 07:00:00
9200,36 months,16.52,303.47,C,7 years,MORTGAGE,24146.0,Source Verified,credit_card,18.92,0,683,75.87,Charged Off,2026-05-13 05:00:00
17600,36 months,12.01,547.55,A,9 years,RENT,40219.0,Verified,credit_card,13.24,1,740,81.8,Fully Paid,2026-05-10 13:00:00
9700,36 months,9.27,305.17,B,10+ years,RENT,125638.0,Not Verified,credit_card,9.27,0,714,41.33,Fully Paid,2026-03-18 01:00:00
7700,36 months,15.22,249.25,B,10+ years,MORTGAGE,21217.0,Source Verified,debt_consolidation,35.99,0,729,45.27,Fully Paid,2026-05-14 20:00:00
9400,36 months,26.26,360.26,F,10+ years,RENT,46000.0,Verified,debt_consolidation,23.51,0,663,26.33,Fully Paid,2026-04-30 19:00:00
16600,36 months,14.67,564.69,D,7 years,MORTGAGE,39962.0,Verified,debt_consolidation,17.59,0,693,37.43,Fully Paid,2026-03-17 16:00:00
2400,36 months,13.51,80.88,C,2 years,MORTGAGE,104575.0,Not Verified,debt_consolidation,9.63,0,705,82.07,Fully Paid,2026-03-12 11:00:00
40000,36 months,27.2,1531.76,F,10+ years,RENT,57554.0,Source Verified,debt_consolidation,16.61,0,674,82.77,Charged Off,2026-05-11 18:00:00
5300,36 months,18.46,188.85,D,10+ years,MORTGAGE,28219.0,Not Verified,credit_card,20.7,0,704,52.4,Charged Off,2026-03-27 12:00:00
12000,60 months,17.27,271.63,D,10+ years,RENT,55819.0,Source Verified,debt_consolidation,29.97,1,702,76.7,Fully Paid,2026-05-09 07:00:00
15300,60 months,10.04,321.63,B,2 years,RENT,54638.0,Verified,debt_consolidation,15.86,0,703,81.07,Fully Paid,2026-03-15 15:00:00
15900,36 months,17.06,555.55,D,1 year,OWN,22125.0,Source Verified,debt_consolidation,11.92,1,695,100.1,Fully Paid,2026-03-25 06:00:00
6800,36 months,17.44,238.87,D,5 years,RENT,83531.0,Verified,debt_consolidation,17.04,0,674,71.5,Fully Paid,2026-03-24 23:00:00
14400,36 months,12.72,472.94,B,10+ years,OTHER,37219.0,Source Verified,small_business,29.64,0,738,43.8,Fully Paid,2026-03-26 20:00:00
35400,60 months,20.21,864.81,C,< 1 year,RENT,20000.0,Not Verified,car,4.89,1,701,80.03,Fully Paid,2026-05-01 20:00:00
7600,60 months,21.26,185.87,D,10+ years,RENT,67450.0,Verified,debt_consolidation,35.76,0,662,71.67,Charged Off,2026-05-17 22:00:00
7800,36 months,21.17,274.88,C,1 year,RENT,61196.0,Verified,debt_consolidation,8.84,0,703,33.57,Fully Paid,2026-05-11 04:00:00
17200,36 months,20.96,612.88,E,10+ years,MORTGAGE,82667.0,Not Verified,major_purchase,8.88,1,679,107.73,Fully Paid,2026-04-28 16:00:00
11100,60 months,11.9,240.79,B,10+ years,RENT,68712.0,Source Verified,credit_card,15.79,0,711,15.83,Fully Paid,2026-03-17 20:00:00
7700,60 months,21.56,187.49,D,2 years,MORTGAGE,26131.0,Not Verified,debt_consolidation,17.96,0,687,75.43,Fully Paid,2026-05-19 18:00:00
9400,36 months,15.74,315.55,C,10+ years,MORTGAGE,90825.0,Verified,small_business,13.75,0,692,74.0,Fully Paid,2026-04-16 05:00:00
13200,36 months,17.27,452.88,D,10+ years,MORTGAGE,78225.0,Not Verified,home_improvement,12.56,0,687,54.5,Fully Paid,2026-04-19 02:00:00
15600,36 months,13.22,497.67,B,10+ years,RENT,38417.0,Verified,debt_consolidation,21.87,0,715,98.63,Fully Paid,2026-04-27 05:00:00
6200,36 months,17.37,208.51,C,10+ years,MORTGAGE,96931.0,Not Verified,debt_consolidation,10.05,0,720,40.4,Fully Paid,2026-05-09 17:00:00
7100,60 months,24.17,182.89,F,10+ years,MORTGAGE,38927.0,Source Verified,debt_consolidation,29.51,0,664,71.63,Fully Paid,2026-05-22 07:00:00
20800,36 months,17.91,720.12,C,4 years,MORTGAGE,24062.0,Not Verified,debt_consolidation,21.83,0,694,35.4,Fully Paid,2026-04-17 07:00:00
8900,60 months,10.66,176.9,A,4 years,MORTGAGE,35704.0,Not Verified,debt_consolidation,15.95,1,755,68.47,Fully Paid,2026-04-24 17:00:00
17800,60 months,16.82,403.37,C,1 year,OWN,64083.0,Not Verified,debt_consolidation,20.2,0,685,60.03,Fully Paid,2026-04-27 19:00:00
6600,60 months,13.86,148.02,D,1 year,MORTGAGE,40219.0,Verified,debt_consolidation,22.6,0,689,24.1,Fully Paid,2026-03-28 05:00:00
16700,36 months,14.31,561.16,C,10+ years,RENT,75844.0,Verified,debt_consolidation,5.6,0,702,24.8,Fully Paid,2026-03-24 17:00:00
8100,36 months,32.12,337.76,G,6 years,MORTGAGE,10250.0,Verified,debt_consolidation,10.01,0,645,74.77,Fully Paid,2026-04-23 14:00:00
7800,36 months,19.57,288.17,E,3 years,MORTGAGE,66600.0,Source Verified,home_improvement,20.65,0,655,33.5,Fully Paid,2026-03-06 17:00:00
23300,36 months,22.52,878.07,E,< 1 year,RENT,45750.0,Source Verified,other,18.09,0,671,26.0,Charged Off,2026-03-27 05:00:00
12700,36 months,16.52,424.98,D,< 1 year,MORTGAGE,121583.0,Source Verified,debt_consolidation,17.98,2,697,33.13,Fully Paid,2026-04-29 06:00:00
11600,36 months,18.25,389.45,D,8 years,RENT,33069.0,Verified,credit_card,19.01,1,707,38.63,Fully Paid,2026-05-20 18:00:00
36500,60 months,16.16,833.48,D,5 years,OWN,84962.0,Not Verified,debt_consolidation,12.41,0,680,37.0,Fully Paid,2026-04-16 08:00:00
6800,36 months,18.84,241.9,D,5 years,MORTGAGE,50325.0,Source Verified,credit_card,12.79,0,668,61.27,Fully Paid,2026-03-30 06:00:00
19400,36 months,14.27,642.23,B,2 years,MORTGAGE,75160.0,Verified,debt_consolidation,50.0,0,695,22.03,Fully Paid,2026-04-11 01:00:00
14100,36 months,10.75,433.76,A,10+ years,MORTGAGE,126583.0,Source Verified,debt_consolidation,33.62,1,752,68.43,Fully Paid,2026-04-27 16:00:00
8300,60 months,21.72,214.03,E,2 years,RENT,39288.0,Verified,debt_consolidation,26.83,0,673,35.1,Fully Paid,2026-04-16 05:00:00
40000,60 months,12.74,904.81,B,2 years,MORTGAGE,23400.0,Verified,home_improvement,22.37,0,702,74.2,Charged Off,2026-03-06 14:00:00
24100,60 months,10.83,486.7,B,10+ years,OWN,97738.0,Verified,debt_consolidation,7.86,1,737,35.3,Fully Paid,2026-04-13 13:00:00
10000,60 months,13.76,221.23,C,1 year,MORTGAGE,76542.0,Source Verified,debt_consolidation,11.39,0,701,103.27,Fully Paid,2026-04-05 23:00:00
9700,36 months,20.52,343.52,D,4 years,OWN,30000.0,Verified,home_improvement,16.18,0,684,45.03,Fully Paid,2026-04-29 15:00:00
29800,36 months,13.73,943.89,A,2 years,RENT,82333.0,Not Verified,home_improvement,10.57,0,770,47.57,Charged Off,2026-05-11 02:00:00
8800,60 months,12.91,175.96,B,3 years,RENT,23433.0,Not Verified,debt_consolidation,5.98,1,741,52.93,Fully Paid,2026-05-22 14:00:00
25100,36 months,10.56,775.7,A,10+ years,RENT,16315.0,Not Verified,debt_consolidation,29.57,0,735,67.67,Fully Paid,2026-04-23 21:00:00
12100,36 months,20.18,438.54,D,3 years,MORTGAGE,116508.0,Source Verified,credit_card,27.89,0,676,76.07,Fully Paid,2026-04-03 11:00:00
18600,36 months,9.59,575.08,A,,RENT,29742.0,Verified,home_improvement,26.64,2,752,55.03,Fully Paid,2026-04-11 06:00:00
6600,36 months,11.93,215.86,B,1 year,MORTGAGE,86250.0,Verified,debt_consolidation,9.93,1,728,27.93,Fully Paid,2026-03-19 07:00:00
3500,36 months,11.19,105.99,A,5 years,OWN,34225.0,Not Verified,home_improvement,4.36,0,757,26.93,Fully Paid,2026-05-23 18:00:00
10800,36 months,18.77,367.91,C,< 1 year,OWN,78612.0,Verified,credit_card,25.39,0,690,83.57,Fully Paid,2026-05-13 14:00:00
14700,36 months,23.89,538.03,F,10+ years,RENT,20504.0,Not Verified,debt_consolidation,19.37,0,675,50.17,Charged Off,2026-05-14 19:00:00
14200,36 months,15.12,482.71,C,1 year,OWN,112969.0,Not Verified,debt_consolidation,23.24,0,693,35.7,Charged Off,2026-03-24 02:00:00
20200,36 months,22.95,765.71,F,7 years,RENT,49406.0,Source Verified,debt_consolidation,11.92,0,707,75.2,Fully Paid,2026-03-27 08:00:00
13500,36 months,17.41,451.04,C,10+ years,RENT,16308.0,Source Verified,debt_consolidation,34.57,0,716,30.77,Fully Paid,2026-05-12 19:00:00
5500,36 months,10.69,171.56,B,5 years,RENT,47162.0,Source Verified,debt_consolidation,11.43,1,748,83.1,Fully Paid,2026-04-17 21:00:00
26200,36 months,33.21,1100.92,G,< 1 year,MORTGAGE,28750.0,Not Verified,debt_consolidation,19.4,1,648,76.33,Fully Paid,2026-05-02 14:00:00
5600,36 months,23.69,211.53,F,5 years,MORTGAGE,75429.0,Not Verified,credit_card,13.28,0,670,61.13,Charged Off,2026-04-12 00:00:00
21600,36 months,15.15,724.15,C,10+ years,RENT,130702.0,Source Verified,debt_consolidation,14.9,0,708,68.63,Fully Paid,2026-04-12 12:00:00
12500,36 months,11.28,390.44,A,9 years,MORTGAGE,121719.0,Not Verified,home_improvement,18.86,1,741,49.37,Fully Paid,2026-04-20 20:00:00
6900,36 months,15.14,224.72,B,1 year,OWN,81738.0,Source Verified,credit_card,15.27,0,729,81.2,Fully Paid,2026-05-04 23:00:00
18000,60 months,18.28,440.41,E,10+ years,RENT,42075.0,Verified,credit_card,20.17,0,658,69.07,Fully Paid,2026-04-05 11:00:00
20400,60 months,15.4,442.53,B,10+ years,MORTGAGE,76456.0,Verified,debt_consolidation,7.44,1,716,87.5,Fully Paid,2026-05-06 15:00:00
7200,36 months,12.99,239.11,C,4 years,RENT,32488.0,Verified,credit_card,22.21,2,731,75.33,Fully Paid,2026-03-16 04:00:00
13000,36 months,12.88,424.86,C,4 years,OWN,44642.0,Verified,credit_card,16.75,0,710,73.07,Fully Paid,2026-04-01 00:00:00
4700,36 months,19.75,162.35,D,10+ years,MORTGAGE,29292.0,Source Verified,credit_card,19.52,0,702,38.07,Fully Paid,2026-05-16 20:00:00
20300,60 months,16.47,441.07,C,6 years,RENT,89340.0,Not Verified,credit_card,23.39,0,689,95.13,Fully Paid,2026-05-20 11:00:00
24600,36 months,18.55,829.46,C,10+ years,MORTGAGE,23973.0,Source Verified,small_business,16.33,0,697,69.83,Fully Paid,2026-05-18 12:00:00
9300,36 months,11.97,302.14,B,3 years,MORTGAGE,58219.0,Source Verified,credit_card,33.78,0,723,38.8,Charged Off,2026-03-28 01:00:00
4700,60 months,18.54,108.24,C,4 years,RENT,74733.0,Not Verified,credit_card,28.7,0,681,96.57,Fully Paid,2026-05-12 08:00:00
16600,60 months,16.21,358.53,C,10+ years,MORTGAGE,47175.0,Not Verified,credit_card,6.52,0,747,37.03,Fully Paid,2026-05-20 11:00:00
26500,36 months,18.22,889.32,D,3 years,RENT,63208.0,Verified,debt_consolidation,21.0,0,697,73.73,Fully Paid,2026-05-18 00:00:00
10300,36 months,10.57,335.12,B,4 years,MORTGAGE,15400.0,Verified,home_improvement,15.53,1,716,83.7,Fully Paid,2026-03-06 05:00:00
7400,60 months,17.86,171.65,C,10+ years,MORTGAGE,70750.0,Verified,debt_consolidation,14.28,0,710,47.63,Fully Paid,2026-04-30 02:00:00
9400,36 months,29.9,370.77,F,6 years,MORTGAGE,36692.0,Verified,debt_consolidation,24.56,0,687,51.13,Fully Paid,2026-05-24 01:00:00
8300,36 months,25.84,314.15,F,2 years,MORTGAGE,38431.0,Not Verified,credit_card,11.88,0,682,73.3,Fully Paid,2026-05-06 08:00:00
23600,36 months,14.7,803.16,C,3 years,MORTGAGE,38429.0,Not Verified,home_improvement,16.15,0,690,48.53,Charged Off,2026-03-17 10:00:00
5500,36 months,15.03,178.84,C,3 years,OWN,84256.0,Not Verified,home_improvement,21.08,2,717,63.1,Fully Paid,2026-05-05 03:00:00
21600,60 months,13.0,485.96,C,10+ years,RENT,25752.0,Not Verified,debt_consolidation,26.0,0,687,49.77,Fully Paid,2026-03-10 09:00:00
19800,60 months,16.94,465.24,D,6 years,MORTGAGE,58677.0,Verified,small_business,9.22,1,706,60.73,Fully Paid,2026-04-09 03:00:00
10100,36 months,20.78,361.5,D,10+ years,OWN,135898.0,Verified,debt_consolidation,9.4,0,684,108.77,Fully Paid,2026-04-20 14:00:00
7700,60 months,17.67,183.87,C,2 years,MORTGAGE,98900.0,Source Verified,debt_consolidation,20.33,0,697,63.03,Fully Paid,2026-04-08 19:00:00
21100,36 months,16.64,707.29,C,2 years,RENT,34500.0,Not Verified,credit_card,11.23,0,726,74.63,Fully Paid,2026-05-02 23:00:00
10200,60 months,8.39,203.85,A,8 years,MORTGAGE,38525.0,Source Verified,debt_consolidation,12.98,0,744,76.03,Fully Paid,2026-03-21 08:00:00
20400,36 months,15.21,674.75,C,3 years,RENT,69102.0,Not Verified,debt_consolidation,21.34,0,729,57.97,Fully Paid,2026-04-24 11:00:00
8300,36 months,20.2,294.68,D,< 1 year,RENT,52617.0,Not Verified,debt_consolidation,6.79,0,671,53.67,Charged Off,2026-04-26 06:00:00
14200,36 months,13.58,458.73,C,9 years,MORTGAGE,31092.0,Not Verified,credit_card,16.66,0,727,71.87,Fully Paid,2026-04-25 11:00:00
11700,36 months,24.74,454.37,F,3 years,MORTGAGE,90844.0,Verified,credit_card,10.1,0,653,65.0,Fully Paid,2026-03-27 13:00:00
9000,60 months,19.52,228.64,E,7 years,MORTGAGE,121500.0,Not Verified,debt_consolidation,11.55,0,695,69.1,Charged Off,2026-03-29 00:00:00
14600,60 months,30.01,459.09,G,9 years,MORTGAGE,69281.0,Source Verified,debt_consolidation,44.86,0,660,67.9,Charged Off,2026-03-23 20:00:00
10400,36 months,10.3,324.94,A,10+ years,RENT,51062.0,Not Verified,credit_card,27.65,1,766,50.93,Charged Off,2026-04-11 17:00:00
31100,36 months,9.53,946.55,A,5 years,MORTGAGE,105233.0,Verified,debt_consolidation,19.45,0,740,52.77,Fully Paid,2026-04-22 01:00:00
13300,60 months,16.59,313.55,C,7 years,OWN,104775.0,Not Verified,debt_consolidation,20.29,0,705,47.97,Fully Paid,2026-04-04 03:00:00
20100,36 months,7.62,608.03,A,7 years,RENT,53992.0,Not Verified,car,7.78,0,735,85.67,Fully Paid,2026-04-05 09:00:00
10300,60 months,25.41,295.77,G,10+ years,MORTGAGE,37781.0,Source Verified,debt_consolidation,6.54,0,661,31.9,Fully Paid,2026-03-26 11:00:00
4300,36 months,14.67,146.28,C,9 years,OWN,143846.0,Not Verified,debt_consolidation,16.68,1,692,63.83,Fully Paid,2026-03-16 14:00:00
10200,36 months,9.83,311.83,A,5 years,RENT,22294.0,Source Verified,debt_consolidation,7.25,0,724,103.57,Charged Off,2026-04-22 14:00:00
17700,36 months,18.32,603.4,C,10+ years,RENT,153075.0,Not Verified,debt_consolidation,16.91,0,702,89.4,Fully Paid,2026-05-06 20:00:00
14400,60 months,15.25,333.2,C,1 year,RENT,26906.0,Source Verified,car,12.17,1,707,41.9,Fully Paid,2026-03-29 13:00:00
31300,36 months,15.61,1018.95,C,10+ years,RENT,36892.0,Not Verified,credit_card,32.8,0,721,25.27,Fully Paid,2026-05-17 14:00:00
10900,36 months,15.71,365.74,C,3 years,OWN,72625.0,Verified,car,10.84,0,701,70.8,Fully Paid,2026-04-16 23:00:00
10000,36 months,14.27,338.24,C,10+ years,MORTGAGE,26929.0,Verified,debt_consolidation,28.37,0,687,34.43,Fully Paid,2026-03-22 15:00:00
22000,36 months,12.89,719.11,B,9 years,MORTGAGE,47575.0,Source Verified,debt_consolidation,10.71,1,733,49.97,Fully Paid,2026-04-02 01:00:00
17700,60 months,6.59,347.07,A,,RENT,89700.0,Not Verified,credit_card,2.43,0,753,66.7,Fully Paid,2026-03-04 21:00:00
9300,36 months,11.64,307.3,C,5 years,RENT,44900.0,Not Verified,debt_consolidation,45.57,0,696,82.3,Charged Off,2026-03-07 20:00:00
8400,60 months,23.2,228.19,E,5 years,MORTGAGE,48492.0,Not Verified,other,11.69,0,662,81.17,Fully Paid,2026-04-03 16:00:00
13500,36 months,12.49,435.54,C,8 years,MORTGAGE,171731.0,Source Verified,credit_card,15.2,1,717,66.23,Fully Paid,2026-04-09 15:00:00
13800,60 months,14.06,290.23,C,1 year,MORTGAGE,134794.0,Source Verified,credit_card,10.53,0,694,77.9,Fully Paid,2026-05-07 04:00:00
13900,36 months,14.69,476.35,C,< 1 year,RENT,79312.0,Not Verified,credit_card,15.11,0,682,95.47,Fully Paid,2026-03-13 22:00:00
6700,36 months,10.78,203.16,A,7 years,OWN,41800.0,Not Verified,debt_consolidation,41.11,0,752,39.57,Fully Paid,2026-05-16 06:00:00
6600,36 months,15.63,227.6,E,10+ years,MORTGAGE,65742.0,Verified,debt_consolidation,8.96,0,697,41.43,Fully Paid,2026-03-19 10:00:00
6400,36 months,21.6,241.45,F,10+ years,MORTGAGE,201806.0,Source Verified,debt_consolidation,38.66,0,654,6.17,Charged Off,2026-03-09 05:00:00
14100,60 months,17.69,325.82,C,10+ years,RENT,130000.0,Verified,credit_card,25.98,0,690,70.13,Charged Off,2026-04-27 17:00:00
8900,60 months,18.33,206.3,D,10+ years,RENT,86775.0,Source Verified,debt_consolidation,49.17,0,708,57.6,Charged Off,2026-05-05 00:00:00
11200,36 months,22.44,410.21,D,1 year,MORTGAGE,81060.0,Not Verified,debt_consolidation,48.41,0,674,26.27,Charged Off,2026-04-23 05:00:00
31300,36 months,14.29,1066.57,C,10+ years,OWN,34956.0,Source Verified,debt_consolidation,20.3,0,715,39.67,Fully Paid,2026-03-13 07:00:00
13400,36 months,11.85,440.92,B,10+ years,OWN,46315.0,Not Verified,credit_card,20.79,1,720,26.67,Fully Paid,2026-03-14 15:00:00
8100,36 months,13.97,268.92,C,,MORTGAGE,30342.0,Not Verified,debt_consolidation,10.0,0,713,37.27,Fully Paid,2026-03-31 15:00:00
24500,60 months,10.82,500.53,A,2 years,MORTGAGE,53929.0,Not Verified,credit_card,19.73,0,743,28.43,Fully Paid,2026-04-11 12:00:00
9200,36 months,20.17,317.44,D,5 years,RENT,93810.0,Not Verified,debt_consolidation,14.69,0,703,41.93,Fully Paid,2026-05-22 15:00:00
13500,36 months,11.05,432.76,B,8 years,MORTGAGE,36375.0,Not Verified,other,23.1,0,713,39.5,Fully Paid,2026-03-23 08:00:00
11800,36 months,12.34,388.22,C,5 years,RENT,43029.0,Not Verified,debt_consolidation,15.37,0,685,9.83,Charged Off,2026-03-18 11:00:00
7100,60 months,23.89,181.8,F,10+ years,MORTGAGE,109381.0,Verified,credit_card,16.69,0,656,77.03,Fully Paid,2026-05-20 02:00:00
23100,36 months,15.32,798.73,C,8 years,MORTGAGE,30060.0,Not Verified,debt_consolidation,6.52,0,700,24.07,Fully Paid,2026-03-15 04:00:00
6200,36 months,10.47,201.43,B,10+ years,OWN,61100.0,Verified,debt_consolidation,13.71,0,721,70.7,Fully Paid,2026-03-08 10:00:00
4800,36 months,20.02,172.38,E,,MORTGAGE,64500.0,Verified,credit_card,19.91,0,692,40.03,Charged Off,2026-04-11 17:00:00
15300,36 months,16.02,523.07,C,10+ years,MORTGAGE,110458.0,Not Verified,credit_card,20.91,0,713,51.57,Charged Off,2026-04-02 16:00:00
7400,36 months,9.75,225.96,A,2 years,MORTGAGE,51762.0,Verified,debt_consolidation,6.94,0,745,45.97,Fully Paid,2026-04-23 10:00:00
7100,36 months,18.17,239.81,D,10+ years,MORTGAGE,61433.0,Verified,credit_card,17.33,0,706,59.47,Charged Off,2026-05-13 04:00:00
19700,36 months,29.05,768.24,F,4 years,MORTGAGE,72921.0,Verified,other,13.6,0,678,76.03,Fully Paid,2026-05-23 09:00:00
10600,36 months,20.56,388.88,E,2 years,MORTGAGE,66188.0,Source Verified,debt_consolidation,23.35,0,680,48.2,Charged Off,2026-03-23 14:00:00
13200,60 months,16.07,284.18,C,3 years,RENT,55192.0,Not Verified,debt_consolidation,12.25,1,724,63.03,Fully Paid,2026-05-19 21:00:00
12500,36 months,14.69,410.36,B,9 years,MORTGAGE,85331.0,Verified,debt_consolidation,11.77,0,709,54.27,Fully Paid,2026-04-20 22:00:00
17800,36 months,12.64,596.67,C,< 1 year,MORTGAGE,85300.0,Verified,credit_card,13.58,0,708,75.5,Fully Paid,2026-03-05 11:00:00
14800,60 months,12.48,292.92,B,10+ years,MORTGAGE,32221.0,Not Verified,debt_consolidation,19.18,0,764,71.23,Fully Paid,2026-05-20 02:00:00
5300,36 months,11.97,174.7,B,10+ years,MORTGAGE,181929.0,Not Verified,debt_consolidation,24.63,0,738,45.47,Fully Paid,2026-03-10 09:00:00
17200,36 months,14.91,566.45,B,3 years,MORTGAGE,213371.0,Not Verified,credit_card,8.36,0,729,53.07,Fully Paid,2026-04-22 15:00:00
6300,36 months,24.83,235.19,E,,RENT,94981.0,Not Verified,debt_consolidation,16.41,0,672,81.5,Charged Off,2026-05-10 00:00:00
9900,36 months,8.27,306.91,A,10+ years,RENT,71012.0,Not Verified,small_business,14.84,2,766,44.73,Fully Paid,2026-03-19 21:00:00
7200,60 months,20.27,185.86,E,,MORTGAGE,43781.0,Verified,debt_consolidation,31.42,0,692,38.0,Fully Paid,2026-03-28 18:00:00
9200,36 months,9.38,283.56,A,10+ years,MORTGAGE,38700.0,Not Verified,debt_consolidation,24.03,0,738,71.63,Fully Paid,2026-04-12 09:00:00
13400,36 months,15.17,433.45,B,9 years,MORTGAGE,57238.0,Not Verified,debt_consolidation,9.8,0,730,50.97,Fully Paid,2026-05-17 07:00:00
8700,36 months,11.48,282.69,B,8 years,RENT,103404.0,Verified,debt_consolidation,24.36,0,725,58.93,Fully Paid,2026-03-18 10:00:00
21500,60 months,12.46,445.89,B,4 years,MORTGAGE,24002.0,Not Verified,debt_consolidation,25.87,1,697,37.57,Fully Paid,2026-04-26 03:00:00
12200,36 months,27.1,482.49,E,2 years,MORTGAGE,61723.0,Not Verified,debt_consolidation,25.16,0,646,51.93,Fully Paid,2026-04-12 08:00:00
15600,36 months,6.82,476.85,A,10+ years,RENT,152358.0,Source Verified,debt_consolidation,17.93,2,742,86.27,Fully Paid,2026-03-15 17:00:00
12500,36 months,12.75,396.04,B,3 years,MORTGAGE,66833.0,Verified,credit_card,11.59,0,704,67.43,Fully Paid,2026-04-29 10:00:00
12300,36 months,19.02,423.5,C,5 years,OWN,30956.0,Not Verified,debt_consolidation,7.05,0,717,53.7,Fully Paid,2026-05-05 14:00:00
29200,36 months,19.73,1037.14,D,10+ years,MORTGAGE,76125.0,Verified,debt_consolidation,32.78,0,680,38.0,Fully Paid,2026-04-17 02:00:00
11400,60 months,7.51,223.11,A,10+ years,RENT,80212.0,Source Verified,home_improvement,20.99,1,767,,Fully Paid,2026-03-22 12:00:00
14200,60 months,13.96,326.45,C,6 years,MORTGAGE,65800.0,Source Verified,home_improvement,10.81,0,702,36.77,Fully Paid,2026-03-15 07:00:00
14800,36 months,18.75,522.15,D,5 years,MORTGAGE,62350.0,Not Verified,debt_consolidation,28.25,0,690,37.43,Fully Paid,2026-04-09 23:00:00
21800,36 months,18.85,764.81,D,5 years,MORTGAGE,60638.0,Not Verified,major_purchase,21.22,1,683,29.2,Fully Paid,2026-04-14 01:00:00
9200,60 months,9.87,181.61,B,5 years,OWN,65100.0,Not Verified,debt_consolidation,15.62,1,744,45.1,Fully Paid,2026-04-15 22:00:00
6100,60 months,18.93,154.67,E,1 year,RENT,19550.0,Source Verified,debt_consolidation,15.33,0,687,73.83,Charged Off,2026-03-20 23:00:00
14300,36 months,13.68,466.0,B,3 years,OWN,71575.0,Not Verified,credit_card,14.08,2,708,106.1,Charged Off,2026-04-16 22:00:00
15300,36 months,18.89,548.46,D,7 years,MORTGAGE,50062.0,Not Verified,debt_consolidation,19.18,0,690,102.6,Charged Off,2026-03-25 10:00:00
40000,36 months,19.03,1387.2,D,10+ years,MORTGAGE,58167.0,Source Verified,debt_consolidation,18.04,1,697,97.13,Fully Paid,2026-04-29 09:00:00
17300,36 months,22.56,625.96,D,10+ years,OWN,36806.0,Not Verified,major_purchase,6.94,1,689,40.6,Fully Paid,2026-05-04 10:00:00
23000,36 months,14.75,755.72,C,10+ years,MORTGAGE,20842.0,Verified,credit_card,19.93,1,702,96.77,Charged Off,2026-04-22 00:00:00
29200,36 months,18.9,1068.88,E,2 years,RENT,65900.0,Not Verified,debt_consolidation,10.08,1,668,36.5,Charged Off,2026-03-06 16:00:00
18500,36 months,27.14,703.08,F,< 1 year,MORTGAGE,52956.0,Not Verified,credit_card,36.0,1,665,108.33,Fully Paid,2026-05-19 16:00:00
10000,36 months,11.94,331.86,C,9 years,OWN,49700.0,Not Verified,debt_consolidation,13.19,0,709,86.4,Fully Paid,2026-03-08 22:00:00
10200,36 months,15.27,328.02,B,4 years,MORTGAGE,48100.0,Source Verified,home_improvement,8.48,0,688,90.83,Fully Paid,2026-05-18 13:00:00
7200,36 months,10.38,233.61,B,10+ years,RENT,33800.0,Verified,major_purchase,16.85,0,699,28.8,Fully Paid,2026-03-06 02:00:00
11300,36 months,14.15,370.75,C,6 years,MORTGAGE,80850.0,Verified,debt_consolidation,48.54,0,680,51.6,Fully Paid,2026-04-16 11:00:00
9000,36 months,7.34,277.24,A,9 years,RENT,39852.0,Source Verified,small_business,16.91,1,770,56.97,Fully Paid,2026-03-14 19:00:00
12700,36 months,12.45,421.52,B,10+ years,MORTGAGE,54344.0,Source Verified,credit_card,30.39,1,705,62.57,Fully Paid,2026-03-15 05:00:00
12200,36 months,18.68,421.01,D,10+ years,MORTGAGE,43167.0,Source Verified,debt_consolidation,2.45,0,696,77.13,Fully Paid,2026-04-30 19:00:00
8800,36 months,21.19,314.58,D,1 year,RENT,90667.0,Source Verified,major_purchase,11.09,1,692,89.33,Fully Paid,2026-05-01 09:00:00
11200,36 months,18.55,405.19,D,10+ years,RENT,47098.0,Source Verified,credit_card,7.3,0,686,29.07,Fully Paid,2026-03-13 21:00:00
10200,36 months,13.11,317.8,A,10+ years,MORTGAGE,13335.0,Not Verified,major_purchase,18.93,1,763,66.13,Fully Paid,2026-05-21 15:00:00
13600,36 months,12.93,448.02,B,4 years,RENT,71250.0,Verified,credit_card,18.78,0,737,55.7,Fully Paid,2026-03-24 07:00:00
24200,36 months,14.54,815.86,C,10+ years,RENT,33375.0,Source Verified,debt_consolidation,18.02,0,700,59.3,Fully Paid,2026-03-26 00:00:00
40000,60 months,15.26,925.76,C,7 years,OWN,108656.0,Not Verified,credit_card,19.14,0,711,57.6,Fully Paid,2026-03-24 16:00:00
10100,36 months,17.53,350.27,D,< 1 year,RENT,46315.0,Verified,major_purchase,17.45,0,673,83.93,Fully Paid,2026-04-09 06:00:00
15600,36 months,7.96,481.4,A,10+ years,MORTGAGE,145283.0,Verified,debt_consolidation,27.69,0,736,27.83,Fully Paid,2026-03-20 07:00:00
24700,36 months,21.98,911.41,E,7 years,RENT,100602.0,Source Verified,debt_consolidation,10.2,0,664,32.83,Fully Paid,2026-04-07 11:00:00
10100,36 months,14.15,341.04,C,4 years,RENT,48588.0,Not Verified,debt_consolidation,20.46,0,684,84.83,Fully Paid,2026-03-17 17:00:00
3900,36 months,17.11,139.26,D,10+ years,OWN,39000.0,Source Verified,debt_consolidation,15.58,1,689,47.9,Fully Paid,2026-03-07 18:00:00
5800,60 months,15.93,134.75,D,2 years,RENT,48583.0,Not Verified,small_business,17.25,0,684,60.37,Fully Paid,2026-04-01 15:00:00
7700,36 months,12.5,243.07,B,6 years,MORTGAGE,29917.0,Verified,debt_consolidation,19.4,0,736,41.43,Fully Paid,2026-04-28 09:00:00
19100,60 months,18.1,440.47,C,10+ years,MORTGAGE,63619.0,Not Verified,debt_consolidation,22.4,2,711,75.5,Fully Paid,2026-05-08 23:00:00
14100,60 months,15.88,327.21,C,8 years,OWN,195800.0,Source Verified,debt_consolidation,20.56,1,703,29.97,Fully Paid,2026-04-04 00:00:00
6000,36 months,22.63,226.45,E,10+ years,RENT,60469.0,Verified,credit_card,17.03,0,662,20.3,Fully Paid,2026-03-28 18:00:00
14100,36 months,16.08,465.5,C,10+ years,OWN,57362.0,Not Verified,car,12.61,1,692,41.6,Fully Paid,2026-05-09 07:00:00
22800,36 months,19.08,791.26,D,10+ years,MORTGAGE,91667.0,Verified,major_purchase,37.08,1,710,64.53,Charged Off,2026-05-03 22:00:00
22700,60 months,17.94,521.62,D,10+ years,MORTGAGE,46556.0,Verified,credit_card,7.05,0,693,54.2,Fully Paid,2026-05-08 00:00:00
16900,36 months,25.08,628.75,E,7 years,MORTGAGE,49479.0,Source Verified,debt_consolidation,8.02,0,688,25.37,Fully Paid,2026-05-13 00:00:00
4100,36 months,20.55,144.25,D,10+ years,RENT,101644.0,Verified,credit_card,45.61,0,689,84.4,Fully Paid,2026-05-10 00:00:00
6000,60 months,15.17,126.51,C,10+ years,RENT,39544.0,Verified,debt_consolidation,20.52,2,713,95.63,Fully Paid,2026-05-19 20:00:00
18900,36 months,17.88,663.35,D,4 years,MORTGAGE,47392.0,Verified,medical,18.51,0,658,64.57,Charged Off,2026-04-01 00:00:00
37400,36 months,17.5,1305.66,D,1 year,RENT,113117.0,Verified,debt_consolidation,14.61,0,670,33.57,Fully Paid,2026-04-04 19:00:00
7400,36 months,12.29,241.53,B,10+ years,MORTGAGE,60188.0,Verified,debt_consolidation,22.52,0,703,45.4,Charged Off,2026-03-29 04:00:00
10900,36 months,10.49,349.11,B,9 years,MORTGAGE,55871.0,Verified,debt_consolidation,16.74,1,698,42.53,Fully Paid,2026-03-18 09:00:00
8200,36 months,24.54,307.0,E,< 1 year,RENT,47500.0,Verified,debt_consolidation,9.92,0,695,37.03,Fully Paid,2026-05-02 02:00:00
9600,36 months,29.01,381.75,F,10+ years,MORTGAGE,40583.0,Not Verified,debt_consolidation,28.88,1,674,68.23,Charged Off,2026-05-03 10:00:00
40000,36 months,23.36,1463.41,E,2 years,MORTGAGE,154131.0,Source Verified,debt_consolidation,28.4,0,670,90.8,Charged Off,2026-05-09 14:00:00
18800,36 months,11.36,609.81,B,10+ years,OWN,77529.0,Not Verified,medical,27.65,0,706,60.83,Fully Paid,2026-03-16 00:00:00
21800,36 months,12.67,705.17,B,2 years,OTHER,54735.0,Verified,debt_consolidation,19.29,0,729,37.73,Fully Paid,2026-04-10 15:00:00
9500,36 months,14.84,323.95,C,10+ years,MORTGAGE,92383.0,Not Verified,debt_consolidation,43.81,0,700,67.43,Charged Off,2026-03-17 04:00:00
7000,36 months,20.77,245.31,E,2 years,RENT,53121.0,Not Verified,debt_consolidation,33.15,0,677,38.27,Fully Paid,2026-05-16 22:00:00
9600,36 months,15.02,325.87,C,1 year,RENT,92625.0,Not Verified,credit_card,26.13,1,701,98.1,Fully Paid,2026-03-23 11:00:00
11200,36 months,8.84,352.73,B,4 years,MORTGAGE,100169.0,Not Verified,debt_consolidation,29.16,0,702,71.47,Fully Paid,2026-03-15 22:00:00
12500,36 months,21.2,453.16,D,< 1 year,MORTGAGE,55475.0,Not Verified,debt_consolidation,33.8,1,679,78.3,Fully Paid,2026-04-14 05:00:00
8200,36 months,17.59,274.67,C,10+ years,MORTGAGE,32142.0,Verified,credit_card,9.97,2,716,82.17,Fully Paid,2026-05-13 22:00:00
16000,60 months,19.84,379.3,D,10+ years,RENT,83679.0,Source Verified,car,17.94,2,711,62.57,Fully Paid,2026-05-12 15:00:00
15900,36 months,6.93,486.81,A,1 year,MORTGAGE,46315.0,Source Verified,debt_consolidation,10.32,0,733,44.57,Fully Paid,2026-03-14 16:00:00
9400,60 months,13.68,209.95,C,1 year,MORTGAGE,67688.0,Not Verified,debt_consolidation,12.18,2,724,59.8,Fully Paid,2026-03-25 18:00:00
11800,60 months,10.59,251.24,B,10+ years,RENT,71969.0,Verified,home_improvement,8.65,2,705,45.47,Charged Off,2026-03-14 05:00:00
8600,36 months,18.35,305.97,D,5 years,MORTGAGE,101344.0,Not Verified,home_improvement,36.65,0,680,55.1,Fully Paid,2026-03-23 11:00:00
6900,36 months,12.98,222.58,B,10+ years,MORTGAGE,78312.0,Source Verified,debt_consolidation,14.58,1,695,36.8,Fully Paid,2026-04-16 04:00:00
8400,36 months,19.11,302.04,D,4 years,MORTGAGE,56906.0,Verified,credit_card,16.74,0,699,19.2,Fully Paid,2026-03-29 09:00:00
23700,60 months,14.18,553.67,C,10+ years,MORTGAGE,51200.0,Verified,major_purchase,16.38,2,699,45.6,Fully Paid,2026-03-08 11:00:00
18600,60 months,13.57,400.43,B,8 years,MORTGAGE,144900.0,Verified,credit_card,41.67,0,723,65.1,Fully Paid,2026-04-14 11:00:00
11200,60 months,9.91,237.47,B,1 year,OWN,45000.0,Source Verified,debt_consolidation,12.45,0,711,22.8,Fully Paid,2026-03-04 18:00:00
5700,36 months,8.38,176.99,A,10+ years,MORTGAGE,66796.0,Source Verified,debt_consolidation,21.29,1,744,37.23,Fully Paid,2026-03-18 20:00:00
9000,60 months,11.06,195.95,B,2 years,MORTGAGE,61100.0,Verified,debt_consolidation,26.17,0,686,,Charged Off,2026-03-05 22:00:00
13100,36 months,6.58,399.0,B,10+ years,RENT,42006.0,Not Verified,debt_consolidation,6.14,2,741,74.87,Fully Paid,2026-03-12 18:00:00
20600,36 months,14.22,681.46,C,10+ years,RENT,49450.0,Not Verified,debt_consolidation,13.11,1,700,63.83,Charged Off,2026-04-06 17:00:00
28900,36 months,18.25,977.24,D,4 years,MORTGAGE,57950.0,Source Verified,other,8.91,0,707,90.37,Fully Paid,2026-05-16 08:00:00
10500,36 months,17.87,355.66,D,9 years,MORTGAGE,16331.0,Verified,debt_consolidation,27.9,0,702,67.6,Fully Paid,2026-05-05 13:00:00
10500,36 months,10.94,340.98,B,10+ years,RENT,85383.0,Verified,debt_consolidation,2.84,0,709,42.77,Fully Paid,2026-03-11 04:00:00
10700,36 months,14.52,368.41,C,< 1 year,RENT,63400.0,Source Verified,debt_consolidation,7.31,0,691,35.3,Fully Paid,2026-03-07 21:00:00
5700,36 months,20.52,207.56,D,5 years,RENT,75992.0,Source Verified,home_improvement,11.51,0,674,36.77,Charged Off,2026-04-03 19:00:00
9500,60 months,15.92,213.34,D,3 years,MORTGAGE,38181.0,Verified,debt_consolidation,18.75,0,685,85.67,Fully Paid,2026-04-22 18:00:00
12400,36 months,26.16,474.59,F,7 years,RENT,70250.0,Source Verified,debt_consolidation,9.89,0,669,49.73,Charged Off,2026-05-03 09:00:00
10300,60 months,25.39,278.01,F,7 years,MORTGAGE,71338.0,Not Verified,home_improvement,16.76,0,666,65.1,Fully Paid,2026-05-06 18:00:00
31900,36 months,7.45,962.53,A,10+ years,RENT,74433.0,Not Verified,debt_consolidation,9.57,0,725,78.27,Fully Paid,2026-04-02 23:00:00
7500,36 months,10.89,241.62,B,10+ years,RENT,97750.0,Verified,debt_consolidation,13.46,0,700,80.73,Charged Off,2026-03-17 17:00:00
22300,36 months,16.31,787.42,D,10+ years,MORTGAGE,48200.0,Not Verified,major_purchase,34.75,0,692,21.7,Fully Paid,2026-03-03 06:00:00
20300,36 months,15.04,699.14,C,2 years,MORTGAGE,49938.0,Verified,major_purchase,18.18,0,726,85.07,Fully Paid,2026-03-12 10:00:00
14900,36 months,9.33,476.11,B,2 years,RENT,31200.0,Source Verified,debt_consolidation,12.92,0,731,80.7,Fully Paid,2026-03-05 22:00:00
9700,60 months,16.0,210.9,B,3 years,RENT,62383.0,Not Verified,credit_card,12.38,0,706,82.47,Charged Off,2026-05-16 15:00:00
8700,36 months,14.57,293.43,C,9 years,MORTGAGE,83906.0,Verified,debt_consolidation,17.15,0,689,76.6,Fully Paid,2026-03-25 17:00:00
10200,60 months,21.59,253.99,E,10+ years,RENT,115294.0,Source Verified,credit_card,10.43,1,698,105.3,Fully Paid,2026-05-10 06:00:00
16400,36 months,16.15,553.77,C,5 years,RENT,28262.0,Verified,debt_consolidation,31.68,1,702,53.2,Charged Off,2026-04-17 06:00:00
22500,36 months,16.83,767.14,C,6 years,OWN,67812.0,Verified,credit_card,13.4,0,698,85.3,Fully Paid,2026-04-13 11:00:00
8000,60 months,7.9,152.44,A,5 years,MORTGAGE,33683.0,Verified,credit_card,3.62,0,733,52.93,Fully Paid,2026-04-11 04:00:00
3400,60 months,18.19,78.57,C,10+ years,RENT,33800.0,Not Verified,credit_card,12.35,0,703,72.1,Fully Paid,2026-05-08 00:00:00
8400,36 months,10.74,273.97,B,10+ years,RENT,74500.0,Verified,credit_card,13.89,0,690,53.5,Charged Off,2026-03-04 17:00:00
4200,36 months,15.54,145.68,C,3 years,RENT,166360.0,Verified,debt_consolidation,9.24,0,713,43.47,Fully Paid,2026-03-12 06:00:00
16900,36 months,16.98,581.55,D,9 years,MORTGAGE,55094.0,Not Verified,credit_card,23.53,0,696,33.93,Charged Off,2026-04-08 02:00:00
18500,36 months,9.37,574.36,B,< 1 year,RENT,28875.0,Verified,debt_consolidation,8.4,0,752,23.37,Fully Paid,2026-04-03 07:00:00
9500,36 months,9.89,292.85,A,10+ years,RENT,190400.0,Not Verified,credit_card,16.93,0,765,42.4,Fully Paid,2026-04-16 23:00:00
32800,60 months,22.7,845.44,D,2 years,RENT,102750.0,Not Verified,debt_consolidation,10.38,0,690,57.63,Fully Paid,2026-04-30 03:00:00
9900,36 months,24.29,371.92,E,3 years,RENT,32373.0,Source Verified,credit_card,13.25,0,660,95.57,Fully Paid,2026-04-21 23:00:00
12800,60 months,8.34,252.49,B,4 years,OWN,94969.0,Not Verified,debt_consolidation,29.67,1,732,36.1,Charged Off,2026-03-25 18:00:00
6800,36 months,14.18,228.07,C,10+ years,RENT,152438.0,Verified,debt_consolidation,22.74,0,683,36.2,Charged Off,2026-03-26 11:00:00
26100,36 months,15.76,857.7,B,10+ years,MORTGAGE,68819.0,Not Verified,debt_consolidation,20.18,0,717,94.6,Fully Paid,2026-05-07 07:00:00
11400,60 months,11.45,244.75,B,3 years,MORTGAGE,30188.0,Source Verified,debt_consolidation,24.06,1,702,37.83,Fully Paid,2026-03-18 03:00:00
9600,36 months,9.2,292.92,B,,RENT,131862.0,Not Verified,debt_consolidation,21.65,0,763,32.7,Fully Paid,2026-04-17 01:00:00
6400,36 months,13.15,206.96,B,10+ years,RENT,56875.0,Not Verified,debt_consolidation,21.67,0,702,67.3,Fully Paid,2026-04-14 14:00:00
15500,36 months,11.95,481.79,A,1 year,RENT,32094.0,Not Verified,credit_card,16.6,0,726,57.0,Fully Paid,2026-05-07 12:00:00
10100,36 months,16.9,339.82,C,2 years,RENT,44500.0,Source Verified,debt_consolidation,13.36,1,699,63.13,Fully Paid,2026-04-27 20:00:00
24300,36 months,20.24,875.34,E,10+ years,MORTGAGE,116817.0,Not Verified,debt_consolidation,12.03,1,664,40.13,Charged Off,2026-04-09 07:00:00
13700,60 months,22.64,371.71,E,10+ years,RENT,45188.0,Not Verified,debt_consolidation,14.79,0,666,34.4,Fully Paid,2026-03-28 11:00:00
12800,36 months,16.04,437.72,C,9 years,OWN,71133.0,Not Verified,debt_consolidation,24.1,0,689,52.17,Charged Off,2026-04-04 17:00:00
4800,36 months,12.03,154.95,B,10+ years,OTHER,91392.0,Not Verified,debt_consolidation,39.44,0,708,42.97,Fully Paid,2026-04-03 20:00:00
11400,36 months,12.98,378.53,C,8 years,RENT,80500.0,Verified,home_improvement,14.51,0,708,81.43,Fully Paid,2026-03-21 05:00:00
13300,60 months,13.68,283.77,B,6 years,MORTGAGE,34679.0,Verified,credit_card,22.36,0,704,53.97,Fully Paid,2026-04-20 11:00:00
4600,60 months,11.66,99.24,B,7 years,MORTGAGE,157838.0,Verified,debt_consolidation,15.15,1,744,33.63,Fully Paid,2026-03-18 09:00:00
7300,60 months,17.53,169.97,D,7 years,RENT,30750.0,Not Verified,debt_consolidation,17.95,0,698,51.57,Fully Paid,2026-04-24 13:00:00
20900,36 months,21.89,749.2,F,,RENT,36238.0,Source Verified,debt_consolidation,25.2,1,664,71.1,Charged Off,2026-05-09 14:00:00
6500,36 months,12.66,201.18,B,10+ years,RENT,45633.0,Source Verified,debt_consolidation,15.45,1,726,58.43,Fully Paid,2026-05-22 01:00:00
23300,36 months,6.91,713.17,A,< 1 year,RENT,26535.0,Verified,debt_consolidation,16.94,0,738,35.57,Fully Paid,2026-03-14 23:00:00
11000,36 months,30.78,444.84,F,10+ years,OWN,52081.0,Not Verified,debt_consolidation,17.97,0,672,54.4,Charged Off,2026-05-05 21:00:00
8300,60 months,17.92,208.16,D,6 years,RENT,21640.0,Verified,debt_consolidation,17.73,1,684,49.37,Fully Paid,2026-03-10 01:00:00
6600,36 months,19.28,236.23,D,5 years,RENT,34650.0,Not Verified,credit_card,24.54,0,682,44.87,Fully Paid,2026-03-30 14:00:00
11900,60 months,8.01,235.69,A,2 years,RENT,44083.0,Verified,debt_consolidation,14.37,1,761,41.13,Fully Paid,2026-03-20 01:00:00
4400,36 months,5.62,132.11,A,10+ years,MORTGAGE,40342.0,Not Verified,credit_card,13.34,1,763,33.57,Fully Paid,2026-03-13 15:00:00
8800,36 months,22.94,335.8,F,10+ years,MORTGAGE,137329.0,Source Verified,major_purchase,33.68,1,641,65.93,Charged Off,2026-03-17 23:00:00
5100,36 months,10.63,166.08,B,7 years,MORTGAGE,181700.0,Source Verified,debt_consolidation,22.49,0,712,61.6,Fully Paid,2026-03-07 11:00:00
5400,60 months,17.24,122.15,C,10+ years,MORTGAGE,98475.0,Verified,medical,14.07,1,685,47.5,Fully Paid,2026-05-09 04:00:00
7200,36 months,13.49,244.3,C,2 years,RENT,102400.0,Not Verified,debt_consolidation,14.08,0,708,61.5,Fully Paid,2026-03-04 12:00:00
20800,36 months,8.96,641.86,A,< 1 year,OWN,25942.0,Verified,debt_consolidation,7.76,0,717,25.37,Fully Paid,2026-03-31 16:00:00
12400,36 months,21.09,442.65,D,10+ years,MORTGAGE,94083.0,Not Verified,debt_consolidation,14.38,0,684,30.93,Fully Paid,2026-05-02 04:00:00
7400,36 months,17.82,246.92,C,10+ years,MORTGAGE,56810.0,Source Verified,home_improvement,15.44,0,707,59.33,Fully Paid,2026-05-22 16:00:00
5400,36 months,16.84,178.94,C,5 years,RENT,49083.0,Not Verified,credit_card,22.86,0,720,42.57,Fully Paid,2026-05-12 04:00:00
7400,36 months,6.7,225.79,A,1 year,OWN,47588.0,Source Verified,debt_consolidation,13.34,0,721,75.37,Fully Paid,2026-03-10 18:00:00
8500,36 months,20.56,294.91,D,< 1 year,MORTGAGE,72073.0,Verified,debt_consolidation,23.37,0,694,46.03,Charged Off,2026-05-21 09:00:00
12300,36 months,14.23,401.12,B,2 years,RENT,122744.0,Not Verified,debt_consolidation,18.02,1,714,44.97,Fully Paid,2026-04-23 13:00:00
5400,36 months,18.36,193.49,D,1 year,MORTGAGE,46000.0,Not Verified,debt_consolidation,10.08,0,664,55.53,Fully Paid,2026-03-17 03:00:00
4900,36 months,22.04,180.96,D,1 year,OTHER,34758.0,Verified,debt_consolidation,25.35,0,667,55.63,Charged Off,2026-04-12 15:00:00
17000,36 months,17.61,565.54,B,10+ years,MORTGAGE,36229.0,Not Verified,credit_card,8.68,0,719,60.33,Fully Paid,2026-05-20 17:00:00
21000,36 months,8.47,643.34,A,,MORTGAGE,86808.0,Source Verified,major_purchase,13.91,1,736,62.27,Fully Paid,2026-04-01 16:00:00
11000,60 months,24.59,313.84,E,,RENT,48492.0,Verified,debt_consolidation,10.32,0,672,48.03,Charged Off,2026-03-16 10:00:00
5400,60 months,18.35,123.84,C,4 years,MORTGAGE,129754.0,Not Verified,debt_consolidation,17.16,0,679,48.57,Fully Paid,2026-05-17 03:00:00
24200,36 months,26.3,909.25,F,10+ years,RENT,41008.0,Source Verified,other,17.11,1,668,82.23,Fully Paid,2026-05-19 15:00:00
8200,36 months,17.11,270.83,C,4 years,RENT,61358.0,Verified,car,7.49,0,693,81.43,Fully Paid,2026-05-24 21:00:00
3200,60 months,17.45,71.1,D,6 years,MORTGAGE,39312.0,Verified,credit_card,17.15,0,721,78.43,Fully Paid,2026-05-21 11:00:00
2400,60 months,15.01,51.0,B,< 1 year,MORTGAGE,23512.0,Verified,debt_consolidation,49.22,1,717,81.07,Charged Off,2026-05-17 02:00:00
13400,36 months,15.7,452.79,C,10+ years,RENT,96929.0,Source Verified,debt_consolidation,25.24,1,711,93.73,Fully Paid,2026-04-07 06:00:00
10700,36 months,10.71,343.8,B,1 year,RENT,73983.0,Source Verified,credit_card,19.57,1,732,46.43,Fully Paid,2026-03-17 03:00:00
33700,36 months,24.03,1261.53,E,1 year,RENT,78498.0,Not Verified,home_improvement,19.87,0,679,74.97,Fully Paid,2026-04-25 14:00:00
8900,36 months,14.79,303.27,B,10+ years,MORTGAGE,102446.0,Not Verified,credit_card,30.38,0,699,46.63,Charged Off,2026-03-21 17:00:00
8200,60 months,9.73,163.26,A,2 years,MORTGAGE,39596.0,Source Verified,major_purchase,8.77,0,745,36.83,Fully Paid,2026-04-09 19:00:00
14600,36 months,15.16,482.56,C,6 years,RENT,76021.0,Verified,car,16.06,0,700,66.07,Fully Paid,2026-04-20 05:00:00
9900,36 months,20.84,344.84,D,1 year,MORTGAGE,38156.0,Source Verified,major_purchase,6.14,1,715,,Fully Paid,2026-05-24 14:00:00
6900,36 months,15.3,235.16,C,10+ years,RENT,52312.0,Not Verified,home_improvement,10.58,0,710,38.1,Fully Paid,2026-03-25 18:00:00
8800,60 months,15.46,204.58,D,10+ years,RENT,74812.0,Not Verified,credit_card,18.09,1,677,40.1,Fully Paid,2026-03-29 13:00:00
4200,36 months,19.3,146.21,D,2 years,OWN,97167.0,Verified,credit_card,26.09,0,680,45.23,Fully Paid,2026-05-03 02:00:00
7100,36 months,8.64,224.59,B,9 years,MORTGAGE,45600.0,Not Verified,debt_consolidation,11.88,1,717,59.1,Fully Paid,2026-03-07 23:00:00
9300,36 months,14.74,307.74,D,10+ years,OWN,73675.0,Source Verified,debt_consolidation,24.52,0,686,42.0,Fully Paid,2026-04-17 19:00:00
7800,60 months,24.68,209.61,E,,OWN,54167.0,Not Verified,debt_consolidation,20.23,1,656,24.73,Fully Paid,2026-05-01 17:00:00
10700,60 months,27.14,308.69,G,10+ years,MORTGAGE,57050.0,Not Verified,small_business,10.84,0,661,42.8,Fully Paid,2026-04-16 17:00:00
9200,36 months,13.54,303.55,C,< 1 year,MORTGAGE,53442.0,Source Verified,debt_consolidation,21.89,0,681,46.77,Charged Off,2026-03-30 04:00:00
8900,36 months,13.96,284.93,B,1 year,MORTGAGE,35750.0,Verified,credit_card,17.52,1,705,94.1,Fully Paid,2026-05-06 17:00:00
6500,36 months,14.95,218.85,C,6 years,RENT,62883.0,Not Verified,debt_consolidation,10.64,0,709,94.17,Fully Paid,2026-04-04 02:00:00
17700,36 months,10.88,545.55,B,8 years,MORTGAGE,102417.0,Verified,credit_card,35.91,0,725,52.23,Fully Paid,2026-05-02 16:00:00
6200,60 months,12.71,132.37,B,10+ years,MORTGAGE,70233.0,Not Verified,debt_consolidation,12.81,2,723,50.83,Fully Paid,2026-04-09 22:00:00
10000,36 months,9.32,319.49,B,3 years,MORTGAGE,95700.0,Verified,debt_consolidation,18.5,2,713,62.3,Fully Paid,2026-03-06 23:00:00
15500,36 months,24.5,587.95,E,2 years,MORTGAGE,110688.0,Not Verified,debt_consolidation,31.8,0,679,80.3,Charged Off,2026-04-13 03:00:00
8600,36 months,10.12,277.98,B,2 years,MORTGAGE,85200.0,Verified,debt_consolidation,23.13,0,733,74.4,Fully Paid,2026-03-05 06:00:00
10900,36 months,13.23,340.21,B,10+ years,RENT,33994.0,Source Verified,debt_consolidation,12.08,0,743,61.53,Fully Paid,2026-05-21 13:00:00
18500,36 months,10.25,569.11,B,< 1 year,OWN,31690.0,Verified,debt_consolidation,23.55,0,756,86.17,Charged Off,2026-04-26 05:00:00
6500,36 months,8.29,198.6,A,10+ years,OWN,72875.0,Source Verified,credit_card,24.1,1,744,49.97,Fully Paid,2026-04-01 04:00:00
10600,36 months,9.43,326.96,A,3 years,MORTGAGE,121117.0,Not Verified,debt_consolidation,7.92,0,731,39.43,Fully Paid,2026-04-07 14:00:00
11000,36 months,12.6,350.31,C,8 years,OWN,28615.0,Source Verified,credit_card,29.9,0,725,95.27,Charged Off,2026-04-22 11:00:00
17200,60 months,29.02,530.57,G,< 1 year,MORTGAGE,63750.0,Not Verified,debt_consolidation,10.13,0,655,6.2,Fully Paid,2026-03-24 04:00:00
16600,36 months,9.12,517.28,A,9 years,RENT,119906.0,Verified,medical,27.7,0,739,34.2,Charged Off,2026-03-26 21:00:00
40000,36 months,9.09,1227.6,A,9 years,MORTGAGE,30458.0,Source Verified,home_improvement,10.61,1,742,17.83,Fully Paid,2026-04-10 11:00:00
15700,36 months,15.2,534.3,C,10+ years,RENT,32156.0,Not Verified,debt_consolidation,22.8,0,705,47.8,Fully Paid,2026-03-28 14:00:00
14000,36 months,18.91,481.28,C,4 years,MORTGAGE,68088.0,Verified,debt_consolidation,18.99,0,700,44.5,Fully Paid,2026-05-10 19:00:00
20400,36 months,19.57,748.5,D,5 years,RENT,27123.0,Not Verified,debt_consolidation,11.79,0,679,28.37,Fully Paid,2026-03-09 12:00:00
7700,60 months,24.95,205.94,F,10+ years,RENT,63700.0,Verified,debt_consolidation,21.86,0,678,45.5,Charged Off,2026-05-05 17:00:00
5500,36 months,17.87,193.01,D,10+ years,OWN,195708.0,Verified,other,13.86,1,676,55.07,Fully Paid,2026-04-01 02:00:00
9900,60 months,10.54,198.56,A,10+ years,RENT,85138.0,Not Verified,credit_card,26.01,0,727,58.6,Fully Paid,2026-04-14 17:00:00
7800,36 months,16.72,275.07,E,10+ years,MORTGAGE,139727.0,Verified,small_business,11.35,0,666,79.97,Fully Paid,2026-03-14 18:00:00
11600,60 months,8.43,226.59,A,< 1 year,OWN,98908.0,Verified,debt_consolidation,16.57,0,736,47.17,Fully Paid,2026-03-30 23:00:00
11000,60 months,17.17,248.43,C,10+ years,RENT,35019.0,Verified,debt_consolidation,13.55,0,701,101.1,Charged Off,2026-05-04 04:00:00
27800,36 months,13.52,923.62,B,5 years,MORTGAGE,70406.0,Not Verified,home_improvement,17.57,0,708,84.1,Fully Paid,2026-03-29 00:00:00
13600,60 months,9.83,284.5,B,4 years,RENT,43965.0,Not Verified,debt_consolidation,25.68,0,709,46.67,Fully Paid,2026-03-15 17:00:00
8900,60 months,20.97,225.86,D,4 years,RENT,27300.0,Verified,debt_consolidation,18.75,2,692,33.5,Fully Paid,2026-04-14 14:00:00
17600,36 months,20.54,654.44,D,4 years,RENT,86656.0,Source Verified,debt_consolidation,20.16,1,671,73.07,Charged Off,2026-03-11 07:00:00
8200,36 months,16.59,284.62,C,,RENT,85500.0,Verified,debt_consolidation,15.4,0,696,87.0,Fully Paid,2026-03-26 12:00:00
14900,36 months,14.45,494.54,C,10+ years,OWN,39596.0,Source Verified,debt_consolidation,13.96,0,704,54.13,Fully Paid,2026-04-09 16:00:00
3800,36 months,14.99,126.2,C,8 years,MORTGAGE,58362.0,Source Verified,debt_consolidation,17.82,0,720,61.9,Fully Paid,2026-04-19 22:00:00
25100,60 months,23.26,661.65,D,1 year,MORTGAGE,87808.0,Source Verified,debt_consolidation,21.91,0,684,97.47,Charged Off,2026-04-22 19:00:00
21800,60 months,15.43,478.67,C,< 1 year,MORTGAGE,42250.0,Not Verified,debt_consolidation,21.26,0,704,94.03,Fully Paid,2026-04-27 02:00:00
4100,36 months,15.36,132.99,B,5 years,RENT,43542.0,Not Verified,debt_consolidation,12.73,0,718,52.97,Fully Paid,2026-05-13 23:00:00
3600,36 months,9.59,115.47,B,2 years,RENT,115400.0,Not Verified,credit_card,19.67,0,723,34.4,Charged Off,2026-03-05 21:00:00
10900,36 months,15.64,370.63,D,10+ years,RENT,20992.0,Verified,debt_consolidation,18.46,0,695,92.07,Fully Paid,2026-04-02 14:00:00
16500,36 months,9.99,532.33,B,10+ years,RENT,64400.0,Not Verified,credit_card,31.72,0,715,60.3,Fully Paid,2026-03-05 14:00:00
9200,60 months,14.0,214.07,D,4 years,MORTGAGE,67600.0,Verified,credit_card,17.1,0,671,69.3,Fully Paid,2026-03-08 10:00:00
7300,36 months,23.16,279.39,E,10+ years,RENT,110592.0,Not Verified,debt_consolidation,9.92,1,677,64.23,Fully Paid,2026-03-21 15:00:00
11100,60 months,17.21,256.61,C,10+ years,OWN,57315.0,Not Verified,debt_consolidation,5.85,0,695,88.77,Fully Paid,2026-04-21 18:00:00
18300,36 months,10.01,548.55,B,4 years,RENT,45996.0,Verified,debt_consolidation,28.32,1,729,56.57,Fully Paid,2026-05-13 11:00:00
21000,36 months,21.71,750.9,D,10+ years,RENT,26081.0,Source Verified,home_improvement,21.96,0,680,46.4,Fully Paid,2026-05-08 16:00:00
11800,36 months,15.93,394.36,C,,RENT,56546.0,Not Verified,credit_card,5.91,0,714,85.67,Fully Paid,2026-04-22 20:00:00
11200,36 months,11.15,344.03,A,10+ years,MORTGAGE,47450.0,Not Verified,debt_consolidation,20.57,1,748,51.7,Fully Paid,2026-05-06 23:00:00
7300,36 months,7.25,222.91,A,< 1 year,MORTGAGE,110496.0,Source Verified,debt_consolidation,44.3,0,744,57.13,Fully Paid,2026-03-17 04:00:00
34400,36 months,19.88,1190.47,E,10+ years,MORTGAGE,50112.0,Verified,credit_card,9.61,0,692,31.47,Fully Paid,2026-05-12 18:00:00
13400,36 months,16.46,441.62,B,10+ years,RENT,58346.0,Verified,medical,18.96,0,724,84.37,Fully Paid,2026-05-16 04:00:00
7700,60 months,14.39,178.73,D,7 years,RENT,59631.0,Verified,debt_consolidation,11.35,0,686,41.37,Charged Off,2026-03-14 21:00:00
12500,36 months,9.16,384.02,B,10+ years,MORTGAGE,77938.0,Verified,credit_card,22.07,0,743,69.13,Fully Paid,2026-04-11 11:00:00
7800,36 months,16.61,259.48,C,8 years,RENT,16169.0,Not Verified,debt_consolidation,8.26,0,714,78.8,Fully Paid,2026-05-06 03:00:00
10800,60 months,12.99,232.08,B,10+ years,RENT,129000.0,Not Verified,home_improvement,9.36,0,725,55.33,Fully Paid,2026-04-06 22:00:00
20900,60 months,18.21,477.79,C,3 years,MORTGAGE,34200.0,Source Verified,major_purchase,13.03,1,731,37.77,Fully Paid,2026-05-12 02:00:00
7300,60 months,13.0,146.28,A,5 years,MORTGAGE,43398.0,Source Verified,home_improvement,18.6,1,736,47.63,Fully Paid,2026-05-20 18:00:00
9300,60 months,8.95,181.75,B,,MORTGAGE,215538.0,Source Verified,credit_card,50.0,0,734,61.63,Fully Paid,2026-04-09 14:00:00
33800,36 months,15.7,1183.31,C,7 years,RENT,31000.0,Verified,debt_consolidation,7.34,2,711,38.4,Fully Paid,2026-03-08 06:00:00
8800,60 months,9.34,175.67,B,10+ years,MORTGAGE,62975.0,Source Verified,small_business,24.81,0,726,34.37,Fully Paid,2026-04-05 07:00:00
32600,36 months,7.7,1002.13,A,4 years,MORTGAGE,71012.0,Verified,debt_consolidation,16.3,0,756,57.63,Fully Paid,2026-03-16 00:00:00
14600,36 months,8.37,443.3,B,3 years,MORTGAGE,37356.0,Not Verified,home_improvement,18.78,0,745,33.13,Fully Paid,2026-04-10 22:00:00
23300,60 months,15.96,523.73,C,< 1 year,MORTGAGE,20585.0,Source Verified,debt_consolidation,18.33,0,692,69.27,Fully Paid,2026-04-22 02:00:00
12700,60 months,17.79,304.07,D,,MORTGAGE,50435.0,Source Verified,debt_consolidation,8.76,0,669,60.53,Fully Paid,2026-04-07 09:00:00
14200,36 months,7.18,433.15,A,7 years,OWN,20892.0,Not Verified,credit_card,18.62,0,731,86.93,Fully Paid,2026-03-19 21:00:00
7400,36 months,9.92,233.33,A,3 years,OWN,47438.0,Source Verified,small_business,8.97,0,726,74.3,Fully Paid,2026-03-23 05:00:00
37100,36 months,13.69,1191.72,C,3 years,RENT,91083.0,Source Verified,debt_consolidation,12.0,1,711,34.73,Fully Paid,2026-04-29 08:00:00
18300,36 months,24.2,719.88,F,1 year,OTHER,80300.0,Source Verified,credit_card,15.2,0,659,71.5,Charged Off,2026-03-05 20:00:00
11300,36 months,8.25,350.2,A,2 years,MORTGAGE,37279.0,Not Verified,debt_consolidation,9.92,0,724,76.13,Fully Paid,2026-03-17 21:00:00
11400,36 months,14.17,363.42,B,4 years,MORTGAGE,71567.0,Verified,car,12.15,0,712,96.07,Fully Paid,2026-05-15 03:00:00
40000,36 months,9.57,1273.29,B,9 years,RENT,41125.0,Not Verified,credit_card,18.6,1,715,37.77,Charged Off,2026-03-12 05:00:00
40000,36 months,8.91,1233.44,A,9 years,MORTGAGE,50417.0,Verified,debt_consolidation,18.26,0,740,44.77,Fully Paid,2026-04-04 14:00:00
30900,36 months,21.45,1155.45,E,7 years,MORTGAGE,20412.0,Not Verified,credit_card,25.45,0,671,83.73,Fully Paid,2026-03-17 06:00:00
19500,36 months,8.99,615.48,A,< 1 year,RENT,48175.0,Source Verified,debt_consolidation,35.94,2,728,60.87,Fully Paid,2026-03-09 09:00:00
5200,60 months,13.95,114.23,C,3 years,MORTGAGE,48644.0,Source Verified,credit_card,25.35,0,724,61.13,Fully Paid,2026-04-09 16:00:00
14100,36 months,13.72,459.75,C,4 years,RENT,39462.0,Not Verified,debt_consolidation,17.27,0,693,42.5,Fully Paid,2026-04-14 19:00:00
9100,36 months,12.66,300.77,B,10+ years,MORTGAGE,66029.0,Not Verified,debt_consolidation,20.37,0,708,88.63,Fully Paid,2026-03-20 22:00:00
6800,60 months,12.51,153.02,C,1 year,RENT,71600.0,Verified,credit_card,22.3,0,680,88.9,Fully Paid,2026-03-02 15:00:00
40000,60 months,11.72,874.09,B,10+ years,OWN,110254.0,Source Verified,credit_card,30.14,0,704,46.67,Fully Paid,2026-03-13 00:00:00
8200,36 months,9.94,251.1,B,10+ years,MORTGAGE,28444.0,Source Verified,home_improvement,25.63,0,733,53.47,Fully Paid,2026-04-26 22:00:00
13900,36 months,15.58,452.31,C,10+ years,RENT,52092.0,Verified,debt_consolidation,9.09,0,718,54.47,Fully Paid,2026-05-11 15:00:00
18200,36 months,10.73,584.96,B,2 years,OTHER,73121.0,Source Verified,debt_consolidation,17.47,0,716,49.13,Fully Paid,2026-03-18 02:00:00
22800,36 months,9.72,716.79,A,1 year,MORTGAGE,83812.0,Verified,debt_consolidation,6.65,0,736,42.3,Fully Paid,2026-03-28 21:00:00
23900,36 months,13.1,783.59,B,2 years,MORTGAGE,80575.0,Source Verified,debt_consolidation,22.6,0,709,24.47,Fully Paid,2026-04-02 17:00:00
4500,36 months,15.56,152.84,C,6 years,RENT,37675.0,Not Verified,debt_consolidation,4.63,0,735,26.87,Fully Paid,2026-03-31 05:00:00
7800,36 months,23.36,299.34,E,6 years,MORTGAGE,16292.0,Not Verified,debt_consolidation,10.6,0,668,46.63,Fully Paid,2026-03-17 11:00:00
38700,36 months,10.67,1260.95,B,2 years,MORTGAGE,138900.0,Not Verified,debt_consolidation,7.1,0,722,18.2,Fully Paid,2026-03-07 08:00:00
21000,36 months,9.87,647.17,A,< 1 year,MORTGAGE,55912.0,Not Verified,debt_consolidation,19.27,0,739,89.4,Fully Paid,2026-04-19 00:00:00
11700,36 months,11.62,375.44,B,10+ years,MORTGAGE,83783.0,Not Verified,debt_consolidation,32.51,0,739,31.37,Fully Paid,2026-04-01 12:00:00
14500,36 months,14.35,484.04,C,10+ years,RENT,194425.0,Source Verified,credit_card,8.2,0,699,80.07,Fully Paid,2026-04-02 07:00:00
12600,36 months,13.87,420.73,C,10+ years,MORTGAGE,36656.0,Verified,major_purchase,27.13,1,692,47.7,Charged Off,2026-03-28 11:00:00
13000,60 months,15.32,275.06,C,4 years,MORTGAGE,79088.0,Source Verified,debt_consolidation,25.02,1,707,45.13,Charged Off,2026-05-19 05:00:00
6400,60 months,16.31,145.0,C,8 years,MORTGAGE,108308.0,Source Verified,debt_consolidation,15.35,1,716,48.27,Fully Paid,2026-04-21 10:00:00
14000,36 months,20.77,508.03,D,2 years,MORTGAGE,105529.0,Verified,credit_card,16.87,1,663,72.33,Fully Paid,2026-04-11 10:00:00
25500,36 months,7.69,783.76,A,10+ years,OWN,53283.0,Not Verified,small_business,29.98,0,726,17.13,Charged Off,2026-03-17 07:00:00
13600,60 months,17.77,311.32,C,1 year,OWN,63131.0,Source Verified,credit_card,4.83,0,704,43.9,Fully Paid,2026-05-09 09:00:00
13400,36 months,19.03,458.18,D,5 years,MORTGAGE,79325.0,Source Verified,debt_consolidation,33.49,0,708,72.17,Fully Paid,2026-05-14 11:00:00
6300,36 months,8.81,199.78,B,10+ years,MORTGAGE,80400.0,Not Verified,debt_consolidation,14.44,0,694,20.1,Fully Paid,2026-03-08 22:00:00
8800,36 months,26.34,330.82,F,< 1 year,MORTGAGE,42010.0,Not Verified,credit_card,26.45,0,676,59.43,Fully Paid,2026-05-18 05:00:00
18700,36 months,11.91,585.21,B,10+ years,MORTGAGE,50417.0,Source Verified,home_improvement,12.26,0,736,55.83,Fully Paid,2026-05-03 14:00:00
6800,36 months,9.46,216.11,B,1 year,RENT,121221.0,Verified,debt_consolidation,23.34,0,727,43.47,Fully Paid,2026-03-10 13:00:00
17300,60 months,28.08,493.48,G,3 years,RENT,33962.0,Not Verified,credit_card,15.25,0,655,98.7,Fully Paid,2026-05-04 05:00:00
25900,36 months,11.63,849.53,B,,RENT,46608.0,Source Verified,debt_consolidation,12.84,0,704,52.57,Fully Paid,2026-03-14 01:00:00
5600,36 months,15.11,194.43,C,4 years,RENT,127200.0,Source Verified,debt_consolidation,21.68,0,690,26.7,Charged Off,2026-03-05 17:00:00
9100,36 months,24.67,357.83,F,,MORTGAGE,86558.0,Verified,debt_consolidation,3.57,0,644,57.37,Fully Paid,2026-03-14 20:00:00
19700,36 months,16.33,671.67,D,6 years,MORTGAGE,22665.0,Not Verified,debt_consolidation,6.98,0,722,22.33,Fully Paid,2026-04-06 18:00:00
22800,36 months,22.7,838.06,D,10+ years,RENT,63892.0,Verified,credit_card,26.44,0,675,35.77,Charged Off,2026-04-20 13:00:00
11200,36 months,9.2,346.85,A,1 year,RENT,40883.0,Verified,debt_consolidation,18.94,0,724,72.77,Fully Paid,2026-04-02 23:00:00
11700,36 months,14.31,398.8,C,10+ years,RENT,77158.0,Source Verified,debt_consolidation,15.64,1,694,50.37,Fully Paid,2026-03-15 04:00:00
27700,36 months,16.46,966.48,D,< 1 year,MORTGAGE,38717.0,Verified,debt_consolidation,23.57,0,673,58.23,Fully Paid,2026-03-18 20:00:00
11300,36 months,17.12,375.97,C,10+ years,MORTGAGE,22800.0,Not Verified,home_improvement,19.36,2,715,83.57,Fully Paid,2026-05-16 13:00:00
17800,36 months,17.53,591.47,B,1 year,MORTGAGE,38310.0,Not Verified,debt_consolidation,18.74,0,723,87.63,Fully Paid,2026-05-24 08:00:00
9000,36 months,17.19,301.9,D,10+ years,OWN,51025.0,Source Verified,debt_consolidation,15.69,0,701,39.6,Fully Paid,2026-05-10 02:00:00
20200,36 months,11.11,657.6,B,4 years,MORTGAGE,89006.0,Not Verified,debt_consolidation,22.19,0,703,67.27,Fully Paid,2026-03-12 13:00:00
13300,36 months,16.96,444.68,C,10+ years,OWN,171438.0,Not Verified,debt_consolidation,9.8,0,714,98.4,Charged Off,2026-05-08 21:00:00
5600,36 months,21.24,200.32,E,10+ years,MORTGAGE,41333.0,Verified,credit_card,25.39,0,659,34.93,Charged Off,2026-04-30 16:00:00
2000,60 months,18.01,47.59,D,5 years,OWN,53988.0,Not Verified,other,18.84,0,687,89.0,Fully Paid,2026-04-17 17:00:00
16200,60 months,6.54,313.49,A,10+ years,RENT,185356.0,Source Verified,debt_consolidation,12.72,0,755,35.17,Fully Paid,2026-03-12 23:00:00
18000,36 months,15.73,582.76,B,2 years,RENT,55038.0,Source Verified,credit_card,24.06,0,699,99.93,Fully Paid,2026-05-21 16:00:00
5900,36 months,11.95,188.86,B,9 years,MORTGAGE,18006.0,Not Verified,debt_consolidation,23.88,0,709,47.63,Fully Paid,2026-04-09 01:00:00
16400,60 months,11.58,361.34,B,9 years,RENT,32600.0,Not Verified,debt_consolidation,35.0,0,709,51.6,Fully Paid,2026-03-06 13:00:00
15800,36 months,11.18,511.16,B,10+ years,MORTGAGE,182946.0,Verified,home_improvement,10.23,1,699,28.23,Fully Paid,2026-03-21 06:00:00
27000,60 months,18.94,670.15,D,,RENT,72967.0,Source Verified,debt_consolidation,12.39,1,699,28.37,Charged Off,2026-04-05 10:00:00
3800,36 months,12.0,126.21,C,3 years,MORTGAGE,66600.0,Not Verified,debt_consolidation,13.02,0,673,61.1,Fully Paid,2026-03-06 07:00:00
15500,60 months,16.36,367.61,C,< 1 year,RENT,76031.0,Verified,debt_consolidation,16.05,0,721,30.0,Fully Paid,2026-03-23 16:00:00
13000,36 months,18.15,454.8,D,4 years,RENT,36550.0,Verified,credit_card,15.36,0,690,77.33,Fully Paid,2026-04-10 02:00:00
22400,36 months,12.12,687.76,B,10+ years,RENT,74385.0,Not Verified,home_improvement,9.5,0,722,84.43,Fully Paid,2026-05-20 05:00:00
20100,36 months,19.25,734.25,E,6 years,MORTGAGE,41712.0,Verified,debt_consolidation,14.18,0,666,49.67,Fully Paid,2026-03-09 04:00:00
6100,60 months,21.4,156.23,D,< 1 year,MORTGAGE,81025.0,Verified,debt_consolidation,10.5,0,686,47.6,Fully Paid,2026-04-13 12:00:00
12900,36 months,27.87,498.48,F,10+ years,RENT,37525.0,Not Verified,credit_card,30.79,0,670,61.37,Fully Paid,2026-05-15 03:00:00
19300,36 months,11.81,598.67,A,10+ years,MORTGAGE,69956.0,Not Verified,debt_consolidation,18.73,1,725,56.1,Fully Paid,2026-05-10 14:00:00
5700,60 months,28.11,159.41,E,10+ years,RENT,13567.0,Not Verified,credit_card,7.39,0,673,93.93,Fully Paid,2026-05-21 12:00:00
34200,36 months,7.41,1046.8,A,3 years,MORTGAGE,62867.0,Verified,debt_consolidation,9.4,0,771,33.33,Fully Paid,2026-03-19 02:00:00
16400,36 months,21.57,585.28,D,10+ years,MORTGAGE,78000.0,Source Verified,debt_consolidation,15.83,0,704,43.7,Charged Off,2026-05-04 14:00:00
19800,36 months,12.42,610.64,A,7 years,MORTGAGE,101365.0,Source Verified,home_improvement,27.46,0,749,99.63,Fully Paid,2026-05-22 17:00:00
6800,60 months,13.76,152.16,C,6 years,MORTGAGE,61406.0,Verified,debt_consolidation,11.7,0,697,30.2,Fully Paid,2026-03-23 09:00:00
14300,36 months,12.05,458.41,B,10+ years,MORTGAGE,28667.0,Source Verified,debt_consolidation,19.87,0,715,72.33,Fully Paid,2026-04-11 21:00:00
7100,60 months,9.58,139.19,A,6 years,RENT,40338.0,Verified,small_business,13.8,0,738,49.6,Fully Paid,2026-04-18 17:00:00
5400,36 months,17.59,187.43,E,10+ years,OWN,76235.0,Source Verified,small_business,5.17,0,685,56.33,Fully Paid,2026-04-12 22:00:00
8100,36 months,14.61,273.35,C,2 years,MORTGAGE,36938.0,Verified,home_improvement,17.65,1,677,75.1,Fully Paid,2026-03-24 23:00:00
11500,36 months,12.79,356.61,A,10+ years,RENT,53727.0,Source Verified,debt_consolidation,13.71,0,751,73.93,Fully Paid,2026-05-19 03:00:00
15600,36 months,19.76,535.14,C,6 years,OWN,174748.0,Not Verified,debt_consolidation,11.6,1,694,85.13,Fully Paid,2026-05-20 02:00:00
22700,36 months,8.9,699.87,A,2 years,RENT,27958.0,Source Verified,credit_card,6.67,0,741,68.37,Fully Paid,2026-04-04 14:00:00
11100,36 months,11.47,342.58,A,1 year,RENT,72962.0,Verified,other,4.26,1,750,93.5,Fully Paid,2026-05-05 12:00:00
6200,60 months,20.41,158.83,E,2 years,MORTGAGE,45008.0,Verified,home_improvement,13.53,0,642,46.77,Fully Paid,2026-04-05 05:00:00
6500,36 months,21.78,232.65,D,7 years,MORTGAGE,26894.0,Source Verified,debt_consolidation,14.41,1,685,57.9,Fully Paid,2026-05-05 01:00:00
10200,60 months,14.64,222.49,B,10+ years,MORTGAGE,26479.0,Verified,debt_consolidation,15.74,1,711,82.37,Charged Off,2026-04-20 08:00:00
7500,36 months,14.69,249.79,C,5 years,MORTGAGE,28577.0,Source Verified,credit_card,21.18,2,695,58.73,Fully Paid,2026-04-07 12:00:00
20200,36 months,11.71,663.33,B,1 year,RENT,93804.0,Not Verified,major_purchase,9.62,0,705,37.07,Fully Paid,2026-03-14 06:00:00
10200,36 months,18.47,353.44,D,2 years,MORTGAGE,121035.0,Source Verified,credit_card,18.9,0,693,55.87,Fully Paid,2026-04-24 05:00:00
10000,60 months,8.84,199.62,B,10+ years,MORTGAGE,60750.0,Verified,debt_consolidation,34.65,0,746,53.2,Charged Off,2026-03-25 11:00:00
7800,60 months,8.34,155.7,A,10+ years,RENT,54817.0,Not Verified,debt_consolidation,35.91,0,721,80.03,Fully Paid,2026-03-20 14:00:00
13400,60 months,20.57,351.82,E,5 years,MORTGAGE,198375.0,Not Verified,debt_consolidation,17.21,0,680,16.73,Charged Off,2026-03-20 12:00:00
24000,36 months,11.03,725.03,A,,MORTGAGE,71225.0,Verified,debt_consolidation,12.94,0,750,46.63,Fully Paid,2026-05-21 21:00:00
9800,36 months,7.4,302.15,A,9 years,MORTGAGE,120927.0,Not Verified,debt_consolidation,17.82,0,753,92.27,Fully Paid,2026-03-12 14:00:00
8400,36 months,11.02,257.53,B,3 years,RENT,106600.0,Not Verified,credit_card,20.22,0,765,90.1,Fully Paid,2026-05-04 17:00:00
15000,60 months,15.6,323.15,C,8 years,RENT,26996.0,Verified,debt_consolidation,21.83,0,688,31.37,Fully Paid,2026-05-12 19:00:00
7800,36 months,7.58,242.92,A,,MORTGAGE,49200.0,Source Verified,debt_consolidation,25.34,0,763,48.4,Fully Paid,2026-03-05 16:00:00
19400,36 months,21.09,697.37,E,< 1 year,MORTGAGE,122060.0,Verified,debt_consolidation,23.1,1,697,59.77,Charged Off,2026-04-20 22:00:00
3000,60 months,10.87,60.64,A,10+ years,MORTGAGE,38062.0,Not Verified,debt_consolidation,28.18,1,745,64.2,Fully Paid,2026-04-16 07:00:00
12000,36 months,10.11,376.65,A,3 years,MORTGAGE,65542.0,Verified,debt_consolidation,7.03,0,744,45.37,Fully Paid,2026-03-30 19:00:00
5400,36 months,10.66,165.9,B,5 years,MORTGAGE,50833.0,Not Verified,other,8.98,0,737,73.63,Fully Paid,2026-05-02 12:00:00
12800,60 months,15.03,291.44,C,1 year,MORTGAGE,34925.0,Not Verified,debt_consolidation,38.46,0,700,89.57,Fully Paid,2026-03-30 17:00:00
28200,36 months,17.45,976.87,C,3 years,RENT,47838.0,Not Verified,debt_consolidation,22.07,0,700,33.93,Fully Paid,2026-04-06 15:00:00
20000,60 months,8.74,388.89,A,5 years,RENT,42731.0,Verified,debt_consolidation,12.35,0,747,100.73,Fully Paid,2026-04-10 11:00:00
4400,36 months,17.45,148.15,C,10+ years,RENT,77756.0,Source Verified,debt_consolidation,32.44,0,695,63.1,Charged Off,2026-05-05 13:00:00
9200,60 months,16.32,208.48,D,,MORTGAGE,33056.0,Source Verified,debt_consolidation,14.26,0,696,69.07,Fully Paid,2026-04-22 11:00:00
9800,36 months,14.41,327.42,C,4 years,RENT,133467.0,Not Verified,credit_card,26.68,0,719,30.97,Fully Paid,2026-04-01 04:00:00
13400,36 months,25.73,499.56,E,3 years,MORTGAGE,67448.0,Not Verified,debt_consolidation,13.86,1,656,83.83,Fully Paid,2026-05-19 12:00:00
13000,36 months,18.18,442.29,D,10+ years,RENT,36725.0,Not Verified,debt_consolidation,8.53,0,680,52.3,Fully Paid,2026-05-09 07:00:00
12100,36 months,33.29,499.13,G,4 years,RENT,87567.0,Verified,other,12.21,0,656,66.83,Fully Paid,2026-05-22 20:00:00
11400,60 months,12.07,231.53,A,5 years,RENT,55833.0,Not Verified,debt_consolidation,16.48,0,761,76.43,Fully Paid,2026-04-28 16:00:00
15500,36 months,12.41,503.13,B,4 years,RENT,140342.0,Source Verified,credit_card,12.75,0,728,51.47,Fully Paid,2026-04-03 19:00:00
7700,36 months,18.5,263.17,D,10+ years,MORTGAGE,48425.0,Not Verified,small_business,18.77,1,711,91.2,Fully Paid,2026-05-08 23:00:00
6800,36 months,12.47,222.53,B,1 year,RENT,22406.0,Source Verified,debt_consolidation,32.59,0,701,69.4,Fully Paid,2026-03-26 18:00:00
9000,36 months,17.75,317.53,D,7 years,RENT,95250.0,Not Verified,debt_consolidation,26.76,0,672,49.0,Fully Paid,2026-03-27 01:00:00
21100,36 months,11.64,672.35,B,8 years,RENT,31444.0,Not Verified,debt_consolidation,7.33,0,711,64.03,Fully Paid,2026-04-12 13:00:00
30300,36 months,18.56,1021.8,C,10+ years,MORTGAGE,94581.0,Verified,debt_consolidation,12.27,1,691,90.73,Fully Paid,2026-05-21 04:00:00
11000,36 months,22.59,406.51,D,10+ years,RENT,118300.0,Not Verified,debt_consolidation,4.18,0,679,36.4,Fully Paid,2026-04-15 16:00:00
5000,60 months,10.61,102.85,B,3 years,RENT,69667.0,Not Verified,debt_consolidation,29.74,0,710,57.07,Fully Paid,2026-04-02 18:00:00
9400,36 months,16.03,319.13,C,< 1 year,RENT,83492.0,Verified,debt_consolidation,13.49,0,710,76.03,Fully Paid,2026-04-11 20:00:00
12600,36 months,12.44,412.15,B,10+ years,RENT,63469.0,Source Verified,debt_consolidation,17.89,1,720,38.2,Fully Paid,2026-03-27 23:00:00
30700,36 months,13.82,995.22,B,3 years,RENT,51079.0,Not Verified,credit_card,13.57,0,710,68.07,Fully Paid,2026-04-20 12:00:00
7900,36 months,7.8,239.62,A,6 years,MORTGAGE,125125.0,Verified,debt_consolidation,8.21,0,744,51.47,Fully Paid,2026-04-02 05:00:00
11900,36 months,12.71,382.36,B,4 years,MORTGAGE,98088.0,Source Verified,debt_consolidation,38.72,1,728,37.4,Fully Paid,2026-04-18 04:00:00
9900,36 months,13.07,324.44,B,4 years,MORTGAGE,54358.0,Verified,debt_consolidation,12.07,2,705,56.27,Fully Paid,2026-03-31 13:00:00
5800,36 months,18.04,205.46,D,10+ years,RENT,46875.0,Verified,debt_consolidation,16.47,0,699,63.0,Fully Paid,2026-03-29 22:00:00
8700,36 months,15.4,280.32,B,10+ years,MORTGAGE,48562.0,Verified,debt_consolidation,11.47,0,714,54.73,Fully Paid,2026-05-23 15:00:00
9200,36 months,16.91,318.52,C,10+ years,RENT,140067.0,Not Verified,credit_card,24.87,0,709,79.07,Charged Off,2026-04-04 22:00:00
17700,60 months,10.73,382.46,B,1 year,RENT,83200.0,Not Verified,major_purchase,10.86,0,700,67.6,Fully Paid,2026-03-02 13:00:00
12100,60 months,8.51,236.81,A,10+ years,OWN,90933.0,Source Verified,credit_card,16.17,0,754,40.17,Fully Paid,2026-04-03 01:00:00
15800,36 months,15.68,529.93,C,< 1 year,MORTGAGE,156800.0,Source Verified,car,27.12,0,686,30.8,Fully Paid,2026-04-16 16:00:00
17800,36 months,8.29,556.06,B,1 year,RENT,32900.0,Source Verified,medical,12.96,0,759,81.57,Fully Paid,2026-03-13 09:00:00
13400,36 months,12.56,439.08,B,1 year,RENT,22594.0,Verified,credit_card,6.32,0,694,35.2,Fully Paid,2026-03-28 22:00:00
15100,60 months,11.94,331.63,B,4 years,MORTGAGE,41321.0,Verified,car,12.3,0,704,43.87,Fully Paid,2026-03-11 11:00:00
6700,36 months,25.83,258.76,E,10+ years,MORTGAGE,36750.0,Source Verified,car,8.26,0,665,50.3,Charged Off,2026-04-16 17:00:00
11500,60 months,19.36,275.76,D,10+ years,MORTGAGE,32833.0,Not Verified,debt_consolidation,15.97,0,686,101.33,Fully Paid,2026-05-01 18:00:00
6200,36 months,24.95,228.68,E,2 years,RENT,63594.0,Not Verified,debt_consolidation,30.91,0,668,73.23,Fully Paid,2026-05-23 06:00:00
5900,36 months,9.02,182.23,A,1 year,MORTGAGE,62150.0,Verified,debt_consolidation,13.06,0,728,68.57,Fully Paid,2026-04-04 09:00:00
12300,60 months,11.54,240.89,A,2 years,RENT,25888.0,Verified,debt_consolidation,26.83,0,736,92.27,Charged Off,2026-05-13 08:00:00
6200,60 months,10.55,130.36,C,10+ years,RENT,70533.0,Verified,credit_card,26.46,0,725,76.73,Fully Paid,2026-03-22 23:00:00
10600,36 months,13.48,336.98,B,8 years,MORTGAGE,29006.0,Not Verified,medical,26.32,0,715,88.7,Fully Paid,2026-05-04 01:00:00
8600,60 months,20.2,214.66,D,10+ years,MORTGAGE,145512.0,Verified,debt_consolidation,29.85,0,692,69.7,Fully Paid,2026-04-16 10:00:00
21100,60 months,10.9,411.86,A,4 years,MORTGAGE,32500.0,Verified,debt_consolidation,10.72,2,750,71.7,Fully Paid,2026-05-08 06:00:00
7500,60 months,16.05,165.13,B,7 years,RENT,45744.0,Verified,debt_consolidation,12.46,0,709,49.5,Fully Paid,2026-05-04 10:00:00
10500,60 months,16.94,243.99,D,10+ years,OWN,59500.0,Verified,debt_consolidation,29.8,0,695,85.3,Charged Off,2026-04-16 03:00:00
13100,36 months,16.32,452.96,C,8 years,RENT,74344.0,Not Verified,debt_consolidation,11.32,0,692,71.3,Fully Paid,2026-03-27 04:00:00
14800,36 months,22.07,543.03,D,3 years,RENT,239050.0,Verified,major_purchase,22.03,0,682,57.5,Charged Off,2026-04-17 06:00:00
20900,60 months,18.42,485.44,C,2 years,RENT,133819.0,Source Verified,credit_card,38.37,0,717,73.1,Charged Off,2026-05-04 19:00:00
5600,36 months,20.88,195.17,E,10+ years,MORTGAGE,168042.0,Verified,debt_consolidation,16.18,0,690,56.33,Charged Off,2026-05-19 22:00:00
4800,36 months,14.0,151.52,B,2 years,MORTGAGE,17729.0,Verified,debt_consolidation,9.06,1,732,82.23,Fully Paid,2026-05-19 17:00:00
24800,36 months,11.68,808.17,B,10+ years,MORTGAGE,129854.0,Not Verified,debt_consolidation,20.73,0,725,51.53,Charged Off,2026-03-20 11:00:00
8600,36 months,12.83,274.8,B,9 years,RENT,203292.0,Verified,debt_consolidation,13.63,0,715,51.97,Fully Paid,2026-04-22 07:00:00
12600,36 months,6.11,381.09,A,2 years,RENT,95958.0,Source Verified,debt_consolidation,11.39,0,743,55.87,Fully Paid,2026-03-13 00:00:00
6900,60 months,20.22,168.6,E,,RENT,158750.0,Source Verified,other,17.65,0,695,73.03,Fully Paid,2026-05-02 02:00:00
12400,36 months,18.02,414.94,D,3 years,RENT,69067.0,Not Verified,home_improvement,32.7,0,695,38.23,Fully Paid,2026-05-23 13:00:00
9200,36 months,7.68,286.94,A,10+ years,MORTGAGE,35500.0,Source Verified,debt_consolidation,4.38,0,764,59.4,Charged Off,2026-03-03 06:00:00
8200,36 months,14.64,269.0,B,2 years,MORTGAGE,47662.0,Verified,home_improvement,18.47,0,734,70.87,Fully Paid,2026-04-26 07:00:00
12200,60 months,21.73,298.17,E,2 years,RENT,26208.0,Verified,credit_card,24.09,1,669,87.03,Fully Paid,2026-05-19 03:00:00
8100,36 months,14.49,259.43,B,3 years,MORTGAGE,23908.0,Verified,debt_consolidation,18.41,0,714,72.37,Charged Off,2026-05-11 03:00:00
27200,36 months,16.77,939.84,C,1 year,MORTGAGE,153542.0,Source Verified,debt_consolidation,9.28,0,715,62.87,Charged Off,2026-03-30 07:00:00
25400,36 months,11.0,825.56,B,2 years,MORTGAGE,61590.0,Not Verified,medical,11.53,0,722,41.27,Fully Paid,2026-03-10 09:00:00
5100,36 months,22.27,181.25,D,8 years,OWN,40546.0,Verified,credit_card,22.45,0,671,51.63,Fully Paid,2026-05-24 02:00:00
11600,36 months,16.11,377.63,C,1 year,RENT,45325.0,Not Verified,debt_consolidation,24.98,0,713,55.73,Charged Off,2026-05-19 10:00:00
7000,36 months,19.08,246.38,D,5 years,RENT,133175.0,Not Verified,debt_consolidation,15.67,1,693,67.3,Fully Paid,2026-04-17 20:00:00
15600,60 months,12.08,305.82,A,2 years,MORTGAGE,14183.0,Verified,debt_consolidation,11.25,1,745,25.33,Fully Paid,2026-05-20 22:00:00
23100,36 months,12.65,774.44,C,10+ years,OTHER,25000.0,Not Verified,debt_consolidation,16.69,0,702,43.5,Fully Paid,2026-03-02 06:00:00
10500,36 months,30.65,429.51,G,< 1 year,MORTGAGE,144781.0,Not Verified,debt_consolidation,15.98,0,651,31.27,Fully Paid,2026-04-23 02:00:00
14500,36 months,20.83,545.02,E,5 years,MORTGAGE,134100.0,Source Verified,debt_consolidation,21.59,1,676,89.9,Fully Paid,2026-03-02 04:00:00
6300,60 months,17.26,139.38,D,2 years,RENT,70685.0,Not Verified,major_purchase,20.37,0,709,60.73,Fully Paid,2026-05-21 07:00:00
10600,60 months,17.27,242.65,D,1 year,RENT,90333.0,Source Verified,car,28.16,0,721,65.93,Charged Off,2026-04-30 21:00:00
12200,36 months,15.14,394.46,B,10+ years,MORTGAGE,69588.0,Not Verified,major_purchase,4.63,0,711,37.37,Fully Paid,2026-05-14 15:00:00
15900,36 months,18.8,557.43,E,4 years,MORTGAGE,25725.0,Source Verified,debt_consolidation,17.17,0,696,62.1,Charged Off,2026-04-14 23:00:00
21600,36 months,13.02,728.0,C,4 years,MORTGAGE,49700.0,Verified,debt_consolidation,38.9,0,713,49.5,Fully Paid,2026-03-07 08:00:00
8900,36 months,6.38,272.29,A,8 years,MORTGAGE,50700.0,Not Verified,car,25.08,1,761,56.4,Fully Paid,2026-03-06 04:00:00
18800,36 months,15.38,636.89,C,10+ years,RENT,53533.0,Source Verified,debt_consolidation,6.99,1,706,,Fully Paid,2026-03-31 18:00:00
15900,36 months,17.3,538.03,C,10+ years,RENT,65167.0,Source Verified,debt_consolidation,8.12,0,717,92.33,Fully Paid,2026-04-30 01:00:00
8100,36 months,10.77,262.39,B,10+ years,MORTGAGE,41419.0,Not Verified,debt_consolidation,21.03,0,700,41.67,Fully Paid,2026-03-09 18:00:00
4400,36 months,18.68,149.7,C,5 years,MORTGAGE,62779.0,Not Verified,credit_card,16.62,0,714,43.97,Fully Paid,2026-05-17 11:00:00
38000,60 months,11.08,808.88,B,10+ years,OWN,89317.0,Not Verified,home_improvement,5.65,0,710,72.93,Charged Off,2026-03-21 06:00:00
13200,36 months,9.07,404.99,A,< 1 year,RENT,72383.0,Source Verified,credit_card,25.59,0,742,104.53,Fully Paid,2026-04-08 00:00:00
10000,36 months,7.69,307.36,A,10+ years,MORTGAGE,72642.0,Source Verified,major_purchase,7.98,0,748,59.53,Fully Paid,2026-03-20 17:00:00
14500,36 months,14.82,483.83,C,5 years,MORTGAGE,23560.0,Verified,medical,11.37,1,707,99.93,Charged Off,2026-04-10 18:00:00
17500,36 months,15.52,589.81,C,10+ years,MORTGAGE,32877.0,Verified,other,17.83,0,687,50.83,Charged Off,2026-04-10 06:00:00
23700,60 months,14.04,551.95,C,< 1 year,MORTGAGE,71300.0,Not Verified,credit_card,23.25,0,696,58.5,Fully Paid,2026-03-02 09:00:00
7000,36 months,12.76,225.08,B,10+ years,RENT,99750.0,Not Verified,credit_card,17.56,0,723,53.9,Fully Paid,2026-04-19 03:00:00
23900,36 months,15.19,778.95,C,2 years,OWN,57362.0,Verified,debt_consolidation,25.34,0,719,92.3,Fully Paid,2026-05-10 16:00:00
9100,36 months,17.74,303.29,D,10+ years,RENT,117938.0,Not Verified,debt_consolidation,24.95,0,684,75.43,Charged Off,2026-05-24 19:00:00
7800,36 months,21.94,291.63,E,< 1 year,MORTGAGE,15844.0,Not Verified,debt_consolidation,11.46,1,686,76.7,Charged Off,2026-03-29 20:00:00
25000,36 months,30.8,1004.6,F,10+ years,RENT,19554.0,Not Verified,other,5.42,0,659,46.17,Fully Paid,2026-05-17 12:00:00
7000,60 months,17.76,158.41,C,10+ years,MORTGAGE,28342.0,Verified,debt_consolidation,17.3,0,690,49.27,Fully Paid,2026-05-16 04:00:00
9700,36 months,16.76,318.76,B,10+ years,RENT,129192.0,Source Verified,credit_card,25.54,0,721,59.53,Charged Off,2026-05-18 09:00:00
14200,36 months,15.49,481.81,C,< 1 year,RENT,50783.0,Source Verified,debt_consolidation,17.83,1,681,15.07,Charged Off,2026-04-02 06:00:00
11700,60 months,15.53,251.65,C,7 years,MORTGAGE,89062.0,Source Verified,debt_consolidation,31.93,0,719,71.77,Charged Off,2026-05-12 17:00:00
1800,36 months,9.73,55.36,B,10+ years,MORTGAGE,41738.0,Not Verified,debt_consolidation,20.24,0,724,69.4,Fully Paid,2026-04-14 12:00:00
8900,36 months,10.34,288.6,B,7 years,RENT,23400.0,Verified,home_improvement,10.14,1,714,28.4,Fully Paid,2026-03-07 19:00:00
8200,36 months,16.24,283.21,C,,RENT,63562.0,Verified,debt_consolidation,10.32,1,708,45.0,Fully Paid,2026-03-28 16:00:00
10500,60 months,11.39,209.85,B,3 years,MORTGAGE,45833.0,Verified,credit_card,19.77,0,756,88.43,Charged Off,2026-04-30 15:00:00
8400,36 months,11.8,276.2,B,10+ years,OWN,29081.0,Verified,debt_consolidation,30.06,0,718,75.67,Charged Off,2026-03-14 03:00:00
6100,36 months,28.02,244.22,G,7 years,RENT,130792.0,Source Verified,debt_consolidation,17.59,1,640,49.33,Fully Paid,2026-04-06 21:00:00
5500,36 months,10.41,167.1,B,10+ years,MORTGAGE,110419.0,Not Verified,credit_card,20.15,0,762,39.5,Fully Paid,2026-05-05 13:00:00
7900,60 months,14.39,183.37,C,3 years,RENT,102127.0,Source Verified,debt_consolidation,28.75,0,704,73.57,Fully Paid,2026-03-15 00:00:00
27500,36 months,12.58,888.38,C,< 1 year,OWN,59035.0,Not Verified,medical,9.99,0,730,52.93,Fully Paid,2026-04-09 03:00:00
21300,36 months,14.48,722.62,C,10+ years,MORTGAGE,34500.0,Source Verified,debt_consolidation,10.11,0,703,79.93,Fully Paid,2026-03-19 19:00:00
18700,60 months,12.92,396.58,B,9 years,RENT,81988.0,Verified,debt_consolidation,15.01,2,718,78.7,Fully Paid,2026-04-16 05:00:00
8000,60 months,8.4,159.92,A,,RENT,26929.0,Source Verified,debt_consolidation,20.16,0,741,,Fully Paid,2026-03-17 09:00:00
23300,36 months,24.21,850.67,E,6 years,RENT,112619.0,Verified,small_business,20.0,0,667,71.83,Fully Paid,2026-05-23 18:00:00
9300,36 months,6.77,286.18,A,10+ years,MORTGAGE,31400.0,Verified,debt_consolidation,27.75,0,737,23.5,Fully Paid,2026-03-07 07:00:00
40000,36 months,26.43,1505.57,E,8 years,RENT,33917.0,Verified,debt_consolidation,21.76,0,688,85.13,Fully Paid,2026-05-22 18:00:00
17100,60 months,15.08,368.22,B,5 years,OWN,98069.0,Not Verified,debt_consolidation,9.67,0,716,31.1,Fully Paid,2026-05-06 11:00:00
13200,60 months,21.81,326.71,D,7 years,RENT,140758.0,Not Verified,major_purchase,20.52,1,695,53.27,Fully Paid,2026-05-15 12:00:00
3000,36 months,22.69,107.99,F,7 years,MORTGAGE,32854.0,Not Verified,debt_consolidation,27.01,0,688,49.87,Fully Paid,2026-05-17 16:00:00
5600,36 months,17.52,198.32,E,1 year,RENT,74271.0,Source Verified,debt_consolidation,8.15,0,674,75.63,Charged Off,2026-03-20 13:00:00
11000,36 months,16.43,359.76,B,10+ years,MORTGAGE,55115.0,Verified,credit_card,24.67,2,693,31.63,Fully Paid,2026-05-21 11:00:00
14900,36 months,17.01,505.71,C,10+ years,MORTGAGE,31604.0,Source Verified,debt_consolidation,25.22,0,717,55.97,Fully Paid,2026-04-21 21:00:00
6900,36 months,22.03,244.39,E,3 years,MORTGAGE,126340.0,Source Verified,debt_consolidation,15.5,0,682,35.73,Fully Paid,2026-05-21 15:00:00
19900,60 months,11.95,393.57,A,3 years,RENT,75446.0,Verified,debt_consolidation,11.53,1,731,,Fully Paid,2026-05-13 14:00:00
24100,60 months,10.05,477.78,A,10+ years,MORTGAGE,160388.0,Verified,small_business,32.41,0,775,23.4,Charged Off,2026-04-17 06:00:00
10100,36 months,10.9,320.71,B,< 1 year,MORTGAGE,53900.0,Verified,debt_consolidation,21.39,0,712,79.97,Fully Paid,2026-03-30 07:00:00
5200,36 months,14.44,177.57,C,10+ years,OTHER,48665.0,Verified,home_improvement,11.34,0,704,46.97,Fully Paid,2026-03-10 07:00:00
3800,36 months,10.0,121.73,B,< 1 year,MORTGAGE,108785.0,Verified,home_improvement,15.72,0,735,47.87,Fully Paid,2026-03-14 12:00:00
15600,36 months,15.16,526.83,C,9 years,RENT,59950.0,Not Verified,credit_card,29.02,0,701,9.67,Fully Paid,2026-04-01 15:00:00
18600,36 months,24.72,693.33,E,10+ years,RENT,21369.0,Not Verified,credit_card,7.69,0,675,108.5,Fully Paid,2026-05-07 00:00:00
5200,60 months,9.46,101.65,A,< 1 year,RENT,51362.0,Source Verified,debt_consolidation,7.1,0,741,69.5,Fully Paid,2026-04-16 19:00:00
15000,60 months,16.73,350.81,D,10+ years,RENT,37983.0,Not Verified,medical,17.16,0,666,58.83,Fully Paid,2026-04-09 01:00:00
12600,36 months,11.73,410.9,C,3 years,OWN,43317.0,Verified,credit_card,17.28,0,726,72.43,Fully Paid,2026-03-21 07:00:00
15900,36 months,13.22,514.69,C,10+ years,RENT,10500.0,Not Verified,credit_card,11.05,0,706,45.5,Fully Paid,2026-04-14 17:00:00
10000,60 months,19.3,242.12,D,3 years,MORTGAGE,23660.0,Not Verified,home_improvement,8.39,0,710,57.17,Fully Paid,2026-04-25 07:00:00
7600,36 months,20.58,263.75,D,1 year,RENT,35844.0,Source Verified,debt_consolidation,35.06,0,707,99.13,Fully Paid,2026-05-19 11:00:00
20300,60 months,14.68,438.14,B,10+ years,RENT,60000.0,Not Verified,debt_consolidation,13.32,0,712,23.93,Fully Paid,2026-04-29 14:00:00
16500,36 months,16.99,559.85,D,8 years,MORTGAGE,63550.0,Source Verified,debt_consolidation,10.6,2,682,43.67,Fully Paid,2026-04-24 02:00:00
4100,36 months,19.71,141.55,C,8 years,MORTGAGE,16150.0,Verified,credit_card,9.74,1,694,67.67,Fully Paid,2026-05-17 04:00:00
12900,36 months,10.63,405.01,A,1 year,RENT,43806.0,Verified,debt_consolidation,34.8,0,742,79.23,Fully Paid,2026-04-07 15:00:00
13400,36 months,19.81,460.0,C,3 years,RENT,110383.0,Verified,debt_consolidation,22.5,0,726,65.23,Charged Off,2026-05-22 02:00:00
9900,36 months,13.0,324.11,B,10+ years,MORTGAGE,60317.0,Verified,debt_consolidation,16.77,0,715,59.27,Fully Paid,2026-03-30 10:00:00
15900,36 months,6.97,487.1,A,10+ years,MORTGAGE,60610.0,Source Verified,debt_consolidation,26.38,2,744,34.67,Fully Paid,2026-03-09 12:00:00
19300,36 months,9.3,594.16,A,9 years,OWN,70950.0,Verified,debt_consolidation,9.07,0,750,92.93,Fully Paid,2026-04-11 08:00:00
36500,36 months,7.28,1123.35,A,8 years,MORTGAGE,55127.0,Verified,debt_consolidation,15.28,1,737,37.37,Fully Paid,2026-03-14 00:00:00
6600,36 months,9.63,210.28,A,10+ years,MORTGAGE,74319.0,Verified,other,12.66,1,783,70.47,Fully Paid,2026-03-11 15:00:00
29600,36 months,10.89,899.01,A,9 years,RENT,47738.0,Source Verified,debt_consolidation,13.52,0,737,40.77,Fully Paid,2026-05-15 08:00:00
12800,60 months,15.07,275.57,C,2 years,RENT,29494.0,Not Verified,car,18.8,1,713,70.0,Fully Paid,2026-05-06 15:00:00
4300,36 months,18.43,154.23,E,9 years,MORTGAGE,73121.0,Not Verified,medical,18.48,0,684,70.13,Fully Paid,2026-03-17 22:00:00
40000,36 months,13.65,1265.48,B,2 years,RENT,50825.0,Verified,major_purchase,17.01,0,714,69.37,Fully Paid,2026-05-14 00:00:00
12600,60 months,22.52,351.73,E,10+ years,MORTGAGE,24300.0,Verified,home_improvement,8.91,0,659,20.4,Fully Paid,2026-03-04 04:00:00
16100,36 months,16.45,557.72,C,4 years,MORTGAGE,119906.0,Verified,home_improvement,5.01,0,703,52.3,Fully Paid,2026-03-28 16:00:00
8100,36 months,14.63,263.77,C,10+ years,RENT,38583.0,Not Verified,debt_consolidation,15.65,0,721,107.03,Fully Paid,2026-04-29 21:00:00
13600,60 months,25.27,389.43,F,< 1 year,RENT,65438.0,Source Verified,debt_consolidation,7.74,0,668,58.2,Charged Off,2026-03-25 05:00:00
9200,60 months,24.8,247.86,F,10+ years,MORTGAGE,54750.0,Source Verified,small_business,15.49,0,669,65.63,Fully Paid,2026-04-30 18:00:00
7700,36 months,13.8,244.14,B,10+ years,MORTGAGE,63571.0,Source Verified,debt_consolidation,10.82,1,719,44.67,Fully Paid,2026-05-16 07:00:00
6300,36 months,19.59,232.82,E,10+ years,MORTGAGE,129400.0,Not Verified,debt_consolidation,9.81,0,665,43.2,Fully Paid,2026-03-03 21:00:00
2500,36 months,13.92,85.35,C,3 years,RENT,42400.0,Verified,credit_card,10.02,1,669,22.6,Charged Off,2026-03-08 13:00:00
24200,36 months,20.0,832.99,C,10+ years,RENT,41085.0,Not Verified,debt_consolidation,24.87,0,672,90.63,Fully Paid,2026-05-21 05:00:00
39600,36 months,13.53,1287.66,B,,MORTGAGE,45938.0,Verified,debt_consolidation,7.85,0,708,75.1,Fully Paid,2026-04-17 15:00:00
17400,60 months,20.31,435.34,F,10+ years,MORTGAGE,44450.0,Verified,credit_card,25.21,1,656,97.6,Charged Off,2026-04-19 16:00:00
19700,36 months,8.89,602.8,B,< 1 year,MORTGAGE,32250.0,Not Verified,debt_consolidation,40.05,0,729,74.23,Fully Paid,2026-04-09 00:00:00
14400,36 months,18.66,507.4,D,1 year,MORTGAGE,27323.0,Not Verified,credit_card,22.5,0,701,39.63,Charged Off,2026-04-07 09:00:00
5900,36 months,18.06,201.82,C,1 year,MORTGAGE,40167.0,Source Verified,debt_consolidation,8.86,0,701,88.73,Fully Paid,2026-05-02 05:00:00
11200,60 months,15.64,252.78,D,6 years,OWN,43925.0,Source Verified,credit_card,18.85,1,687,32.4,Fully Paid,2026-04-13 01:00:00
17100,60 months,15.11,403.32,C,2 years,MORTGAGE,57967.0,Source Verified,debt_consolidation,36.4,0,693,33.17,Fully Paid,2026-03-12 04:00:00
19800,36 months,15.34,656.13,C,10+ years,MORTGAGE,64319.0,Verified,credit_card,16.55,0,704,38.57,Fully Paid,2026-04-26 20:00:00
13000,36 months,16.24,433.28,D,5 years,RENT,47833.0,Verified,debt_consolidation,29.73,0,711,50.73,Charged Off,2026-04-29 21:00:00
7900,60 months,16.32,191.36,D,9 years,OWN,131208.0,Source Verified,debt_consolidation,14.58,0,704,70.27,Fully Paid,2026-03-13 18:00:00
12800,60 months,16.17,298.96,C,6 years,MORTGAGE,264550.0,Not Verified,home_improvement,9.28,0,688,47.27,Fully Paid,2026-04-02 16:00:00
14900,36 months,11.97,463.28,A,4 years,RENT,21531.0,Not Verified,credit_card,20.27,0,771,69.6,Fully Paid,2026-05-05 12:00:00
16900,36 months,24.22,634.28,E,10+ years,RENT,100535.0,Verified,major_purchase,13.2,0,662,54.27,Fully Paid,2026-04-22 05:00:00
13700,60 months,14.05,315.59,C,1 year,MORTGAGE,55225.0,Verified,small_business,10.32,0,715,18.97,Fully Paid,2026-03-12 15:00:00
13800,36 months,10.96,451.53,B,9 years,RENT,50400.0,Verified,debt_consolidation,25.22,1,699,78.0,Fully Paid,2026-03-02 17:00:00
17000,60 months,9.96,336.3,A,9 years,MORTGAGE,79538.0,Verified,debt_consolidation,9.18,0,770,54.0,Fully Paid,2026-04-15 21:00:00
8200,36 months,13.76,269.47,B,4 years,MORTGAGE,52675.0,Source Verified,credit_card,30.47,2,724,43.43,Fully Paid,2026-04-08 21:00:00
12000,36 months,15.62,387.88,C,10+ years,MORTGAGE,85948.0,Source Verified,credit_card,14.74,1,716,77.23,Fully Paid,2026-05-23 20:00:00
9700,36 months,13.65,315.96,C,8 years,RENT,97475.0,Source Verified,credit_card,14.56,1,678,33.0,Fully Paid,2026-04-13 20:00:00
8100,60 months,17.23,179.08,B,10+ years,MORTGAGE,24127.0,Not Verified,debt_consolidation,30.63,0,712,48.33,Fully Paid,2026-05-23 21:00:00
8100,36 months,10.77,260.49,B,2 years,RENT,43700.0,Verified,credit_card,14.98,0,723,77.13,Fully Paid,2026-03-18 20:00:00
17600,60 months,13.83,385.57,C,3 years,MORTGAGE,41119.0,Not Verified,car,29.28,0,690,62.93,Fully Paid,2026-04-10 13:00:00
15900,36 months,17.49,566.8,E,8 years,MORTGAGE,56890.0,Source Verified,debt_consolidation,23.8,0,661,69.17,Fully Paid,2026-03-12 21:00:00
7000,60 months,16.02,159.34,B,4 years,OTHER,49525.0,Not Verified,credit_card,14.09,1,717,79.0,Fully Paid,2026-04-15 02:00:00
11100,36 months,21.02,412.63,E,,MORTGAGE,152471.0,Verified,debt_consolidation,18.28,0,665,,Fully Paid,2026-03-22 12:00:00
18900,36 months,15.66,638.27,C,10+ years,RENT,43896.0,Not Verified,debt_consolidation,13.8,0,700,62.23,Fully Paid,2026-04-07 13:00:00
3500,60 months,8.43,68.37,A,1 year,MORTGAGE,176183.0,Verified,debt_consolidation,28.55,0,749,54.77,Fully Paid,2026-03-30 06:00:00
7300,60 months,14.97,169.74,C,,RENT,65454.0,Source Verified,debt_consolidation,26.66,0,701,39.73,Fully Paid,2026-03-21 06:00:00
13500,36 months,13.41,454.28,C,9 years,OWN,77550.0,Source Verified,debt_consolidation,16.2,0,679,61.17,Fully Paid,2026-03-13 08:00:00
14400,36 months,8.65,435.8,A,1 year,OWN,61425.0,Not Verified,small_business,19.4,0,763,94.2,Fully Paid,2026-04-19 05:00:00
28200,36 months,11.84,862.25,A,5 years,RENT,20658.0,Source Verified,debt_consolidation,11.36,0,748,85.53,Fully Paid,2026-05-21 04:00:00
6900,60 months,21.46,184.58,D,7 years,MORTGAGE,68617.0,Not Verified,debt_consolidation,24.81,0,697,21.13,Charged Off,2026-03-16 02:00:00
5600,36 months,8.69,172.12,B,10+ years,RENT,33917.0,Not Verified,debt_consolidation,22.31,1,743,66.17,Charged Off,2026-03-30 03:00:00
8200,60 months,7.62,160.9,A,,MORTGAGE,53283.0,Not Verified,debt_consolidation,15.33,0,744,30.83,Fully Paid,2026-03-19 00:00:00
7900,36 months,14.65,255.47,B,10+ years,MORTGAGE,30388.0,Not Verified,debt_consolidation,13.22,0,709,77.5,Fully Paid,2026-05-05 17:00:00
9800,60 months,17.29,234.64,C,2 years,RENT,35842.0,Verified,debt_consolidation,15.06,1,717,37.27,Fully Paid,2026-04-05 10:00:00
14100,60 months,21.79,345.06,D,7 years,MORTGAGE,27827.0,Source Verified,debt_consolidation,26.47,1,686,86.23,Charged Off,2026-05-18 19:00:00
3500,36 months,11.73,114.14,C,9 years,OWN,33158.0,Source Verified,credit_card,11.99,0,713,65.73,Fully Paid,2026-03-22 03:00:00
9700,60 months,12.88,220.11,C,3 years,RENT,53100.0,Not Verified,debt_consolidation,29.74,1,704,53.2,Fully Paid,2026-03-03 12:00:00
14600,36 months,14.63,482.35,B,1 year,MORTGAGE,36138.0,Source Verified,car,11.59,0,715,85.8,Fully Paid,2026-04-13 20:00:00
7200,36 months,14.46,235.58,B,1 year,MORTGAGE,16400.0,Source Verified,debt_consolidation,8.47,1,689,31.87,Fully Paid,2026-04-21 22:00:00
11000,36 months,18.37,369.95,D,2 years,RENT,41548.0,Not Verified,credit_card,10.92,0,710,46.13,Fully Paid,2026-05-19 00:00:00
10100,36 months,24.65,373.55,E,9 years,OWN,61908.0,Source Verified,debt_consolidation,8.11,0,669,75.27,Charged Off,2026-05-13 19:00:00
16600,60 months,22.95,421.08,E,5 years,MORTGAGE,15200.0,Not Verified,major_purchase,37.05,0,698,68.57,Charged Off,2026-05-13 07:00:00
11100,36 months,12.9,355.05,B,10+ years,MORTGAGE,82598.0,Not Verified,credit_card,28.72,0,730,56.07,Fully Paid,2026-04-23 16:00:00
5300,60 months,7.96,102.37,A,4 years,MORTGAGE,75992.0,Verified,home_improvement,22.99,1,716,61.87,Fully Paid,2026-04-02 18:00:00
18800,36 months,14.26,622.28,C,3 years,RENT,19350.0,Source Verified,car,15.29,0,723,78.73,Fully Paid,2026-04-06 00:00:00
6100,60 months,13.43,138.58,C,8 years,RENT,168710.0,Source Verified,credit_card,17.78,0,707,14.37,Fully Paid,2026-03-09 20:00:00
9900,36 months,18.88,349.91,D,1 year,RENT,66023.0,Not Verified,debt_consolidation,16.53,0,683,57.83,Fully Paid,2026-04-07 03:00:00
7600,36 months,11.91,244.91,B,7 years,RENT,55092.0,Source Verified,debt_consolidation,22.8,1,728,21.07,Fully Paid,2026-03-31 08:00:00
4800,60 months,11.19,104.82,B,2 years,RENT,39300.0,Verified,credit_card,18.92,0,700,73.8,Fully Paid,2026-03-02 15:00:00
9200,60 months,10.05,191.2,B,10+ years,RENT,90658.0,Source Verified,credit_card,27.33,0,726,82.53,Fully Paid,2026-03-18 04:00:00
13100,36 months,9.23,399.89,A,10+ years,MORTGAGE,29575.0,Verified,debt_consolidation,14.01,0,732,54.0,Fully Paid,2026-04-16 20:00:00
14900,36 months,19.84,537.48,D,3 years,RENT,96342.0,Verified,debt_consolidation,23.06,0,686,55.27,Fully Paid,2026-04-01 03:00:00
8400,60 months,18.73,192.12,C,5 years,RENT,63517.0,Source Verified,credit_card,38.87,0,688,54.33,Fully Paid,2026-05-20 07:00:00
40000,60 months,17.65,954.75,D,10+ years,OWN,51331.0,Not Verified,home_improvement,5.68,0,683,65.53,Fully Paid,2026-04-09 06:00:00
13100,36 months,21.76,462.24,D,10+ years,MORTGAGE,16188.0,Source Verified,debt_consolidation,28.71,0,662,71.03,Fully Paid,2026-05-21 20:00:00
13600,36 months,18.35,470.45,C,7 years,RENT,50310.0,Verified,major_purchase,23.67,0,678,50.17,Fully Paid,2026-04-22 07:00:00
22100,60 months,8.49,453.31,A,10+ years,MORTGAGE,62900.0,Verified,debt_consolidation,6.54,1,744,69.5,Fully Paid,2026-03-03 13:00:00
14500,60 months,13.55,326.59,C,3 years,MORTGAGE,23192.0,Verified,debt_consolidation,12.21,1,701,58.03,Fully Paid,2026-03-18 20:00:00
14900,36 months,19.83,522.59,D,10+ years,RENT,31500.0,Verified,major_purchase,15.7,0,688,86.43,Fully Paid,2026-04-27 04:00:00
9600,36 months,20.61,345.19,E,1 year,OWN,60725.0,Not Verified,debt_consolidation,13.72,0,682,51.8,Fully Paid,2026-04-16 10:00:00
16800,60 months,15.17,388.04,D,4 years,MORTGAGE,76312.0,Verified,debt_consolidation,39.91,0,713,68.1,Charged Off,2026-03-29 14:00:00
13400,36 months,11.79,424.81,B,2 years,RENT,14962.0,Not Verified,home_improvement,11.03,0,725,101.3,Fully Paid,2026-04-15 18:00:00
6200,60 months,11.32,120.79,A,10+ years,OWN,24225.0,Not Verified,small_business,31.43,0,748,60.67,Charged Off,2026-05-11 18:00:00
6500,60 months,8.65,127.64,A,10+ years,RENT,105967.0,Source Verified,debt_consolidation,45.54,0,715,33.47,Fully Paid,2026-04-03 22:00:00
15500,60 months,6.62,304.15,A,10+ years,MORTGAGE,77400.0,Not Verified,home_improvement,24.75,0,744,32.8,Fully Paid,2026-03-02 21:00:00
20100,60 months,12.47,436.72,B,,RENT,216188.0,Verified,home_improvement,9.33,1,720,45.3,Fully Paid,2026-03-24 08:00:00
31000,36 months,14.99,992.88,B,10+ years,OWN,76004.0,Verified,credit_card,25.48,0,728,68.13,Fully Paid,2026-05-19 00:00:00
25700,36 months,15.49,841.26,B,10+ years,MORTGAGE,32012.0,Verified,debt_consolidation,12.67,0,707,99.1,Fully Paid,2026-05-10 04:00:00
14400,60 months,17.8,326.17,C,3 years,MORTGAGE,27312.0,Not Verified,home_improvement,12.77,0,717,52.37,Fully Paid,2026-05-17 20:00:00
15400,60 months,15.22,328.87,C,10+ years,OTHER,52725.0,Not Verified,debt_consolidation,19.49,1,694,56.47,Fully Paid,2026-05-14 23:00:00
25900,36 months,13.61,874.05,C,10+ years,RENT,65408.0,Not Verified,debt_consolidation,14.2,1,709,53.57,Fully Paid,2026-03-13 07:00:00
4600,60 months,23.85,127.96,F,10+ years,MORTGAGE,110344.0,Verified,debt_consolidation,25.93,0,665,73.3,Fully Paid,2026-03-27 12:00:00
5000,60 months,5.8,96.2,A,10+ years,MORTGAGE,75500.0,Not Verified,debt_consolidation,21.63,1,744,23.0,Fully Paid,2026-03-06 06:00:00
10500,36 months,13.97,358.71,D,10+ years,MORTGAGE,25800.0,Source Verified,small_business,6.93,0,684,53.3,Charged Off,2026-03-05 19:00:00
21800,36 months,15.67,710.3,B,5 years,OWN,58346.0,Not Verified,debt_consolidation,34.65,1,732,83.47,Charged Off,2026-05-17 21:00:00
18300,36 months,23.55,662.05,D,4 years,RENT,32915.0,Source Verified,credit_card,26.87,0,683,96.83,Charged Off,2026-05-23 03:00:00
8400,36 months,15.58,291.52,D,10+ years,MORTGAGE,51112.0,Verified,major_purchase,12.85,0,674,83.17,Fully Paid,2026-03-09 14:00:00
7700,60 months,15.0,167.42,D,2 years,MORTGAGE,25583.0,Not Verified,debt_consolidation,17.17,0,702,44.83,Fully Paid,2026-04-29 17:00:00
6000,36 months,17.28,205.88,D,4 years,MORTGAGE,28262.0,Source Verified,credit_card,14.51,1,698,53.6,Fully Paid,2026-04-19 19:00:00
13100,36 months,14.55,451.23,C,9 years,MORTGAGE,24500.0,Not Verified,credit_card,8.91,1,691,20.0,Fully Paid,2026-03-04 19:00:00
13600,60 months,24.5,356.54,E,6 years,MORTGAGE,43067.0,Source Verified,debt_consolidation,24.64,0,676,68.87,Fully Paid,2026-05-12 10:00:00
5800,36 months,15.62,188.84,B,10+ years,MORTGAGE,24700.0,Verified,credit_card,16.28,0,727,44.47,Fully Paid,2026-05-17 01:00:00
5900,36 months,15.38,197.04,C,3 years,MORTGAGE,37450.0,Source Verified,debt_consolidation,35.62,0,686,63.7,Fully Paid,2026-04-17 08:00:00
5700,36 months,16.95,191.92,C,5 years,MORTGAGE,63333.0,Source Verified,debt_consolidation,39.71,0,687,69.73,Fully Paid,2026-04-30 22:00:00
6900,60 months,17.03,164.26,C,10+ years,RENT,91483.0,Verified,credit_card,18.21,0,698,68.07,Charged Off,2026-04-01 22:00:00
12000,36 months,21.63,428.61,D,< 1 year,RENT,64350.0,Not Verified,debt_consolidation,33.23,0,669,,Fully Paid,2026-05-04 20:00:00
15000,60 months,15.53,341.53,C,7 years,MORTGAGE,44792.0,Not Verified,debt_consolidation,16.28,0,698,55.73,Fully Paid,2026-04-08 16:00:00
7900,36 months,11.63,240.8,A,10+ years,RENT,33454.0,Not Verified,debt_consolidation,13.39,0,745,44.03,Fully Paid,2026-05-21 01:00:00
13200,60 months,14.62,311.4,C,4 years,MORTGAGE,92400.0,Verified,credit_card,9.26,0,693,61.1,Fully Paid,2026-03-08 12:00:00
8100,36 months,12.04,265.34,B,10+ years,RENT,68042.0,Source Verified,debt_consolidation,18.84,0,747,79.73,Fully Paid,2026-03-18 03:00:00
4000,36 months,19.67,137.04,C,1 year,RENT,47252.0,Verified,car,24.93,0,696,58.13,Fully Paid,2026-05-19 01:00:00
16000,36 months,10.43,508.27,B,10+ years,MORTGAGE,34781.0,Source Verified,debt_consolidation,4.94,1,713,37.1,Fully Paid,2026-03-25 23:00:00
10500,36 months,7.59,319.86,A,3 years,MORTGAGE,77250.0,Not Verified,debt_consolidation,8.46,0,768,50.9,Fully Paid,2026-03-29 23:00:00
8700,60 months,17.83,199.42,D,3 years,MORTGAGE,30062.0,Not Verified,debt_consolidation,15.06,0,697,54.5,Fully Paid,2026-05-07 09:00:00
4600,36 months,18.41,164.94,D,8 years,MORTGAGE,77242.0,Not Verified,credit_card,15.63,0,689,32.83,Fully Paid,2026-03-18 15:00:00
10900,36 months,18.32,379.56,D,1 year,MORTGAGE,24325.0,Verified,debt_consolidation,13.37,0,688,72.9,Charged Off,2026-04-17 16:00:00
5100,36 months,12.08,165.95,D,10+ years,RENT,30469.0,Not Verified,debt_consolidation,16.57,0,704,63.5,Fully Paid,2026-03-27 12:00:00
20600,36 months,8.05,636.54,B,10+ years,RENT,39962.0,Not Verified,major_purchase,35.49,1,701,35.73,Charged Off,2026-03-18 02:00:00
10700,36 months,18.2,358.98,C,9 years,OWN,44708.0,Source Verified,credit_card,31.5,0,692,78.53,Fully Paid,2026-05-24 18:00:00
15500,60 months,16.39,371.92,C,10+ years,OWN,20988.0,Source Verified,debt_consolidation,23.92,1,692,50.63,Fully Paid,2026-03-20 03:00:00
12300,60 months,8.28,248.11,A,1 year,RENT,83719.0,Verified,debt_consolidation,25.95,0,746,62.17,Fully Paid,2026-03-09 09:00:00
6600,36 months,10.69,202.85,C,7 years,RENT,52833.0,Verified,credit_card,28.59,2,727,,Charged Off,2026-04-29 20:00:00
12800,36 months,13.22,402.41,B,10+ years,RENT,63254.0,Verified,debt_consolidation,24.93,0,755,82.87,Charged Off,2026-05-17 11:00:00
15500,36 months,6.94,474.64,A,10+ years,RENT,44650.0,Not Verified,small_business,10.82,0,745,38.47,Fully Paid,2026-03-11 18:00:00
12200,36 months,22.83,446.16,E,6 years,MORTGAGE,49750.0,Source Verified,debt_consolidation,26.98,0,655,92.33,Charged Off,2026-04-30 23:00:00
20300,36 months,14.57,670.09,B,< 1 year,MORTGAGE,29312.0,Verified,debt_consolidation,24.74,0,701,39.7,Fully Paid,2026-04-17 06:00:00
13100,36 months,19.84,456.3,C,10+ years,RENT,77431.0,Not Verified,credit_card,17.63,0,695,61.9,Fully Paid,2026-05-08 22:00:00
28500,60 months,12.93,640.18,C,10+ years,MORTGAGE,34173.0,Verified,debt_consolidation,10.52,0,701,47.67,Fully Paid,2026-03-15 02:00:00
9800,36 months,18.7,331.15,D,< 1 year,RENT,47098.0,Not Verified,debt_consolidation,24.83,1,688,44.53,Charged Off,2026-05-19 01:00:00
19600,36 months,9.21,593.7,A,10+ years,RENT,32288.0,Verified,debt_consolidation,14.51,0,748,42.17,Fully Paid,2026-04-23 14:00:00
7000,60 months,18.6,161.43,D,1 year,RENT,56762.0,Source Verified,home_improvement,13.73,1,692,62.07,Fully Paid,2026-05-14 17:00:00
15900,36 months,12.38,515.89,B,2 years,OWN,20717.0,Not Verified,debt_consolidation,23.49,0,724,32.77,Fully Paid,2026-03-31 01:00:00
5400,36 months,16.27,176.2,C,10+ years,MORTGAGE,22354.0,Source Verified,debt_consolidation,25.59,2,738,94.83,Charged Off,2026-05-22 17:00:00
14700,36 months,14.23,479.38,B,10+ years,RENT,131883.0,Not Verified,credit_card,11.99,0,700,63.47,Fully Paid,2026-04-20 19:00:00
9000,60 months,10.63,191.8,B,2 years,MORTGAGE,70696.0,Source Verified,debt_consolidation,17.22,0,722,40.47,Fully Paid,2026-03-12 04:00:00
38400,36 months,18.48,1293.48,C,< 1 year,MORTGAGE,31912.0,Not Verified,small_business,16.44,0,693,65.43,Charged Off,2026-05-20 07:00:00
20400,36 months,20.47,716.9,D,1 year,MORTGAGE,16250.0,Verified,debt_consolidation,17.05,0,689,59.3,Fully Paid,2026-05-05 02:00:00
10700,36 months,11.43,344.91,B,2 years,OWN,105750.0,Not Verified,debt_consolidation,7.39,1,711,41.0,Fully Paid,2026-03-28 18:00:00
8600,36 months,9.26,262.64,A,4 years,RENT,47512.0,Not Verified,debt_consolidation,14.69,0,743,44.0,Fully Paid,2026-04-14 17:00:00
4900,36 months,12.54,159.35,B,3 years,RENT,55825.0,Not Verified,debt_consolidation,29.43,2,710,64.67,Fully Paid,2026-03-31 18:00:00
9600,60 months,25.33,266.95,F,10+ years,RENT,39112.0,Source Verified,credit_card,4.23,0,661,43.3,Fully Paid,2026-04-18 23:00:00
6100,60 months,12.14,119.75,A,10+ years,MORTGAGE,19425.0,Not Verified,debt_consolidation,23.43,0,730,83.83,Fully Paid,2026-05-24 03:00:00
8300,36 months,22.26,296.99,D,10+ years,RENT,70775.0,Verified,debt_consolidation,12.95,0,686,54.17,Fully Paid,2026-05-11 05:00:00
5700,36 months,12.56,188.13,B,10+ years,MORTGAGE,32200.0,Not Verified,medical,15.71,1,710,38.23,Fully Paid,2026-03-17 22:00:00
29400,60 months,15.92,630.76,C,10+ years,RENT,48254.0,Source Verified,debt_consolidation,48.59,0,714,82.33,Charged Off,2026-05-22 23:00:00
13200,36 months,15.56,445.14,C,2 years,MORTGAGE,249042.0,Source Verified,other,14.45,0,703,42.23,Charged Off,2026-04-11 10:00:00
13100,60 months,21.78,331.09,E,10+ years,RENT,117750.0,Not Verified,debt_consolidation,27.88,0,689,56.03,Charged Off,2026-05-03 23:00:00
11500,60 months,16.63,256.57,D,10+ years,MORTGAGE,63781.0,Source Verified,debt_consolidation,9.36,0,686,71.9,Fully Paid,2026-05-07 21:00:00
11500,36 months,9.83,356.82,A,5 years,RENT,33146.0,Source Verified,debt_consolidation,16.99,0,743,38.53,Fully Paid,2026-04-06 01:00:00
23100,36 months,11.91,738.99,B,5 years,RENT,38073.0,Source Verified,debt_consolidation,13.56,1,723,46.43,Fully Paid,2026-04-12 02:00:00
11500,36 months,13.7,377.59,C,1 year,MORTGAGE,53481.0,Verified,debt_consolidation,17.4,0,685,47.23,Fully Paid,2026-04-07 03:00:00
13600,36 months,12.1,420.55,A,< 1 year,MORTGAGE,88983.0,Not Verified,debt_consolidation,12.53,1,761,65.27,Fully Paid,2026-05-11 20:00:00
22400,36 months,13.22,735.68,B,10+ years,RENT,42075.0,Not Verified,credit_card,22.56,1,721,97.77,Fully Paid,2026-04-03 17:00:00
10000,36 months,11.72,323.71,C,10+ years,MORTGAGE,46406.0,Not Verified,major_purchase,15.79,0,718,64.5,Fully Paid,2026-03-27 05:00:00
7200,60 months,15.28,164.86,D,10+ years,MORTGAGE,40975.0,Not Verified,medical,9.39,1,670,64.67,Fully Paid,2026-03-30 10:00:00
16000,36 months,12.61,528.45,B,10+ years,MORTGAGE,29133.0,Verified,credit_card,21.91,0,722,65.33,Fully Paid,2026-03-17 04:00:00
23500,36 months,15.53,797.82,C,4 years,RENT,46017.0,Not Verified,debt_consolidation,15.19,0,679,45.87,Fully Paid,2026-04-03 03:00:00
5900,36 months,14.22,200.85,D,< 1 year,RENT,48273.0,Verified,home_improvement,19.75,0,703,,Fully Paid,2026-03-10 18:00:00
15500,36 months,6.48,471.4,A,10+ years,RENT,53560.0,Verified,home_improvement,21.31,1,762,67.67,Fully Paid,2026-03-13 18:00:00
30700,36 months,20.99,1094.39,E,10+ years,RENT,81833.0,Not Verified,debt_consolidation,24.85,0,688,29.83,Charged Off,2026-04-29 21:00:00
5100,36 months,18.21,184.91,D,4 years,RENT,73900.0,Source Verified,debt_consolidation,14.55,1,714,75.3,Fully Paid,2026-03-06 02:00:00
15300,36 months,14.29,503.01,B,9 years,MORTGAGE,47775.0,Source Verified,credit_card,27.81,0,724,69.2,Fully Paid,2026-04-16 07:00:00
14300,36 months,19.21,493.69,D,1 year,MORTGAGE,34206.0,Source Verified,debt_consolidation,11.75,0,669,,Charged Off,2026-05-06 13:00:00
10600,60 months,12.19,215.89,A,10+ years,MORTGAGE,69417.0,Source Verified,major_purchase,28.77,0,747,68.23,Charged Off,2026-04-29 09:00:00
14600,36 months,14.62,485.77,C,10+ years,RENT,43358.0,Source Verified,debt_consolidation,20.81,0,687,27.73,Fully Paid,2026-04-10 21:00:00
17200,60 months,8.14,341.72,A,10+ years,MORTGAGE,51462.0,Verified,debt_consolidation,28.97,0,738,63.63,Fully Paid,2026-03-19 14:00:00
6900,60 months,17.33,152.89,D,3 years,MORTGAGE,26362.0,Source Verified,debt_consolidation,12.05,0,692,82.23,Fully Paid,2026-05-22 03:00:00
16400,60 months,15.91,355.84,B,6 years,MORTGAGE,99592.0,Verified,credit_card,11.0,0,717,101.87,Charged Off,2026-05-15 00:00:00
6400,60 months,13.52,136.04,B,6 years,RENT,70981.0,Source Verified,debt_consolidation,14.89,0,712,64.67,Fully Paid,2026-04-21 10:00:00
21900,36 months,5.5,656.36,A,4 years,RENT,54246.0,Not Verified,credit_card,4.45,0,740,83.67,Fully Paid,2026-03-15 09:00:00
25100,36 months,22.88,970.04,F,7 years,RENT,83100.0,Source Verified,debt_consolidation,10.66,0,675,60.7,Fully Paid,2026-03-05 22:00:00
6700,36 months,23.58,256.15,E,4 years,MORTGAGE,46781.0,Verified,credit_card,12.8,0,660,44.5,Charged Off,2026-03-28 00:00:00
16100,60 months,22.65,446.04,E,7 years,RENT,38383.0,Not Verified,home_improvement,32.02,0,678,53.47,Fully Paid,2026-03-15 04:00:00
10400,36 months,17.6,348.42,D,10+ years,RENT,45917.0,Not Verified,car,18.08,0,701,81.17,Fully Paid,2026-05-17 11:00:00
14000,36 months,21.48,523.72,E,3 years,RENT,134167.0,Source Verified,debt_consolidation,16.59,0,674,86.53,Fully Paid,2026-03-20 16:00:00
12000,36 months,8.89,372.67,A,6 years,RENT,54656.0,Verified,major_purchase,10.71,0,752,26.0,Fully Paid,2026-03-28 12:00:00
11100,36 months,26.46,417.97,G,10+ years,MORTGAGE,11254.0,Not Verified,debt_consolidation,18.8,0,665,46.73,Fully Paid,2026-05-21 07:00:00
10600,60 months,14.71,226.32,C,10+ years,MORTGAGE,49888.0,Not Verified,home_improvement,22.49,1,722,52.5,Fully Paid,2026-05-09 03:00:00
11500,36 months,12.79,380.81,C,2 years,RENT,44850.0,Not Verified,car,22.77,0,701,43.63,Fully Paid,2026-03-18 06:00:00
32900,36 months,18.01,1156.83,E,7 years,MORTGAGE,107433.0,Not Verified,medical,14.88,0,686,41.67,Fully Paid,2026-04-03 23:00:00
40000,36 months,15.25,1333.35,B,8 years,MORTGAGE,58800.0,Verified,debt_consolidation,16.21,0,714,47.0,Fully Paid,2026-04-13 14:00:00
7500,60 months,18.95,180.2,C,10+ years,MORTGAGE,39121.0,Source Verified,credit_card,36.05,0,664,72.17,Charged Off,2026-04-26 09:00:00
4200,36 months,14.02,132.62,B,< 1 year,RENT,137362.0,Source Verified,credit_card,15.37,0,740,48.83,Fully Paid,2026-05-19 17:00:00
19500,36 months,20.03,676.26,C,< 1 year,OWN,43225.0,Verified,credit_card,17.25,0,688,76.07,Fully Paid,2026-05-15 14:00:00
9400,36 months,20.63,326.45,E,< 1 year,RENT,74000.0,Verified,debt_consolidation,13.24,0,687,49.53,Charged Off,2026-05-18 01:00:00
15400,36 months,11.61,508.64,C,1 year,RENT,89600.0,Verified,credit_card,16.43,0,701,96.6,Charged Off,2026-03-03 02:00:00
10900,36 months,21.0,405.08,E,10+ years,MORTGAGE,80788.0,Verified,debt_consolidation,20.52,0,675,91.03,Charged Off,2026-03-22 21:00:00
8100,36 months,14.27,266.22,B,10+ years,RENT,114975.0,Source Verified,debt_consolidation,15.94,1,722,81.2,Charged Off,2026-04-18 20:00:00
5900,36 months,13.19,199.33,C,7 years,RENT,55800.0,Source Verified,small_business,18.25,0,694,12.0,Charged Off,2026-03-03 13:00:00
16500,60 months,19.74,416.66,D,9 years,RENT,51883.0,Source Verified,debt_consolidation,16.63,0,696,77.67,Fully Paid,2026-03-30 21:00:00
13200,36 months,22.94,507.12,F,1 year,RENT,116325.0,Source Verified,credit_card,7.42,0,670,63.47,Fully Paid,2026-03-14 16:00:00
8600,60 months,23.68,219.23,E,10+ years,OWN,76698.0,Source Verified,credit_card,24.14,0,687,37.83,Fully Paid,2026-05-24 22:00:00
8900,36 months,22.01,339.94,E,4 years,RENT,92700.0,Source Verified,other,14.81,0,670,19.2,Fully Paid,2026-03-03 04:00:00
9100,60 months,11.05,195.82,B,4 years,MORTGAGE,11750.0,Not Verified,debt_consolidation,7.47,0,722,58.57,Charged Off,2026-03-13 15:00:00
30500,36 months,14.26,1031.49,C,< 1 year,RENT,85675.0,Verified,credit_card,10.93,0,707,46.93,Fully Paid,2026-03-17 23:00:00
21400,36 months,18.55,774.2,E,10+ years,MORTGAGE,80096.0,Source Verified,credit_card,15.86,0,667,44.37,Fully Paid,2026-03-14 05:00:00
17000,36 months,10.57,529.35,A,10+ years,MORTGAGE,46375.0,Not Verified,credit_card,11.13,1,736,26.7,Fully Paid,2026-04-15 22:00:00
5200,36 months,19.7,187.21,D,4 years,MORTGAGE,126042.0,Not Verified,debt_consolidation,13.07,0,679,69.57,Fully Paid,2026-03-30 21:00:00
12100,36 months,10.55,365.64,A,10+ years,RENT,98325.0,Not Verified,credit_card,20.4,1,740,57.37,Fully Paid,2026-05-13 06:00:00
8000,36 months,10.97,256.15,C,,MORTGAGE,60844.0,Source Verified,debt_consolidation,32.91,1,721,68.9,Fully Paid,2026-03-26 18:00:00
39200,36 months,13.86,1280.76,B,5 years,MORTGAGE,53900.0,Verified,debt_consolidation,30.86,0,717,33.1,Fully Paid,2026-04-18 14:00:00
15100,36 months,17.9,519.02,D,7 years,OTHER,113775.0,Not Verified,credit_card,9.84,1,715,66.27,Fully Paid,2026-04-20 03:00:00
14200,36 months,15.36,470.69,B,2 years,MORTGAGE,87808.0,Source Verified,debt_consolidation,12.47,0,718,74.87,Fully Paid,2026-04-26 16:00:00
9400,36 months,23.45,344.33,D,3 years,MORTGAGE,47612.0,Not Verified,home_improvement,32.13,0,678,73.6,Fully Paid,2026-05-08 13:00:00
10700,36 months,8.19,331.32,B,9 years,MORTGAGE,94396.0,Verified,other,13.62,1,739,50.23,Fully Paid,2026-03-22 03:00:00
9100,36 months,12.8,292.78,B,10+ years,MORTGAGE,50838.0,Not Verified,small_business,25.29,0,703,71.5,Fully Paid,2026-04-19 12:00:00
11900,36 months,12.6,373.45,B,7 years,MORTGAGE,42169.0,Source Verified,debt_consolidation,28.93,0,742,49.9,Fully Paid,2026-05-05 01:00:00
8500,36 months,20.95,298.62,E,2 years,RENT,47421.0,Verified,debt_consolidation,3.93,0,670,54.67,Fully Paid,2026-05-11 15:00:00
2600,36 months,16.46,87.55,C,2 years,MORTGAGE,115398.0,Verified,home_improvement,21.69,0,667,68.77,Fully Paid,2026-04-25 10:00:00
29500,60 months,14.34,639.05,B,1 year,MORTGAGE,19817.0,Verified,small_business,6.68,0,732,73.37,Fully Paid,2026-04-21 07:00:00
14000,60 months,20.16,334.24,C,10+ years,MORTGAGE,63175.0,Verified,credit_card,20.03,0,691,81.87,Fully Paid,2026-05-12 00:00:00
12100,36 months,19.14,423.25,C,< 1 year,RENT,39719.0,Source Verified,medical,9.66,0,688,22.47,Fully Paid,2026-04-23 06:00:00
24700,36 months,12.72,765.15,A,10+ years,RENT,69683.0,Source Verified,credit_card,9.9,0,748,102.93,Fully Paid,2026-05-24 09:00:00
19800,36 months,8.31,618.73,A,6 years,MORTGAGE,57575.0,Verified,debt_consolidation,4.47,0,761,57.57,Fully Paid,2026-03-14 13:00:00
17000,36 months,14.03,564.89,C,10+ years,MORTGAGE,39875.0,Not Verified,debt_consolidation,19.47,0,733,56.47,Fully Paid,2026-04-02 15:00:00
19400,36 months,16.78,684.73,E,10+ years,RENT,79215.0,Source Verified,debt_consolidation,13.84,2,676,45.77,Charged Off,2026-03-10 09:00:00
24200,36 months,7.01,741.82,A,5 years,MORTGAGE,112506.0,Verified,other,17.48,0,756,43.37,Fully Paid,2026-03-11 08:00:00
14700,36 months,25.41,568.34,E,10+ years,MORTGAGE,22844.0,Not Verified,debt_consolidation,12.64,0,690,80.93,Fully Paid,2026-04-10 19:00:00
14500,60 months,10.01,301.07,A,10+ years,MORTGAGE,73504.0,Not Verified,debt_consolidation,21.17,0,752,,Fully Paid,2026-03-17 02:00:00
7300,60 months,13.37,160.07,B,5 years,OTHER,123842.0,Source Verified,debt_consolidation,6.18,0,692,33.27,Fully Paid,2026-04-02 16:00:00
24200,60 months,24.38,666.73,E,9 years,RENT,67098.0,Verified,debt_consolidation,22.38,0,668,54.63,Charged Off,2026-04-06 01:00:00
15400,36 months,11.38,481.73,B,2 years,RENT,45015.0,Not Verified,debt_consolidation,27.61,0,712,38.77,Charged Off,2026-04-22 06:00:00
22700,36 months,12.63,702.26,A,4 years,RENT,22277.0,Not Verified,major_purchase,15.01,0,755,92.73,Fully Paid,2026-05-19 17:00:00
7400,36 months,12.37,229.74,A,2 years,MORTGAGE,95238.0,Verified,debt_consolidation,21.05,1,740,46.87,Fully Paid,2026-05-15 18:00:00
16100,36 months,16.65,555.36,C,5 years,RENT,177375.0,Source Verified,debt_consolidation,6.38,0,683,18.47,Fully Paid,2026-04-05 09:00:00
12900,36 months,22.43,485.54,E,10+ years,MORTGAGE,73594.0,Verified,debt_consolidation,26.6,0,653,72.9,Fully Paid,2026-03-24 00:00:00
11500,36 months,14.86,373.02,C,1 year,OWN,47694.0,Verified,debt_consolidation,25.52,1,719,70.9,Charged Off,2026-05-09 13:00:00
3600,36 months,19.81,132.53,D,< 1 year,MORTGAGE,124354.0,Not Verified,credit_card,24.91,0,681,59.57,Fully Paid,2026-03-13 14:00:00
12900,36 months,16.64,438.64,C,4 years,RENT,38500.0,Verified,major_purchase,13.8,1,710,52.2,Fully Paid,2026-04-19 18:00:00
4900,36 months,9.33,150.92,A,10+ years,RENT,60469.0,Verified,debt_consolidation,16.47,0,745,71.43,Fully Paid,2026-04-12 09:00:00
8400,36 months,9.74,266.1,B,3 years,MORTGAGE,188888.0,Source Verified,debt_consolidation,17.06,1,717,51.43,Fully Paid,2026-03-16 16:00:00
12700,60 months,18.68,303.33,C,6 years,MORTGAGE,35192.0,Not Verified,credit_card,25.86,0,681,53.17,Fully Paid,2026-04-25 04:00:00
17200,36 months,17.8,607.25,D,10+ years,RENT,38625.0,Verified,debt_consolidation,9.41,0,683,20.7,Charged Off,2026-03-27 03:00:00
24600,36 months,7.65,755.65,A,2 years,RENT,44275.0,Not Verified,credit_card,17.0,1,734,42.23,Fully Paid,2026-03-16 18:00:00
8800,60 months,23.82,234.72,F,10+ years,RENT,55692.0,Verified,home_improvement,11.48,0,689,67.67,Charged Off,2026-04-21 19:00:00
8300,60 months,6.9,160.08,A,10+ years,MORTGAGE,34692.0,Verified,debt_consolidation,20.03,1,714,64.83,Fully Paid,2026-03-22 11:00:00
18700,36 months,22.53,681.03,E,10+ years,MORTGAGE,73250.0,Source Verified,credit_card,26.87,0,670,92.63,Charged Off,2026-04-30 19:00:00
9100,36 months,12.18,300.86,C,8 years,MORTGAGE,68346.0,Not Verified,credit_card,20.11,0,714,30.67,Fully Paid,2026-03-11 08:00:00
21900,36 months,12.98,711.6,B,3 years,OWN,79192.0,Verified,debt_consolidation,29.53,1,712,19.53,Fully Paid,2026-04-08 05:00:00
10000,60 months,14.28,211.39,C,,MORTGAGE,43956.0,Not Verified,debt_consolidation,22.66,1,702,67.9,Fully Paid,2026-05-09 20:00:00
12300,60 months,12.09,267.98,B,10+ years,RENT,103021.0,Not Verified,debt_consolidation,7.94,0,727,85.53,Fully Paid,2026-03-17 23:00:00
40000,36 months,17.56,1348.91,D,4 years,MORTGAGE,216856.0,Verified,debt_consolidation,8.4,0,695,54.6,Fully Paid,2026-05-05 02:00:00
9900,36 months,14.93,323.79,B,10+ years,RENT,85583.0,Source Verified,debt_consolidation,24.14,2,726,32.63,Fully Paid,2026-05-01 00:00:00
15400,36 months,19.2,527.83,C,2 years,OTHER,62067.0,Not Verified,debt_consolidation,12.98,0,674,56.87,Fully Paid,2026-05-17 22:00:00
11400,60 months,15.23,266.62,D,10+ years,OWN,32583.0,Verified,debt_consolidation,4.12,1,702,54.63,Fully Paid,2026-03-17 06:00:00
25000,60 months,21.1,622.66,D,8 years,MORTGAGE,72417.0,Source Verified,debt_consolidation,3.87,0,684,41.13,Charged Off,2026-04-28 18:00:00
12500,60 months,16.03,268.86,B,10+ years,RENT,40083.0,Not Verified,credit_card,11.63,0,711,50.23,Fully Paid,2026-05-21 06:00:00
17900,60 months,14.71,382.17,C,7 years,RENT,55006.0,Source Verified,credit_card,22.46,1,720,80.6,Fully Paid,2026-05-05 09:00:00
12500,36 months,16.06,433.68,D,4 years,RENT,70342.0,Verified,debt_consolidation,20.81,0,691,86.83,Fully Paid,2026-03-20 13:00:00
10500,36 months,11.52,324.31,B,7 years,RENT,35994.0,Not Verified,debt_consolidation,15.83,0,739,55.8,Fully Paid,2026-05-05 18:00:00
27000,36 months,15.04,929.89,D,10+ years,MORTGAGE,68933.0,Not Verified,debt_consolidation,15.14,0,678,57.57,Fully Paid,2026-03-09 21:00:00
6500,36 months,10.36,200.29,B,4 years,MORTGAGE,30921.0,Source Verified,debt_consolidation,23.58,1,732,102.77,Charged Off,2026-04-21 19:00:00
9800,36 months,15.55,330.44,C,5 years,MORTGAGE,15677.0,Verified,major_purchase,9.94,0,700,60.73,Fully Paid,2026-04-12 12:00:00
15100,60 months,12.36,316.1,B,< 1 year,MORTGAGE,45325.0,Verified,debt_consolidation,13.29,1,729,43.7,Fully Paid,2026-04-19 13:00:00
13100,36 months,16.15,442.34,C,2 years,MORTGAGE,35175.0,Verified,debt_consolidation,18.36,0,707,43.1,Fully Paid,2026-04-16 12:00:00
7400,60 months,7.22,147.3,A,10+ years,MORTGAGE,67100.0,Not Verified,debt_consolidation,18.02,0,733,26.5,Fully Paid,2026-03-04 19:00:00
9600,36 months,18.11,333.3,C,,MORTGAGE,37450.0,Not Verified,debt_consolidation,18.23,0,695,64.0,Charged Off,2026-04-18 17:00:00
8200,60 months,18.02,184.57,D,5 years,RENT,45633.0,Not Verified,debt_consolidation,11.94,0,699,37.23,Fully Paid,2026-05-19 08:00:00
7700,36 months,29.05,312.5,G,3 years,MORTGAGE,36550.0,Source Verified,credit_card,27.05,0,664,61.83,Fully Paid,2026-04-10 13:00:00
32200,60 months,11.41,682.73,B,9 years,OWN,67219.0,Not Verified,debt_consolidation,9.24,0,721,16.2,Fully Paid,2026-03-27 18:00:00
9600,60 months,20.76,229.7,D,6 years,RENT,55269.0,Verified,debt_consolidation,13.11,0,681,62.53,Fully Paid,2026-05-22 23:00:00
19000,36 months,7.53,586.93,A,,RENT,49252.0,Verified,debt_consolidation,24.77,0,748,80.37,Fully Paid,2026-03-10 12:00:00
8000,60 months,16.09,184.45,D,10+ years,MORTGAGE,97646.0,Not Verified,debt_consolidation,15.58,1,690,48.13,Fully Paid,2026-04-11 00:00:00
11400,36 months,9.9,351.48,A,10+ years,MORTGAGE,34562.0,Not Verified,debt_consolidation,10.71,0,739,61.5,Fully Paid,2026-04-17 06:00:00
11300,60 months,18.98,277.68,D,< 1 year,MORTGAGE,244294.0,Source Verified,debt_consolidation,13.62,0,696,55.63,Fully Paid,2026-04-12 03:00:00
10800,36 months,11.8,330.03,B,10+ years,MORTGAGE,201650.0,Not Verified,debt_consolidation,16.44,0,739,52.13,Fully Paid,2026-05-19 05:00:00
5900,60 months,12.58,125.59,C,10+ years,MORTGAGE,13617.0,Not Verified,major_purchase,16.98,0,712,80.53,Fully Paid,2026-04-10 07:00:00
7900,36 months,17.05,260.7,C,8 years,RENT,28444.0,Not Verified,home_improvement,20.23,0,710,56.33,Fully Paid,2026-05-23 19:00:00
15900,36 months,12.2,529.63,B,2 years,MORTGAGE,91400.0,Source Verified,debt_consolidation,11.35,0,698,70.2,Fully Paid,2026-03-03 22:00:00
13600,36 months,15.15,446.21,B,,MORTGAGE,24250.0,Source Verified,home_improvement,29.98,0,709,39.73,Fully Paid,2026-05-02 04:00:00
20100,36 months,15.28,665.5,D,6 years,MORTGAGE,30665.0,Verified,credit_card,17.94,1,692,34.87,Fully Paid,2026-04-20 16:00:00
6100,36 months,11.33,197.78,B,9 years,OWN,56254.0,Verified,credit_card,12.15,0,693,45.13,Fully Paid,2026-03-21 00:00:00
12200,60 months,14.03,277.77,C,2 years,OTHER,60088.0,Not Verified,credit_card,14.82,0,715,73.43,Fully Paid,2026-03-20 05:00:00
14200,60 months,10.21,275.91,A,10+ years,MORTGAGE,45083.0,Verified,debt_consolidation,4.28,0,715,71.13,Fully Paid,2026-04-28 08:00:00
18000,36 months,10.65,557.02,A,1 year,MORTGAGE,114800.0,Not Verified,debt_consolidation,33.41,1,774,54.57,Fully Paid,2026-04-20 11:00:00
4300,36 months,10.82,133.4,A,10+ years,MORTGAGE,52446.0,Verified,credit_card,15.51,0,743,36.97,Fully Paid,2026-04-25 05:00:00
9300,36 months,13.13,313.94,C,4 years,OWN,53800.0,Source Verified,debt_consolidation,20.66,1,699,91.7,Fully Paid,2026-03-03 16:00:00
30800,36 months,11.19,960.76,B,8 years,MORTGAGE,32544.0,Not Verified,debt_consolidation,36.82,0,718,41.87,Fully Paid,2026-04-23 11:00:00
16000,60 months,16.96,351.56,B,1 year,MORTGAGE,89031.0,Verified,debt_consolidation,13.23,2,693,93.13,Fully Paid,2026-05-18 10:00:00
4200,36 months,17.9,151.63,D,4 years,MORTGAGE,59100.0,Not Verified,debt_consolidation,26.23,1,695,67.3,Charged Off,2026-03-08 17:00:00
9600,36 months,8.92,293.88,A,10+ years,MORTGAGE,66202.0,Verified,major_purchase,16.49,0,728,70.33,Fully Paid,2026-04-09 20:00:00
25500,36 months,17.86,888.47,D,5 years,MORTGAGE,101050.0,Verified,credit_card,17.76,0,705,66.03,Fully Paid,2026-04-12 12:00:00
7500,36 months,19.95,259.81,D,< 1 year,RENT,25650.0,Verified,home_improvement,17.41,1,716,73.87,Charged Off,2026-05-12 02:00:00
9200,36 months,12.7,302.07,B,4 years,MORTGAGE,244688.0,Not Verified,debt_consolidation,23.17,2,717,62.1,Charged Off,2026-03-24 10:00:00
16700,36 months,19.51,595.48,D,,MORTGAGE,10750.0,Not Verified,debt_consolidation,19.95,0,693,95.33,Charged Off,2026-04-10 06:00:00
12300,60 months,14.99,267.37,B,10+ years,RENT,76917.0,Source Verified,home_improvement,45.09,0,688,92.93,Fully Paid,2026-05-01 05:00:00
7100,60 months,11.4,155.79,C,5 years,MORTGAGE,53600.0,Verified,debt_consolidation,13.26,1,702,89.1,Charged Off,2026-03-07 12:00:00
15800,60 months,25.75,429.67,E,1 year,RENT,58581.0,Not Verified,debt_consolidation,6.91,0,665,27.9,Charged Off,2026-05-10 11:00:00
11100,60 months,16.23,245.4,C,,RENT,73612.0,Not Verified,debt_consolidation,17.75,0,731,76.7,Fully Paid,2026-05-09 18:00:00
9400,60 months,17.22,214.94,C,10+ years,MORTGAGE,53417.0,Not Verified,debt_consolidation,31.93,0,689,72.23,Fully Paid,2026-04-27 23:00:00
18100,60 months,24.39,488.55,E,2 years,MORTGAGE,45698.0,Source Verified,credit_card,21.04,1,659,80.77,Fully Paid,2026-04-22 04:00:00
9400,36 months,14.8,306.85,C,4 years,RENT,24333.0,Verified,debt_consolidation,20.53,0,724,27.23,Fully Paid,2026-05-03 09:00:00
11900,36 months,18.16,404.75,C,4 years,RENT,54194.0,Source Verified,debt_consolidation,19.5,0,695,102.1,Fully Paid,2026-05-07 20:00:00
11900,36 months,20.14,413.33,C,3 years,MORTGAGE,121917.0,Not Verified,debt_consolidation,41.96,1,691,58.27,Charged Off,2026-05-17 01:00:00
21700,60 months,15.07,488.98,D,10+ years,MORTGAGE,70054.0,Source Verified,home_improvement,18.65,1,677,41.03,Fully Paid,2026-04-09 22:00:00
11400,60 months,17.0,268.22,E,3 years,OTHER,51869.0,Not Verified,debt_consolidation,15.06,0,701,47.23,Fully Paid,2026-04-06 08:00:00
14400,36 months,20.58,513.97,D,10+ years,MORTGAGE,53300.0,Not Verified,home_improvement,17.68,0,671,31.57,Fully Paid,2026-04-23 07:00:00
9300,36 months,15.3,319.21,C,< 1 year,RENT,90083.0,Verified,debt_consolidation,13.28,0,689,31.83,Fully Paid,2026-03-21 18:00:00
25200,60 months,24.23,656.9,D,,RENT,26125.0,Not Verified,debt_consolidation,19.94,0,670,51.37,Charged Off,2026-05-15 14:00:00
15000,60 months,11.57,297.51,A,,OWN,76862.0,Source Verified,debt_consolidation,20.27,1,747,68.7,Charged Off,2026-05-04 22:00:00
22800,36 months,13.08,731.2,B,10+ years,OWN,195946.0,Verified,debt_consolidation,18.48,0,715,25.07,Fully Paid,2026-04-21 11:00:00
20600,60 months,11.9,441.75,C,3 years,MORTGAGE,118031.0,Source Verified,debt_consolidation,37.01,0,702,83.4,Fully Paid,2026-03-28 23:00:00
7500,36 months,17.68,262.49,D,10+ years,RENT,111283.0,Verified,debt_consolidation,23.76,0,654,95.27,Fully Paid,2026-04-05 20:00:00
4700,36 months,26.5,184.39,F,6 years,RENT,49898.0,Not Verified,debt_consolidation,33.17,0,673,39.23,Charged Off,2026-04-11 06:00:00
9800,60 months,24.32,264.13,E,3 years,MORTGAGE,51165.0,Not Verified,medical,11.68,0,687,72.37,Fully Paid,2026-04-20 16:00:00
